date,temperature_2m_max,temperature_2m_min,apparent_temperature_mean,wind_speed_10m_max,wind_direction_10m_dominant,snowfall_sum,precipitation_hours,precipitation_sum,rain_sum,weather_code,temperature_2m_mean
2015-04-01 04:00:00+00:00,12.374499,-2.3255,1.8458614,13.138765,250.97432,0.0,0.0,0.0,0.0,3.0,4.989083
2015-04-02 04:00:00+00:00,20.1245,2.5744998,7.925922,21.603,195.12555,0.0,8.0,6.2,6.2,61.0,10.849499
2015-04-03 04:00:00+00:00,17.174501,7.0245004,13.514916,21.868332,258.64035,0.0,23.0,33.7,33.7,63.0,13.899502
2015-04-04 04:00:00+00:00,8.9745,0.6745,1.0453068,19.95972,291.9443,0.14,5.0,2.2,2.1000001,71.0,5.2245
2015-04-05 04:00:00+00:00,16.0245,2.6745,4.3971543,21.288757,236.1669,0.0,0.0,0.0,0.0,3.0,8.639083
2015-04-06 04:00:00+00:00,19.8745,3.1745,8.37847,14.799459,208.05342,0.0,5.0,3.0,3.0,53.0,11.089084
2015-04-07 04:00:00+00:00,19.074501,9.9745,14.08705,8.473393,148.91254,0.0,21.0,7.9999995,7.9999995,55.0,13.995334
2015-04-08 04:00:00+00:00,20.5245,12.4745,15.462395,15.986595,174.36078,0.0,18.0,13.3,13.3,61.0,15.412
2015-04-09 04:00:00+00:00,24.5245,14.374499,17.964705,17.581125,174.17052,0.0,12.0,14.500002,14.500002,63.0,17.628668
2015-04-10 04:00:00+00:00,18.6245,10.5245,13.531143,26.400545,222.98334,0.0,11.0,14.2,14.2,63.0,15.599502
2015-04-11 04:00:00+00:00,14.0245,6.0245004,6.127176,21.647945,299.7448,0.0,0.0,0.0,0.0,3.0,9.9765835
2015-04-12 04:00:00+00:00,19.7745,2.9245,9.474358,10.829959,156.41069,0.0,0.0,0.0,0.0,3.0,11.424499
2015-04-13 04:00:00+00:00,25.674501,9.624499,14.87806,22.86496,202.19035,0.0,2.0,1.5,1.5,53.0,16.812002
2015-04-14 04:00:00+00:00,15.874499,10.2745,10.880805,13.363711,25.196161,0.0,2.0,0.70000005,0.70000005,51.0,13.026584
2015-04-15 04:00:00+00:00,17.2745,6.2245,8.098924,13.441071,53.49848,0.0,0.0,0.0,0.0,3.0,11.430751
2015-04-16 04:00:00+00:00,14.874499,8.3745,8.057334,16.418526,135.68315,0.0,8.0,4.1,4.1,53.0,11.095333
2015-04-17 04:00:00+00:00,20.7245,10.8245,13.652093,13.441071,257.94757,0.0,8.0,1.9000002,1.9000002,53.0,14.447417
2015-04-18 04:00:00+00:00,23.924501,7.6745,15.004277,14.494192,353.79147,0.0,0.0,0.0,0.0,3.0,16.118248
2015-04-19 04:00:00+00:00,20.0245,9.9244995,10.774852,22.104116,108.4521,0.0,6.0,6.1,6.1,61.0,14.026584
2015-04-20 04:00:00+00:00,21.4745,10.4244995,13.019245,25.1614,196.23012,0.0,14.0,12.6,12.6,63.0,15.137
2015-04-21 04:00:00+00:00,13.9745,7.2245,6.1951795,31.018547,243.18416,0.0,1.0,0.1,0.1,51.0,10.837001
2015-04-22 04:00:00+00:00,10.0745,4.0745,3.1857035,25.922499,259.895,0.14,9.0,4.6,4.3999996,71.0,7.326584
2015-04-23 04:00:00+00:00,7.9745,1.6245,-0.37313327,25.96496,285.4872,0.0,3.0,0.4,0.4,51.0,4.557834
2015-04-24 04:00:00+00:00,11.874499,-0.6255,1.2232827,20.929594,300.72388,0.0,0.0,0.0,0.0,3.0,5.2474165
2015-04-25 04:00:00+00:00,12.0745,1.7245,3.2515323,8.161764,64.75698,0.7,7.0,2.1,1.1,73.0,6.1995006
2015-04-26 04:00:00+00:00,15.0245,3.2245,5.4535756,16.516901,5.9399195,0.0,0.0,0.0,0.0,3.0,8.787001
2015-04-27 04:00:00+00:00,9.4745,2.0745,2.2987432,20.88,314.27594,0.0,2.0,0.4,0.4,51.0,6.197417
2015-04-28 04:00:00+00:00,16.1745,3.3745,7.093304,11.019764,325.39197,0.0,0.0,0.0,0.0,3.0,9.609917
2015-04-29 04:00:00+00:00,19.424501,4.0745,10.45745,15.03835,340.30487,0.0,0.0,0.0,0.0,3.0,11.887001
2015-04-30 04:00:00+00:00,16.5245,6.9745,9.948265,11.841756,349.816,0.0,14.0,11.500001,11.500001,63.0,11.351582
2015-05-01 04:00:00+00:00,18.7745,7.1245003,10.55386,16.808569,345.01718,0.0,4.0,2.5,2.5,55.0,12.647415
2015-05-02 04:00:00+00:00,21.5245,6.1745,12.534959,11.988594,312.5263,0.0,0.0,0.0,0.0,3.0,14.014084
2015-05-03 04:00:00+00:00,23.324501,10.3245,15.273334,10.703569,218.11832,0.0,0.0,0.0,0.0,3.0,16.276585
2015-05-04 04:00:00+00:00,25.9745,11.3245,17.320538,17.884428,219.97734,0.0,0.0,0.0,0.0,3.0,18.274502
2015-05-05 04:00:00+00:00,23.6245,13.6744995,19.979166,6.696387,233.13007,0.0,9.0,2.7000003,2.7000003,53.0,18.5995
2015-05-06 04:00:00+00:00,26.674501,12.7745,20.967402,9.449572,48.221153,0.0,0.0,0.0,0.0,3.0,19.657831
2015-05-07 04:00:00+00:00,27.824501,12.2745,22.376402,9.178235,73.838585,0.0,0.0,0.0,0.0,1.0,20.637
2015-05-08 04:00:00+00:00,29.7745,14.5745,23.524109,10.195057,160.72462,0.0,0.0,0.0,0.0,3.0,22.157831
2015-05-09 04:00:00+00:00,29.574501,17.3745,24.284876,13.049689,169.71182,0.0,0.0,0.0,0.0,3.0,23.149504
2015-05-10 04:00:00+00:00,29.4745,18.1245,24.852137,13.698934,189.95953,0.0,1.0,0.2,0.2,51.0,23.732832
2015-05-11 04:00:00+00:00,30.6245,18.5245,25.106615,17.072504,202.43378,0.0,2.0,1.1,1.1,53.0,23.714083
2015-05-12 04:00:00+00:00,22.674501,14.6744995,18.124626,25.86494,257.83057,0.0,5.0,3.3,3.3,55.0,19.218248
2015-05-13 04:00:00+00:00,13.9745,9.5245,8.294088,18.892282,317.86703,0.0,0.0,0.0,0.0,3.0,11.682834
2015-05-14 04:00:00+00:00,20.2745,5.6745,11.532256,10.105681,71.81086,0.0,0.0,0.0,0.0,3.0,13.08075
2015-05-15 04:00:00+00:00,25.924501,12.874499,17.950869,12.879752,179.57164,0.0,4.0,2.1999998,2.1999998,55.0,18.712
2015-05-16 04:00:00+00:00,26.824501,18.0245,22.48734,14.186923,221.29527,0.0,2.0,0.8,0.8,53.0,21.09325
2015-05-17 04:00:00+00:00,25.8745,18.1245,23.49196,9.793058,194.71867,0.0,15.0,5.4999995,5.4999995,53.0,21.005753
2015-05-18 04:00:00+00:00,27.424501,18.5245,24.047264,12.413477,222.55931,0.0,7.0,8.5,8.5,63.0,21.93075
2015-05-19 04:00:00+00:00,24.6245,13.4745,20.32606,18.584509,277.96326,0.0,0.0,0.0,0.0,3.0,20.014082
2015-05-20 04:00:00+00:00,14.5245,10.0245,9.611074,14.081477,336.31787,0.0,0.0,0.0,0.0,3.0,12.166165
2015-05-21 04:00:00+00:00,13.374499,7.8245,8.180115,10.464797,1.9625777,0.0,6.0,1.9000001,1.9000001,53.0,10.430749
2015-05-22 04:00:00+00:00,19.3745,7.1245003,10.189724,19.083395,281.58792,0.0,2.0,0.9,0.9,53.0,13.014084
2015-05-23 04:00:00+00:00,21.6245,6.0745,12.771061,7.7043357,168.21529,0.0,0.0,0.0,0.0,1.0,14.307834
2015-05-24 04:00:00+00:00,26.924501,10.374499,18.19005,10.440001,175.74625,0.0,0.0,0.0,0.0,2.0,19.034916
2015-05-25 04:00:00+00:00,28.424501,15.7245,21.471504,19.8,198.93398,0.0,0.0,0.0,0.0,3.0,21.937002
2015-05-26 04:00:00+00:00,26.8745,19.174501,23.141699,15.137133,184.85449,0.0,6.0,4.7999997,4.7999997,55.0,22.05575
2015-05-27 04:00:00+00:00,26.824501,19.3745,23.776678,16.199999,211.36433,0.0,9.0,4.3999996,4.3999996,61.0,22.614084
2015-05-28 04:00:00+00:00,27.074501,18.324501,23.95358,11.753876,335.1974,0.0,0.0,0.0,0.0,3.0,22.628668
2015-05-29 04:00:00+00:00,30.2745,17.324501,24.241829,12.7279215,145.13484,0.0,3.0,1.0,1.0,51.0,23.58075
2015-05-30 04:00:00+00:00,28.3745,19.9745,25.476309,15.408671,198.67377,0.0,1.0,0.2,0.2,51.0,24.016165
2015-05-31 04:00:00+00:00,29.824501,17.7745,24.554123,18.214718,213.33223,0.0,5.0,3.6,3.6,55.0,23.074501
2015-06-01 04:00:00+00:00,19.2745,12.374499,13.860278,12.55879,335.68558,0.0,0.0,0.0,0.0,3.0,14.889084
2015-06-02 04:00:00+00:00,19.574501,12.8245,14.237602,10.30883,47.33544,0.0,2.0,0.70000005,0.70000005,51.0,15.122417
2015-06-03 04:00:00+00:00,21.824501,12.4244995,16.577854,12.768586,99.215645,0.0,0.0,0.0,0.0,3.0,17.3995
2015-06-04 04:00:00+00:00,25.2745,13.874499,19.077023,11.91812,117.403854,0.0,0.0,0.0,0.0,3.0,19.057833
2015-06-05 04:00:00+00:00,27.324501,14.9745,22.361704,10.30883,111.274994,0.0,1.0,0.2,0.2,51.0,21.151585
2015-06-06 04:00:00+00:00,25.7245,16.7245,20.420578,14.512064,14.537747,0.0,0.0,0.0,0.0,3.0,20.382833
2015-06-07 04:00:00+00:00,29.6245,13.9745,21.815262,17.0763,182.49751,0.0,1.0,0.4,0.4,51.0,22.416168
2015-06-08 04:00:00+00:00,26.9745,19.4745,23.680695,24.703974,215.11063,0.0,13.0,9.000001,9.000001,61.0,23.134916
2015-06-09 04:00:00+00:00,23.6245,17.324501,20.367813,19.083395,258.41583,0.0,11.0,6.7999997,6.7999997,63.0,20.203667
2015-06-10 04:00:00+00:00,30.1245,15.3245,23.208809,18.391737,216.00699,0.0,0.0,0.0,0.0,3.0,22.905748
2015-06-11 04:00:00+00:00,32.1245,19.9745,27.12895,16.92383,232.14462,0.0,3.0,1.6999999,1.6999999,53.0,25.414085
2015-06-12 04:00:00+00:00,32.1745,20.324501,27.745848,20.991426,219.86287,0.0,3.0,0.9,0.9,53.0,25.866167
2015-06-13 04:00:00+00:00,27.5245,20.7745,27.664137,10.182337,251.30684,0.0,19.0,7.6000004,7.6000004,53.0,23.81825
2015-06-14 04:00:00+00:00,30.824501,20.924501,28.268616,12.245293,217.75912,0.0,14.0,5.7000003,5.7000003,61.0,24.86825
2015-06-15 04:00:00+00:00,27.074501,21.2245,26.488077,15.137133,239.7746,0.0,19.0,28.199999,28.199999,63.0,23.041168
2015-06-16 04:00:00+00:00,26.8745,19.5245,25.074594,18.0036,280.40558,0.0,11.0,7.7999997,7.7999997,61.0,22.8995
2015-06-17 04:00:00+00:00,22.3745,14.2245,20.242899,10.805999,84.5769,0.0,0.0,0.0,0.0,3.0,19.25575
2015-06-18 04:00:00+00:00,27.8745,18.7745,24.74804,15.158522,243.59058,0.0,17.0,12.799999,12.799999,63.0,22.218248
2015-06-19 04:00:00+00:00,25.3745,19.9745,24.327011,13.207634,269.99997,0.0,12.0,3.5,3.5,53.0,21.605751
2015-06-20 04:00:00+00:00,25.3745,18.2245,24.981438,9.178235,93.564545,0.0,9.0,38.9,38.9,65.0,21.91825
2015-06-21 04:00:00+00:00,28.2745,19.674501,25.513588,13.905509,256.2481,0.0,7.0,4.2000003,4.2000003,63.0,22.843252
2015-06-22 04:00:00+00:00,29.5245,18.4745,26.353754,14.332341,225.60663,0.0,0.0,0.0,0.0,3.0,23.887
2015-06-23 04:00:00+00:00,28.424501,19.2245,26.317116,23.0653,253.87608,0.0,5.0,3.6000001,3.6000001,55.0,24.326582
2015-06-24 04:00:00+00:00,25.7245,14.9745,21.95352,8.217153,333.52637,0.0,0.0,0.0,0.0,3.0,20.684916
2015-06-25 04:00:00+00:00,26.174501,16.8745,21.456999,11.753876,173.8171,0.0,5.0,5.2000003,5.2000003,61.0,19.716166
2015-06-26 04:00:00+00:00,24.6245,16.4245,21.868727,11.090103,36.15826,0.0,1.0,0.2,0.2,51.0,20.116165
2015-06-27 04:00:00+00:00,22.174501,16.7245,20.60102,17.84816,144.7788,0.0,23.0,68.2,68.2,65.0,19.41617
2015-06-28 04:00:00+00:00,18.2745,15.0245,14.917727,19.386593,253.1859,0.0,5.0,2.1000001,2.1000001,53.0,16.295334
2015-06-29 04:00:00+00:00,23.8745,13.2745,18.366774,12.24,186.07233,0.0,7.0,3.3,3.3,53.0,17.957834
2015-06-30 04:00:00+00:00,25.1245,16.574501,21.079794,16.870138,214.8867,0.0,14.0,12.799999,12.799999,63.0,19.909918
2015-07-01 04:00:00+00:00,23.924501,17.6245,21.379507,14.799459,248.877,0.0,8.0,1.7000002,1.7000002,51.0,20.24325
2015-07-02 04:00:00+00:00,23.7745,15.4244995,21.327759,10.8955765,5.134422,0.0,2.0,0.4,0.4,51.0,19.99325
2015-07-03 04:00:00+00:00,26.2245,14.2245,21.417536,10.24578,76.357086,0.0,6.0,15.7,15.7,63.0,20.09325
2015-07-04 04:00:00+00:00,26.174501,18.2245,23.388098,10.1887,332.50452,0.0,7.0,20.400003,20.400003,63.0,21.464083
2015-07-05 04:00:00+00:00,27.5245,15.0745,23.60752,9.290511,58.31367,0.0,0.0,0.0,0.0,3.0,21.614084
2015-07-06 04:00:00+00:00,26.2245,19.7245,25.84271,10.587918,134.58586,0.0,10.0,4.1,4.1,61.0,22.522415
2015-07-07 04:00:00+00:00,29.2245,19.6245,26.394487,16.610792,209.54707,0.0,8.0,3.7,3.7,55.0,23.843248
2015-07-08 04:00:00+00:00,22.574501,18.0245,22.908852,13.397612,308.04712,0.0,8.0,6.799999,6.799999,61.0,20.651583
2015-07-09 04:00:00+00:00,26.2245,19.3745,24.532087,20.240198,235.11147,0.0,11.0,10.3,10.3,63.0,22.028664
2015-07-10 04:00:00+00:00,21.824501,18.074501,22.263418,7.24486,312.568,0.0,0.0,0.0,0.0,3.0,19.876583
2015-07-11 04:00:00+00:00,27.324501,16.4245,23.721611,9.19939,354.7888,0.0,0.0,0.0,0.0,3.0,21.820335
2015-07-12 04:00:00+00:00,26.3745,16.3745,23.6359,7.69592,86.347855,0.0,9.0,4.1000004,4.1000004,55.0,21.357834
2015-07-13 04:00:00+00:00,26.674501,18.2245,24.292955,10.086427,135.76381,0.0,12.0,6.7999997,6.7999997,61.0,21.695335
2015-07-14 04:00:00+00:00,23.324501,20.174501,24.480173,14.4,218.21274,0.0,19.0,12.5,12.5,63.0,21.559916
2015-07-15 04:00:00+00:00,24.7745,17.674501,22.786684,16.808569,340.85886,0.0,5.0,1.0,1.0,53.0,21.268251
2015-07-16 04:00:00+00:00,25.324501,13.0245,19.95497,11.013882,63.159595,0.0,0.0,0.0,0.0,3.0,19.205748
2015-07-17 04:00:00+00:00,28.074501,15.7745,24.057215,16.42247,181.8561,0.0,1.0,0.2,0.2,51.0,22.374498
2015-07-18 04:00:00+00:00,29.6245,20.824501,28.077957,13.392774,218.68793,0.0,12.0,8.900001,8.900001,61.0,24.220337
2015-07-19 04:00:00+00:00,29.674501,22.424501,29.854937,11.988594,230.0935,0.0,5.0,1.5999999,1.5999999,53.0,25.63075
2015-07-20 04:00:00+00:00,29.324501,21.8745,28.249243,12.904882,246.00322,0.0,5.0,5.2000003,5.2000003,63.0,24.826584
2015-07-21 04:00:00+00:00,26.924501,18.924501,25.89856,14.773164,308.56262,0.0,2.0,0.5,0.5,51.0,23.328665
2015-07-22 04:00:00+00:00,23.5245,15.6744995,20.39032,11.384198,313.59372,0.0,0.0,0.0,0.0,3.0,20.028666
2015-07-23 04:00:00+00:00,25.2245,15.5745,22.11396,8.350138,27.519793,0.0,0.0,0.0,0.0,3.0,20.807835
2015-07-24 04:00:00+00:00,27.4745,15.0745,23.270391,10.296251,328.44293,0.0,0.0,0.0,0.0,3.0,21.547415
2015-07-25 04:00:00+00:00,28.5245,17.8745,25.885763,9.449572,187.51202,0.0,0.0,0.0,0.0,3.0,23.172419
2015-07-26 04:00:00+00:00,29.824501,19.4745,27.088219,9.227524,234.2109,0.0,5.0,1.7,1.7,53.0,24.00783
2015-07-27 04:00:00+00:00,30.2245,20.1245,28.193525,9.290511,37.253246,0.0,0.0,0.0,0.0,3.0,24.657831
2015-07-28 04:00:00+00:00,31.424501,19.8745,28.660479,11.298495,64.57506,0.0,0.0,0.0,0.0,3.0,25.678665
2015-07-29 04:00:00+00:00,31.424501,20.3745,29.818178,8.766573,156.55191,0.0,0.0,0.0,0.0,3.0,25.85575
2015-07-30 04:00:00+00:00,29.9745,22.074501,27.834837,14.578888,280.82153,0.0,2.0,0.2,0.2,51.0,25.659918
2015-07-31 04:00:00+00:00,29.0245,18.3745,24.181602,14.759999,256.5567,0.0,0.0,0.0,0.0,2.0,23.793251
2015-08-01 04:00:00+00:00,26.924501,19.0245,23.330849,12.429127,272.62012,0.0,0.0,0.0,0.0,2.0,23.047415
2015-08-02 04:00:00+00:00,29.3745,16.824501,23.572838,14.654254,230.78554,0.0,0.0,0.0,0.0,3.0,22.866165
2015-08-03 04:00:00+00:00,27.3745,19.2245,23.444908,15.629971,218.39905,0.0,7.0,5.7999997,5.7999997,63.0,22.539083
2015-08-04 04:00:00+00:00,28.174501,17.4745,23.709938,12.287555,266.91602,0.0,0.0,0.0,0.0,3.0,22.472414
2015-08-05 04:00:00+00:00,26.824501,16.5245,21.673988,14.081477,305.99072,0.0,0.0,0.0,0.0,3.0,21.718248
2015-08-06 04:00:00+00:00,24.674501,15.0745,19.346254,9.659814,55.957172,0.0,2.0,0.5,0.5,51.0,18.9745
2015-08-07 04:00:00+00:00,25.7745,15.2745,21.00377,10.661107,76.01384,0.0,0.0,0.0,0.0,3.0,20.464085
2015-08-08 04:00:00+00:00,27.5245,17.424501,23.916323,10.195057,72.897224,0.0,1.0,0.2,0.2,51.0,22.301588
2015-08-09 04:00:00+00:00,28.3745,18.8745,26.25573,7.127636,57.72435,0.0,0.0,0.0,0.0,3.0,23.936998
2015-08-10 04:00:00+00:00,28.074501,19.174501,25.876907,11.525623,166.11002,0.0,6.0,12.700001,12.700001,63.0,23.509916
2015-08-11 04:00:00+00:00,26.7745,19.674501,24.102846,15.815435,306.02744,0.0,6.0,2.8,2.8,55.0,22.476585
2015-08-12 04:00:00+00:00,24.2245,16.574501,20.01584,14.799459,319.42484,0.0,1.0,0.1,0.1,51.0,20.137
2015-08-13 04:00:00+00:00,25.324501,13.2245,19.633934,8.0899935,265.9276,0.0,0.0,0.0,0.0,3.0,19.391167
2015-08-14 04:00:00+00:00,28.424501,15.4244995,22.73152,8.891344,203.96246,0.0,1.0,0.2,0.2,51.0,21.857834
2015-08-15 04:00:00+00:00,30.424501,17.7745,26.213875,8.913181,217.91489,0.0,0.0,0.0,0.0,3.0,24.039083
2015-08-16 04:00:00+00:00,31.2745,17.824501,27.314043,8.913181,210.62991,0.0,0.0,0.0,0.0,1.0,24.832834
2015-08-17 04:00:00+00:00,31.5245,18.824501,27.385267,9.885262,225.44235,0.0,0.0,0.0,0.0,3.0,25.407835
2015-08-18 04:00:00+00:00,27.2245,19.8745,25.836784,8.942214,155.12242,0.0,13.0,15.400001,15.400001,63.0,22.803665
2015-08-19 04:00:00+00:00,29.824501,20.2745,27.09725,13.722565,171.38159,0.0,0.0,0.0,0.0,3.0,24.276583
2015-08-20 04:00:00+00:00,26.2745,20.1245,24.854057,14.408997,215.56972,0.0,12.0,7.4000006,7.4000006,61.0,23.099503
2015-08-21 04:00:00+00:00,25.674501,15.874499,20.990503,11.720751,303.1546,0.0,0.0,0.0,0.0,3.0,20.768251
2015-08-22 04:00:00+00:00,25.8745,13.874499,19.711178,11.440979,49.25393,0.0,0.0,0.0,0.0,3.0,19.905752
2015-08-23 04:00:00+00:00,28.574501,14.4745,22.067932,11.212135,136.70978,0.0,0.0,0.0,0.0,3.0,21.484917
2015-08-24 04:00:00+00:00,25.924501,19.1245,22.546272,12.224107,258.79608,0.0,0.0,0.0,0.0,3.0,21.964083
2015-08-25 04:00:00+00:00,22.5245,14.124499,17.56084,15.941944,264.51495,0.0,0.0,0.0,0.0,3.0,18.561998
2015-08-26 04:00:00+00:00,20.0245,14.2245,17.290768,8.699793,279.37067,0.0,1.0,0.1,0.1,51.0,17.641165
2015-08-27 04:00:00+00:00,21.674501,14.3245,18.632498,7.289445,323.5808,0.0,2.0,0.2,0.2,51.0,18.355753
2015-08-28 04:00:00+00:00,26.2745,14.624499,20.919722,7.342588,64.84466,0.0,0.0,0.0,0.0,3.0,20.38075
2015-08-29 04:00:00+00:00,28.674501,13.874499,22.963638,9.3669195,182.23114,0.0,0.0,0.0,0.0,3.0,21.839083
2015-08-30 04:00:00+00:00,29.174501,18.3745,25.247126,10.990322,213.52933,0.0,1.0,0.2,0.2,51.0,23.453667
2015-08-31 04:00:00+00:00,30.174501,19.5245,26.66523,9.0,245.48036,0.0,1.0,0.2,0.2,51.0,24.409918
2015-09-01 04:00:00+00:00,31.074501,18.924501,27.907219,6.9899354,269.28827,0.0,0.0,0.0,0.0,3.0,25.126585
2015-09-02 04:00:00+00:00,31.074501,20.0245,28.18178,8.766573,259.31512,0.0,1.0,0.1,0.1,51.0,25.170334
2015-09-03 04:00:00+00:00,30.4745,20.0245,27.779137,7.7043357,299.1079,0.0,3.0,1.9999999,1.9999999,61.0,24.314085
2015-09-04 04:00:00+00:00,30.674501,19.174501,27.3968,7.9526596,71.56516,0.0,1.0,0.2,0.2,51.0,23.841166
2015-09-05 04:00:00+00:00,30.824501,20.2745,27.129995,9.449572,141.88008,0.0,2.0,2.0,2.0,61.0,24.38283
2015-09-06 04:00:00+00:00,30.7745,19.2745,27.334524,9.085988,178.44421,0.0,1.0,0.2,0.2,51.0,24.845335
2015-09-07 04:00:00+00:00,31.824501,19.7745,27.798372,10.1376915,204.39238,0.0,0.0,0.0,0.0,2.0,25.695333
2015-09-08 04:00:00+00:00,31.5245,20.3745,27.822744,11.043261,199.13173,0.0,0.0,0.0,0.0,3.0,25.966166
2015-09-09 04:00:00+00:00,30.5245,21.574501,27.02906,12.261157,237.74828,0.0,3.0,0.70000005,0.70000005,51.0,25.455751
2015-09-10 04:00:00+00:00,23.2245,19.3745,23.028967,12.10157,24.330217,0.0,15.0,12.299998,12.299998,61.0,20.9495
2015-09-11 04:00:00+00:00,26.5245,14.9745,22.132423,9.178235,248.4046,0.0,0.0,0.0,0.0,3.0,20.757833
2015-09-12 04:00:00+00:00,19.574501,14.2245,16.37168,18.504139,324.7044,0.0,19.0,10.0,10.0,61.0,16.639082
2015-09-13 04:00:00+00:00,16.9745,12.5245,12.396369,19.469976,298.4136,0.0,2.0,0.2,0.2,51.0,14.44325
2015-09-14 04:00:00+00:00,22.574501,10.3245,14.346695,11.525623,251.41762,0.0,0.0,0.0,0.0,0.0,16.012
2015-09-15 04:00:00+00:00,25.8745,11.2245,18.5505,9.19939,180.17308,0.0,0.0,0.0,0.0,3.0,18.559916
2015-09-16 04:00:00+00:00,27.7245,13.0245,20.937849,6.725354,130.60121,0.0,0.0,0.0,0.0,2.0,20.334917
2015-09-17 04:00:00+00:00,28.2745,13.7745,22.38935,6.4096174,157.543,0.0,0.0,0.0,0.0,0.0,21.326586
2015-09-18 04:00:00+00:00,28.074501,15.0745,22.070303,13.084402,191.986,0.0,0.0,0.0,0.0,3.0,21.60575
2015-09-19 04:00:00+00:00,28.9745,16.824501,22.035093,18.218275,221.52397,0.0,4.0,3.5,3.5,61.0,21.999502
2015-09-20 04:00:00+00:00,22.074501,12.1744995,15.368519,14.021525,14.718338,0.0,0.0,0.0,0.0,3.0,16.753668
2015-09-21 04:00:00+00:00,21.674501,12.1744995,15.079469,13.70839,92.8809,0.0,0.0,0.0,0.0,3.0,16.914085
2015-09-22 04:00:00+00:00,23.2745,13.874499,18.165762,9.659814,93.62297,0.0,0.0,0.0,0.0,3.0,18.297417
2015-09-23 04:00:00+00:00,25.8745,13.0745,19.34883,10.315115,48.83904,0.0,0.0,0.0,0.0,1.0,19.412
2015-09-24 04:00:00+00:00,27.324501,13.124499,18.414192,12.682018,71.85732,0.0,0.0,0.0,0.0,3.0,19.795332
2015-09-25 04:00:00+00:00,25.574501,14.4745,18.266804,13.849476,93.25006,0.0,0.0,0.0,0.0,3.0,19.549501
2015-09-26 04:00:00+00:00,23.324501,15.7245,17.114782,15.379206,98.332466,0.0,0.0,0.0,0.0,3.0,19.039083
2015-09-27 04:00:00+00:00,23.424501,14.5245,17.204306,15.273505,127.55611,0.0,3.0,0.8,0.8,53.0,18.1495
2015-09-28 04:00:00+00:00,20.8745,16.8745,20.316694,11.753876,131.20602,0.0,14.0,8.8,8.8,61.0,18.745335
2015-09-29 04:00:00+00:00,20.424501,18.3745,21.672829,14.84318,89.820984,0.0,14.0,65.700005,65.700005,65.0,19.468252
2015-09-30 04:00:00+00:00,19.2245,14.9745,16.264957,19.483284,8.040325,0.0,9.0,14.6,14.6,63.0,16.957832
2015-10-01 04:00:00+00:00,16.824501,10.8245,11.259776,17.377226,40.6012,0.0,0.0,0.0,0.0,3.0,13.843251
2015-10-02 04:00:00+00:00,13.4745,10.1744995,7.771032,19.576189,47.521793,0.0,0.0,0.0,0.0,3.0,11.5182495
2015-10-03 04:00:00+00:00,10.5745,6.5245004,5.455316,18.430452,73.807434,0.0,13.0,16.9,16.9,63.0,8.624499
2015-10-04 04:00:00+00:00,17.824501,10.0245,11.177239,17.414476,96.57445,0.0,0.0,0.0,0.0,3.0,13.261998
2015-10-05 04:00:00+00:00,20.574501,9.4244995,13.182702,10.8955765,73.81071,0.0,0.0,0.0,0.0,3.0,14.378667
2015-10-06 04:00:00+00:00,22.7745,10.874499,16.784826,9.227524,348.18387,0.0,0.0,0.0,0.0,3.0,16.695333
2015-10-07 04:00:00+00:00,20.8745,14.124499,17.252216,11.885453,322.3737,0.0,0.0,0.0,0.0,3.0,17.06825
2015-10-08 04:00:00+00:00,23.674501,12.5245,17.73966,11.885453,168.98825,0.0,0.0,0.0,0.0,3.0,17.662
2015-10-09 04:00:00+00:00,20.3745,13.9244995,16.673426,17.339897,268.39517,0.0,5.0,6.6,6.6,61.0,17.203665
2015-10-10 04:00:00+00:00,16.7745,10.5745,11.498805,12.7279215,26.364193,0.0,0.0,0.0,0.0,3.0,13.289082
2015-10-11 04:00:00+00:00,19.924501,7.6745,11.469756,11.770403,210.74672,0.0,0.0,0.0,0.0,2.0,13.228668
2015-10-12 04:00:00+00:00,21.924501,8.8245,13.236499,15.815435,188.65688,0.0,0.0,0.0,0.0,3.0,15.109918
2015-10-13 04:00:00+00:00,17.674501,13.9745,13.81408,19.416653,243.34448,0.0,4.0,3.4,3.4,61.0,15.524499
2015-10-14 04:00:00+00:00,14.9745,10.7245,10.717519,14.332341,286.37488,0.0,1.0,0.1,0.1,51.0,13.001583
2015-10-15 04:00:00+00:00,16.824501,6.1245003,9.108727,16.394829,238.77936,0.0,0.0,0.0,0.0,3.0,11.676582
2015-10-16 04:00:00+00:00,13.4244995,6.7745004,7.4065056,18.64369,284.49493,0.0,3.0,1.4000001,1.4000001,53.0,10.364085
2015-10-17 04:00:00+00:00,8.624499,3.3244998,2.1927433,19.376562,305.12222,0.0,3.0,0.3,0.3,51.0,6.1349163
2015-10-18 04:00:00+00:00,7.3745003,1.1245,0.0741958,19.35314,303.69006,0.0,3.0,0.6,0.6,51.0,4.1224165
2015-10-19 04:00:00+00:00,13.8245,-0.17549998,2.6637423,15.617529,195.39316,0.0,0.0,0.0,0.0,2.0,6.207834
2015-10-20 04:00:00+00:00,19.924501,7.7745004,9.300159,17.786331,216.88243,0.0,0.0,0.0,0.0,3.0,12.561999
2015-10-21 04:00:00+00:00,20.924501,7.1245003,11.370093,13.5515,204.03215,0.0,0.0,0.0,0.0,3.0,13.48075
2015-10-22 04:00:00+00:00,22.0245,11.5745,14.564372,13.755579,240.53188,0.0,1.0,0.5,0.5,53.0,16.072416
2015-10-23 04:00:00+00:00,16.824501,7.4245,9.772472,10.829959,44.34532,0.0,0.0,0.0,0.0,3.0,11.91825
2015-10-24 04:00:00+00:00,18.0245,10.2245,11.679733,20.082708,164.94426,0.0,11.0,13.699999,13.699999,63.0,13.809918
2015-10-25 04:00:00+00:00,15.9745,7.8745003,10.99749,18.844202,310.92365,0.0,6.0,6.4,6.4,63.0,12.882832
2015-10-26 04:00:00+00:00,14.374499,4.1745,5.8148384,11.177405,57.121517,0.0,0.0,0.0,0.0,3.0,8.7245
2015-10-27 04:00:00+00:00,13.874499,5.7245,5.666441,17.917007,107.27861,0.0,5.0,1.8,1.8,53.0,9.0599165
2015-10-28 04:00:00+00:00,18.5245,9.5245,12.5087595,24.774696,149.98383,0.0,22.0,30.0,30.0,63.0,14.064084
2015-10-29 04:00:00+00:00,14.8245,7.8245,7.935553,32.23357,251.52066,0.0,7.0,2.5000002,2.5000002,55.0,11.699498
2015-10-30 04:00:00+00:00,10.124499,5.5745,4.9163055,13.009903,278.64532,0.0,0.0,0.0,0.0,3.0,7.8244996
2015-10-31 04:00:00+00:00,13.6744995,5.1245003,6.848978,10.931203,154.07219,0.0,0.0,0.0,0.0,3.0,9.280751
2015-11-01 04:00:00+00:00,17.3745,10.624499,10.629928,17.58481,222.578,0.0,6.0,2.0,2.0,53.0,13.089082
2015-11-02 04:00:00+00:00,18.324501,7.7745004,11.519198,11.720751,181.9749,0.0,0.0,0.0,0.0,3.0,12.634918
2015-11-03 04:00:00+00:00,21.674501,5.4745,11.79723,10.8955765,82.72865,0.0,0.0,0.0,0.0,0.0,13.039082
2015-11-04 04:00:00+00:00,23.5245,9.5245,15.553563,10.739832,143.0794,0.0,0.0,0.0,0.0,1.0,15.928666
2015-11-05 04:00:00+00:00,23.5245,14.1744995,17.620382,13.039754,185.55412,0.0,0.0,0.0,0.0,3.0,17.678667
2015-11-06 04:00:00+00:00,20.9745,14.3245,16.94788,21.566973,222.8252,0.0,5.0,1.7,1.7,53.0,17.799501
2015-11-07 04:00:00+00:00,13.624499,7.7745004,7.809778,15.542662,292.38013,0.0,0.0,0.0,0.0,3.0,10.784917
2015-11-08 04:00:00+00:00,10.8245,2.9745,4.0706964,12.181624,330.55893,0.0,0.0,0.0,0.0,2.0,6.8286667
2015-11-09 04:00:00+00:00,13.9244995,0.9245,4.303511,12.245293,97.26413,0.0,0.0,0.0,0.0,3.0,7.353667
2015-11-10 04:00:00+00:00,11.0245,8.8245,8.231322,13.75558,143.74605,0.0,14.0,22.799997,22.799997,63.0,9.9244995
2015-11-11 04:00:00+00:00,12.8245,6.5745,6.735718,14.081478,244.71889,0.0,0.0,0.0,0.0,3.0,9.091166
2015-11-12 04:00:00+00:00,16.3745,6.4245,6.597717,29.795301,219.93295,0.0,10.0,6.7,6.7,61.0,10.272416
2015-11-13 04:00:00+00:00,9.7745,4.4245,1.6758652,28.58545,263.00143,0.0,0.0,0.0,0.0,3.0,7.326584
2015-11-14 04:00:00+00:00,7.8745003,3.3244998,0.4133602,19.245697,273.472,0.0,0.0,0.0,0.0,3.0,4.828667
2015-11-15 04:00:00+00:00,15.0245,2.6745,3.706582,13.896187,229.01762,0.0,0.0,0.0,0.0,2.0,7.4828334
2015-11-16 04:00:00+00:00,16.4745,2.8745,6.9041896,11.246759,203.05132,0.0,0.0,0.0,0.0,3.0,9.030749
2015-11-17 04:00:00+00:00,16.6245,7.5745,8.191816,16.78156,117.22582,0.0,0.0,0.0,0.0,3.0,11.34325
2015-11-18 04:00:00+00:00,16.1245,10.7245,10.375211,23.838959,137.90198,0.0,3.0,4.5,4.5,63.0,13.305751
2015-11-19 04:00:00+00:00,16.7745,10.374499,12.706794,23.828083,204.38461,0.0,11.0,10.799999,10.799999,61.0,14.722417
2015-11-20 04:00:00+00:00,9.4244995,2.9245,1.1488675,18.888851,271.48474,0.0,0.0,0.0,0.0,3.0,5.7911663
2015-11-21 04:00:00+00:00,11.624499,0.9245,1.4200913,22.027763,132.43234,0.0,2.0,1.8,1.8,61.0,6.091167
2015-11-22 04:00:00+00:00,5.2745004,-1.2755,-2.85726,20.771093,279.1709,0.0,4.0,0.70000005,0.70000005,51.0,1.8140832
2015-11-23 04:00:00+00:00,3.2245,-3.5755002,-4.8091097,11.165805,231.98715,0.07,0.0,0.0,0.0,71.0,-0.44216672
2015-11-24 04:00:00+00:00,7.4245,-0.6755,-1.3144962,12.538134,252.18938,0.07,0.0,0.0,0.0,71.0,2.3432503
2015-11-25 04:00:00+00:00,13.0245,0.024500012,1.4801583,16.595179,129.95241,0.0,0.0,0.0,0.0,2.0,5.1953335
2015-11-26 04:00:00+00:00,16.324501,4.1745,5.311643,15.876775,174.57486,0.0,0.0,0.0,0.0,3.0,8.95575
2015-11-27 04:00:00+00:00,17.4745,8.5745,9.649839,16.87398,204.0915,0.0,1.0,0.2,0.2,51.0,12.097416
2015-11-28 04:00:00+00:00,13.2745,6.1245003,7.98036,10.97262,332.9609,0.0,22.0,6.9999995,6.9999995,53.0,9.426583
2015-11-29 04:00:00+00:00,7.8745003,3.9745,2.4228883,11.298495,10.440003,0.0,0.0,0.0,0.0,3.0,5.6099167
2015-11-30 04:00:00+00:00,6.9245,2.0745,0.51243263,12.9249525,85.64815,0.0,0.0,0.0,0.0,3.0,4.534917
2015-12-01 04:00:00+00:00,13.0745,5.7745004,7.460207,14.799459,153.68465,0.0,18.0,7.3,7.3,61.0,9.420333
2015-12-02 04:00:00+00:00,12.2745,4.9245,6.38016,15.484185,290.09537,0.0,11.0,6.6000004,6.6000004,61.0,8.282833
2015-12-03 04:00:00+00:00,5.3245,0.7245,-1.2409825,19.245697,270.79147,0.0,1.0,0.1,0.1,51.0,3.1974165
2015-12-04 04:00:00+00:00,7.9745,0.9245,0.23835234,14.007655,253.42706,0.0,0.0,0.0,0.0,3.0,3.7786667
2015-12-05 04:00:00+00:00,7.8745003,-1.3755,-0.6144174,6.638072,49.811604,0.0,0.0,0.0,0.0,2.0,2.0911667
2015-12-06 04:00:00+00:00,9.8245,-3.3255,-1.1737489,9.779817,159.35545,0.0,0.0,0.0,0.0,3.0,1.9015833
2015-12-07 04:00:00+00:00,7.5745,-1.6255,-0.5008066,8.4963045,217.24341,0.0,0.0,0.0,0.0,3.0,2.2682502
2015-12-08 04:00:00+00:00,8.1744995,-0.9255,0.52715373,10.739832,196.69931,0.0,0.0,0.0,0.0,3.0,3.3265836
2015-12-09 04:00:00+00:00,13.374499,1.2745,3.4909527,15.463244,183.0366,0.0,4.0,1.5999999,1.5999999,53.0,6.703666
2015-12-10 04:00:00+00:00,11.7245,4.5245004,5.7852325,15.281989,189.53247,0.0,0.0,0.0,0.0,3.0,8.195333
2015-12-11 04:00:00+00:00,14.7245,8.6744995,9.737025,17.786331,222.88292,0.0,1.0,0.1,0.1,51.0,11.499499
2015-12-12 04:00:00+00:00,19.0245,11.4745,14.501488,15.281989,210.71065,0.0,6.0,1.3000001,1.3000001,53.0,14.753666
2015-12-13 04:00:00+00:00,18.424501,12.7745,14.908448,11.709688,178.16287,0.0,0.0,0.0,0.0,3.0,15.003667
2015-12-14 04:00:00+00:00,17.674501,11.4244995,12.3687315,19.734436,187.51277,0.0,8.0,10.8,10.8,63.0,14.10575
2015-12-15 04:00:00+00:00,11.7745,6.9245,5.3313994,20.163212,269.46454,0.0,3.0,0.5,0.5,51.0,8.9036665
2015-12-16 04:00:00+00:00,13.8245,3.9745,5.8544726,16.434305,135.00012,0.0,0.0,0.0,0.0,3.0,8.530749
2015-12-17 04:00:00+00:00,11.8245,2.2245,6.4675517,15.978486,219.36401,0.0,12.0,13.2,13.2,61.0,8.914083
2015-12-18 04:00:00+00:00,1.7245,-1.3755,-3.9206278,22.065973,271.816,0.14,1.0,0.1,0.0,71.0,0.7974165
2015-12-19 04:00:00+00:00,1.2745,-2.0755,-6.7530255,22.007162,259.74567,0.0,0.0,0.0,0.0,3.0,-1.0296668
2015-12-20 04:00:00+00:00,4.5745,-3.3755,-4.670286,14.471821,193.79382,0.0,0.0,0.0,0.0,3.0,-0.11925003
2015-12-21 04:00:00+00:00,11.5745,1.5745001,2.7072198,22.086521,201.6183,0.0,4.0,1.1,1.1,51.0,7.2682495
2015-12-22 04:00:00+00:00,15.4244995,10.0745,10.4997225,16.904673,202.45604,0.0,11.0,9.0,9.0,61.0,12.086999
2015-12-23 04:00:00+00:00,17.824501,9.7245,12.544316,16.645864,146.27153,0.0,1.0,0.1,0.1,51.0,13.672418
2015-12-24 04:00:00+00:00,17.2245,9.3245,13.569928,19.523155,214.9921,0.0,5.0,6.2000003,6.2000003,61.0,14.828666
2015-12-25 04:00:00+00:00,13.9745,8.2745,9.917174,12.287555,236.76836,0.0,4.0,2.2,2.2,53.0,10.834916
2015-12-26 04:00:00+00:00,12.5245,8.1245,7.714524,14.8257065,93.89835,0.0,6.0,10.700001,10.700001,63.0,10.022416
2015-12-27 04:00:00+00:00,17.2245,3.5245,10.339007,23.708124,262.95023,0.0,20.0,23.9,23.9,63.0,12.09325
2015-12-28 04:00:00+00:00,4.0745,1.8245001,-1.7510891,26.596178,77.7223,0.07,11.0,6.7999997,6.7,71.0,3.0911665
2015-12-29 04:00:00+00:00,11.9745,4.0245,4.6986985,29.05983,193.11642,0.0,10.0,7.2999997,7.2999997,63.0,7.964083
2015-12-30 04:00:00+00:00,10.2745,2.1745,4.198562,10.538843,264.44708,0.0,0.0,0.0,0.0,3.0,6.4724174
2015-12-31 04:00:00+00:00,5.9745,1.0745001,-1.1294601,12.783802,279.7716,0.0,0.0,0.0,0.0,3.0,2.897417
2016-01-01 04:00:00+00:00,1.6745,-0.5255,-5.1296935,21.897945,261.454,0.0,0.0,0.0,0.0,3.0,0.28491667
2016-01-02 04:00:00+00:00,2.0245,-2.0755,-5.2960052,17.727943,244.6691,0.0,0.0,0.0,0.0,3.0,-0.3317501
2016-01-03 04:00:00+00:00,1.8745,-0.6255,-4.3829837,18.0,260.7622,0.0,0.0,0.0,0.0,3.0,0.43491673
2016-01-04 04:00:00+00:00,-0.37550002,-7.7755,-8.550331,19.386593,340.25302,0.07,0.0,0.0,0.0,71.0,-2.9025831
2016-01-05 04:00:00+00:00,-1.8255,-10.375501,-11.019695,13.004921,64.68333,0.0,0.0,0.0,0.0,2.0,-6.6525836
2016-01-06 04:00:00+00:00,4.7745004,-7.3754997,-6.933738,8.28,168.5245,0.0,0.0,0.0,0.0,3.0,-2.4484167
2016-01-07 04:00:00+00:00,7.2745004,-5.3255,-4.091308,10.086427,104.83591,0.0,0.0,0.0,0.0,3.0,-0.0963333
2016-01-08 04:00:00+00:00,5.9745,-3.2255,-2.602432,12.496719,133.01369,0.0,9.0,5.2,5.2,55.0,1.1015834
2016-01-09 04:00:00+00:00,12.124499,3.9745,3.6759892,17.10284,160.86624,0.0,4.0,0.90000004,0.90000004,51.0,6.636999
2016-01-10 04:00:00+00:00,8.0745,-3.2255,-0.57184505,29.195534,227.98267,0.42,16.0,10.5,10.0,71.0,4.2495
2016-01-11 04:00:00+00:00,-4.0255,-7.3255,-11.857287,25.919998,251.68605,0.0,0.0,0.0,0.0,3.0,-5.8046665
2016-01-12 04:00:00+00:00,0.6745,-8.7755,-9.22495,27.333935,238.21484,2.66,13.0,3.6,0.0,73.0,-3.2859166
2016-01-13 04:00:00+00:00,-6.1254997,-12.5755005,-14.6752,19.602652,241.9024,0.14,1.0,0.1,0.0,71.0,-9.125501
2016-01-14 04:00:00+00:00,6.6745,-6.6254997,-5.2940507,16.179987,221.21725,0.21000001,2.0,0.3,0.0,71.0,-0.5275834
2016-01-15 04:00:00+00:00,10.374499,0.5245,0.18453874,14.830076,182.73628,0.0,3.0,1.7,1.7,55.0,4.226584
2016-01-16 04:00:00+00:00,4.0245,-0.07550001,-1.8933636,17.873556,266.8202,0.28,6.0,3.3,3.1000001,71.0,2.1286666
2016-01-17 04:00:00+00:00,1.2245,-5.7254996,-5.754453,21.629978,268.39728,0.7,5.0,0.6,0.0,71.0,-0.8546667
2016-01-18 04:00:00+00:00,-6.9255,-13.5255,-17.166616,22.314194,268.6803,0.0,0.0,0.0,0.0,3.0,-10.7005005
2016-01-19 04:00:00+00:00,-5.8255,-13.125501,-15.650475,16.394829,276.04922,0.0,0.0,0.0,0.0,3.0,-9.875501
2016-01-20 04:00:00+00:00,-4.9754996,-10.9255,-12.382515,11.019764,260.34006,0.56,4.0,0.4,0.0,71.0,-8.0234165
2016-01-21 04:00:00+00:00,-3.0755,-12.9255,-12.524951,9.693296,297.99863,0.0,0.0,0.0,0.0,3.0,-8.063001
2016-01-22 04:00:00+00:00,-3.8255002,-13.125501,-12.369759,16.575644,60.107647,0.84,7.0,1.0,0.0,71.0,-7.260916
2016-01-23 04:00:00+00:00,-1.8255,-7.8755,-11.284641,18.775301,2.0664103,3.2899997,12.0,4.6000004,0.0,73.0,-5.7775836
2016-01-24 04:00:00+00:00,-1.8255,-16.575499,-13.780942,11.592894,232.59456,0.0,0.0,0.0,0.0,3.0,-9.0025835
2016-01-25 04:00:00+00:00,5.6245003,-11.8255005,-8.293351,16.808569,175.13383,0.0,0.0,0.0,0.0,3.0,-3.663
2016-01-26 04:00:00+00:00,7.8745003,0.87450004,0.37603644,22.66857,226.87526,0.0,1.0,0.1,0.1,51.0,4.9536667
2016-01-27 04:00:00+00:00,0.9245,-4.6254997,-5.302906,14.917212,264.166,0.0,0.0,0.0,0.0,3.0,-0.8796666
2016-01-28 04:00:00+00:00,5.2745004,-9.8255005,-7.462641,18.532133,202.47536,0.0,0.0,0.0,0.0,3.0,-2.46925
2016-01-29 04:00:00+00:00,0.2745,-6.4255,-6.7316594,22.768396,293.16718,0.56,3.0,0.6,0.0,71.0,-1.60675
2016-01-30 04:00:00+00:00,11.4745,-7.4754996,-3.517246,17.782686,191.88197,0.0,0.0,0.0,0.0,3.0,1.3349167
2016-01-31 04:00:00+00:00,16.1745,5.5745,5.749289,19.966211,206.73132,0.0,0.0,0.0,0.0,3.0,9.541167
2016-02-01 04:00:00+00:00,12.2245,-0.07550001,3.745513,22.961115,287.60907,0.0,4.0,1.1,1.1,51.0,6.801583
2016-02-02 04:00:00+00:00,10.0745,-3.4255002,-1.2261567,20.421871,106.213455,0.0,1.0,0.1,0.1,51.0,3.0620003
2016-02-03 04:00:00+00:00,15.374499,6.3745003,7.05637,24.023088,188.61914,0.0,11.0,16.0,16.0,63.0,10.274499
2016-02-04 04:00:00+00:00,6.0745,0.4245,-1.2115482,12.313894,277.4508,0.0,0.0,0.0,0.0,3.0,2.7390833
2016-02-05 04:00:00+00:00,2.5245,-2.8255,-4.9125767,15.124284,299.0201,0.0,0.0,0.0,0.0,3.0,-0.32341668
2016-02-06 04:00:00+00:00,6.1245003,-2.7255,-3.631525,12.55879,219.10646,0.0,0.0,0.0,0.0,3.0,0.8828333
2016-02-07 04:00:00+00:00,9.5745,-2.6755002,-1.6775643,12.620554,195.17998,0.0,0.0,0.0,0.0,1.0,2.2369998
2016-02-08 04:00:00+00:00,8.4244995,-0.2755,-1.3041373,16.203999,180.46805,0.07,4.0,0.8,0.7,71.0,2.5557501
2016-02-09 04:00:00+00:00,1.8245001,-2.0255,-4.49619,19.586117,252.96834,1.4700003,12.0,1.6000001,0.0,71.0,-0.3609167
2016-02-10 04:00:00+00:00,-1.8255,-6.4754996,-9.897579,21.38897,256.38403,1.05,7.0,0.90000004,0.0,71.0,-3.8755
2016-02-11 04:00:00+00:00,-6.4255,-12.2255,-14.904513,23.210928,280.78427,0.48999998,2.0,0.2,0.0,71.0,-8.852584
2016-02-12 04:00:00+00:00,-4.5755,-14.375501,-13.754208,21.461555,233.17941,0.97999996,9.0,1.4000001,0.0,71.0,-8.500501
2016-02-13 04:00:00+00:00,-6.8754997,-15.3255005,-18.332346,23.584808,302.51498,0.21000001,0.0,0.0,0.0,71.0,-11.9255
2016-02-14 04:00:00+00:00,-6.3255,-16.675499,-15.4000025,12.72283,134.23613,0.14,0.0,0.0,0.0,71.0,-10.763001
2016-02-15 04:00:00+00:00,1.4745,-7.0255,-7.05922,14.05845,139.73631,4.8300004,14.0,6.7,0.7000001,75.0,-2.6088336
2016-02-16 04:00:00+00:00,2.8745,0.074499995,-2.4790144,17.782686,316.5393,13.719998,15.0,29.6,10.0,75.0,1.2890834
2016-02-17 04:00:00+00:00,2.4745,-4.8255,-4.87297,16.327497,284.87296,0.21000001,2.0,0.3,0.2,71.0,-0.81091666
2016-02-18 04:00:00+00:00,-0.2755,-13.6755,-10.85982,13.009903,46.455166,0.0,0.0,0.0,0.0,3.0,-6.6838336
2016-02-19 04:00:00+00:00,10.7745,-9.4255,-3.3278875,23.185787,166.12042,0.0,0.0,0.0,0.0,3.0,1.8140831
2016-02-20 04:00:00+00:00,16.9745,4.7745004,6.3252273,26.42753,235.02324,0.0,1.0,0.1,0.1,51.0,10.357833
2016-02-21 04:00:00+00:00,11.7745,0.024500012,1.7770528,13.324863,344.55008,0.0,0.0,0.0,0.0,3.0,4.941167
2016-02-22 04:00:00+00:00,9.0245,-3.0755,-1.5634388,12.7279215,26.115614,0.0,0.0,0.0,0.0,3.0,2.1974168
2016-02-23 04:00:00+00:00,10.374499,0.4245,0.914874,15.856356,84.7977,0.0,0.0,0.0,0.0,3.0,4.484916
2016-02-24 04:00:00+00:00,13.374499,2.7745,3.9388254,21.599998,119.78117,0.0,19.0,24.799997,24.799997,63.0,7.122417
2016-02-25 04:00:00+00:00,8.1245,-0.6255,-3.0966127,26.82906,265.51733,1.61,21.0,3.9000003,1.7000002,71.0,2.112
2016-02-26 04:00:00+00:00,0.024500012,-3.5255,-7.666098,21.599998,304.62622,0.0,0.0,0.0,0.0,3.0,-1.8838338
2016-02-27 04:00:00+00:00,5.5745,-3.2255,-4.432421,16.78156,230.18495,0.0,0.0,0.0,0.0,3.0,0.35783336
2016-02-28 04:00:00+00:00,16.3745,0.3745,3.0275517,23.090569,210.03189,0.0,0.0,0.0,0.0,2.0,7.70575
2016-02-29 04:00:00+00:00,13.0245,2.9245,2.8913896,26.14403,249.89365,0.0,5.0,3.9,3.9,61.0,7.6807485
2016-03-01 04:00:00+00:00,17.924501,-0.07550001,4.311916,27.333935,190.11684,0.0,5.0,11.800001,11.800001,63.0,7.999499
2016-03-02 04:00:00+00:00,7.4745,-2.9255002,-6.834238,28.038431,287.17206,0.07,3.0,1.1,1.0,71.0,-0.90883344
2016-03-03 04:00:00+00:00,2.8745,-4.4754996,-5.074834,7.653705,101.17094,1.26,5.0,1.6,0.0,73.0,-1.3150831
2016-03-04 04:00:00+00:00,5.0745,-1.2255001,-2.7246153,10.308831,348.94733,1.7500002,9.0,2.3,0.0,73.0,0.74741673
2016-03-05 04:00:00+00:00,4.9245,-1.7755,-2.2582636,9.028754,129.44702,0.48999998,2.0,0.2,0.0,71.0,1.1286666
2016-03-06 04:00:00+00:00,7.1245003,-0.07550001,-0.4659094,10.182337,258.96756,0.07,0.0,0.0,0.0,71.0,2.8203332
2016-03-07 04:00:00+00:00,17.1245,0.5745,4.093636,16.199999,209.63309,0.0,0.0,0.0,0.0,3.0,7.7849164
2016-03-08 04:00:00+00:00,20.4745,4.7245,9.449261,15.807239,212.08702,0.0,2.0,0.9,0.9,53.0,12.024501
2016-03-09 04:00:00+00:00,21.9745,8.0745,12.240628,20.746122,213.37187,0.0,1.0,0.4,0.4,51.0,14.489082
2016-03-10 04:00:00+00:00,16.824501,12.7245,13.188183,16.548256,235.65387,0.0,17.0,17.199999,17.199999,61.0,14.072414
2016-03-11 04:00:00+00:00,13.7745,6.1745,7.58341,14.021525,346.25296,0.0,5.0,3.8000002,3.8000002,61.0,9.83075
2016-03-12 04:00:00+00:00,20.2245,1.7245,9.28012,9.565437,40.2798,0.0,0.0,0.0,0.0,3.0,10.847416
2016-03-13 04:00:00+00:00,14.374499,9.0245,8.652712,17.414476,85.91446,0.0,18.0,8.4,8.4,61.0,10.745332
2016-03-14 04:00:00+00:00,20.0245,9.0745,11.574109,15.408671,139.71715,0.0,17.0,8.3,8.3,55.0,13.00575
2016-03-15 04:00:00+00:00,15.8245,9.124499,12.003102,14.039999,245.37645,0.0,9.0,4.7000003,4.7000003,55.0,12.895332
2016-03-16 04:00:00+00:00,19.2745,10.624499,10.961224,27.56058,229.54655,0.0,8.0,7.2999997,7.2999997,63.0,13.787002
2016-03-17 04:00:00+00:00,15.124499,7.7745004,6.7372413,25.364037,255.7955,0.0,3.0,0.90000004,0.90000004,51.0,10.795333
2016-03-18 04:00:00+00:00,14.1744995,2.7745,3.703544,28.820242,281.20645,0.0,0.0,0.0,0.0,3.0,8.0807495
2016-03-19 04:00:00+00:00,6.0745,1.1245,0.12595733,10.661107,12.631101,0.07,4.0,0.6,0.6,71.0,3.5390835
2016-03-20 04:00:00+00:00,5.1745,1.8245001,-0.13495559,11.792404,31.167112,0.97999996,12.0,2.0000002,0.7,71.0,3.2244997
2016-03-21 04:00:00+00:00,5.5245004,-1.5755,-2.485372,20.94507,302.82,0.07,1.0,0.1,0.0,71.0,2.132833
2016-03-22 04:00:00+00:00,14.8245,-1.3255,2.4271023,20.26899,201.28564,0.0,0.0,0.0,0.0,3.0,6.4557495
2016-03-23 04:00:00+00:00,19.1245,9.7745,10.2359915,18.193361,235.84026,0.0,0.0,0.0,0.0,3.0,13.603665
2016-03-24 04:00:00+00:00,22.9745,9.0745,12.142144,30.158459,191.39871,0.0,4.0,8.5,8.5,63.0,14.787002
2016-03-25 04:00:00+00:00,14.124499,3.0245,5.339932,22.104116,284.5435,0.0,8.0,5.4,5.4,55.0,8.432832
2016-03-26 04:00:00+00:00,14.874499,-0.97550005,3.818024,9.83268,52.509254,0.0,0.0,0.0,0.0,3.0,6.434916
2016-03-27 04:00:00+00:00,22.924501,4.3245,11.163203,17.873556,138.94939,0.0,0.0,0.0,0.0,3.0,13.0182495
2016-03-28 04:00:00+00:00,13.874499,6.1245003,6.077528,31.92654,258.39627,0.0,8.0,12.5,12.5,63.0,10.11825
2016-03-29 04:00:00+00:00,10.9244995,2.9745,2.2679813,16.704155,326.22845,0.0,0.0,0.0,0.0,3.0,6.2745004
2016-03-30 04:00:00+00:00,20.0245,-0.12550002,6.0049453,19.813087,163.94753,0.0,0.0,0.0,0.0,3.0,9.734917
2016-03-31 04:00:00+00:00,17.924501,12.874499,12.130824,24.993439,197.39789,0.0,7.0,4.7000003,4.7000003,61.0,15.272415
2016-04-01 04:00:00+00:00,17.824501,9.7745,13.181928,22.366402,251.99721,0.0,10.0,4.1,4.1,61.0,15.276584
2016-04-02 04:00:00+00:00,11.2745,1.6245,2.637615,30.421598,254.97035,0.35000002,7.0,2.5,2.0,71.0,7.2453327
2016-04-03 04:00:00+00:00,7.6745,-2.8755,-3.153018,28.019936,279.12698,0.49,2.0,0.6,0.0,73.0,2.2057502
2016-04-04 04:00:00+00:00,10.874499,-0.5255,2.2906752,23.708124,272.52914,0.0,10.0,4.0,4.0,53.0,6.916166
2016-04-05 04:00:00+00:00,4.9745,-2.6755002,-3.4462607,16.854767,348.2614,0.14,0.0,0.0,0.0,71.0,0.7765835
2016-04-06 04:00:00+00:00,17.5245,-1.5255,2.509918,24.490587,170.969,0.0,2.0,1.5,1.5,55.0,7.153667
2016-04-07 04:00:00+00:00,9.4745,2.3245,2.994941,27.684914,224.66644,0.0,24.0,10.399999,10.399999,55.0,6.724499
2016-04-08 04:00:00+00:00,7.3745003,-0.17549998,-1.3515567,21.068459,271.65936,1.6800002,8.0,3.4,1.3,73.0,3.3286664
2016-04-09 04:00:00+00:00,1.7245,-4.9255,-5.247709,28.220419,296.65408,3.43,10.0,5.0000005,0.19999996,73.0,-0.05674998
2016-04-10 04:00:00+00:00,7.7745004,-8.1755,-3.322644,16.919998,161.08783,0.07,1.0,0.1,0.0,71.0,1.0557501
2016-04-11 04:00:00+00:00,16.824501,6.6745,7.8634915,21.175837,215.4017,0.0,23.0,24.000002,24.000002,63.0,10.762
2016-04-12 04:00:00+00:00,11.124499,2.7245,3.1985939,17.49615,326.22324,0.0,3.0,3.0,3.0,61.0,6.74325
2016-04-13 04:00:00+00:00,12.6744995,-1.2755,2.267627,11.592894,45.835068,0.0,0.0,0.0,0.0,3.0,5.559916
2016-04-14 04:00:00+00:00,17.7745,1.5745001,7.105332,11.659777,57.09474,0.0,0.0,0.0,0.0,0.0,9.664083
2016-04-15 04:00:00+00:00,20.074501,5.0745,9.744497,13.450708,106.13778,0.0,0.0,0.0,0.0,0.0,12.328667
2016-04-16 04:00:00+00:00,21.424501,4.9245,11.878718,12.594856,95.8962,0.0,0.0,0.0,0.0,0.0,13.705749
2016-04-17 04:00:00+00:00,25.0245,8.624499,16.101717,12.57426,355.81516,0.0,0.0,0.0,0.0,1.0,16.622417
2016-04-18 04:00:00+00:00,25.1245,7.4245,15.403144,11.435313,338.81375,0.0,0.0,0.0,0.0,3.0,16.587002
2016-04-19 04:00:00+00:00,21.824501,10.2745,13.312729,14.84318,336.72415,0.0,0.0,0.0,0.0,3.0,15.3099165
2016-04-20 04:00:00+00:00,21.6245,7.1745,11.166945,12.904882,81.10267,0.0,0.0,0.0,0.0,3.0,13.9495
2016-04-21 04:00:00+00:00,23.0245,11.4244995,15.492793,13.276144,157.96762,0.0,0.0,0.0,0.0,3.0,16.920332
2016-04-22 04:00:00+00:00,19.924501,13.5245,15.761313,13.358861,238.09987,0.0,13.0,8.6,8.6,61.0,15.73075
2016-04-23 04:00:00+00:00,15.624499,8.8245,10.248073,14.689589,342.09836,0.0,0.0,0.0,0.0,3.0,12.54325
2016-04-24 04:00:00+00:00,19.7245,4.1745,10.0471,9.007196,10.577877,0.0,0.0,0.0,0.0,3.0,11.939083
2016-04-25 04:00:00+00:00,25.2745,6.8245,15.131028,17.238699,183.0127,0.0,0.0,0.0,0.0,3.0,16.203669
2016-04-26 04:00:00+00:00,23.6245,13.2245,17.170149,22.963936,258.16785,0.0,3.0,0.4,0.4,51.0,18.509916
2016-04-27 04:00:00+00:00,18.424501,8.6744995,11.661545,11.659777,3.2203434,0.0,1.0,0.2,0.2,51.0,12.9349165
2016-04-28 04:00:00+00:00,12.9244995,9.5745,9.53023,15.546833,59.3267,0.0,9.0,14.7,14.7,63.0,11.201583
2016-04-29 04:00:00+00:00,14.0245,8.8245,9.660867,10.495713,317.69147,0.0,1.0,0.1,0.1,51.0,10.939083
2016-04-30 04:00:00+00:00,18.824501,7.9745,11.107396,12.904882,91.64126,0.0,7.0,4.0,4.0,55.0,12.297417
2016-05-01 04:00:00+00:00,21.4745,11.2745,16.198404,15.192682,204.4018,0.0,21.0,13.7,13.7,61.0,16.08908
2016-05-02 04:00:00+00:00,19.424501,12.9745,15.419438,14.773164,302.81342,0.0,10.0,3.8000002,3.8000002,55.0,15.726582
2016-05-03 04:00:00+00:00,17.074501,8.3245,11.447453,10.948973,310.0607,0.0,1.0,0.1,0.1,51.0,12.882834
2016-05-04 04:00:00+00:00,17.324501,9.9244995,12.187869,7.2,194.22604,0.0,11.0,5.6000004,5.6000004,63.0,12.757833
2016-05-05 04:00:00+00:00,16.574501,8.2745,10.4552765,15.192682,352.49274,0.0,19.0,13.299999,13.299999,63.0,11.586999
2016-05-06 04:00:00+00:00,18.324501,8.624499,10.086976,23.319553,355.20163,0.0,1.0,0.1,0.1,51.0,12.8411665
2016-05-07 04:00:00+00:00,21.924501,9.7745,14.292094,10.703569,226.04153,0.0,5.0,2.8,2.8,53.0,15.01825
2016-05-08 04:00:00+00:00,16.9745,8.1744995,10.661052,18.532133,298.95087,0.0,0.0,0.0,0.0,3.0,13.070334
2016-05-09 04:00:00+00:00,14.9745,7.5245004,9.636142,12.413477,235.38303,0.0,3.0,0.5,0.5,51.0,11.291165
2016-05-10 04:00:00+00:00,20.3745,10.0745,12.922485,13.276144,96.263405,0.0,13.0,7.3,7.3,61.0,13.791167
2016-05-11 04:00:00+00:00,20.8745,11.874499,17.60687,11.183201,114.84519,0.0,8.0,8.3,8.3,61.0,16.616167
2016-05-12 04:00:00+00:00,24.424501,11.8245,18.683294,13.979872,172.29669,0.0,4.0,1.4,1.4,53.0,17.807833
2016-05-13 04:00:00+00:00,20.074501,13.874499,16.5255,19.245697,261.11005,0.0,11.0,7.2,7.2,61.0,17.089083
2016-05-14 04:00:00+00:00,13.0245,6.2245,8.546245,21.611996,252.75842,0.0,17.0,8.099999,8.099999,61.0,11.149499
2016-05-15 04:00:00+00:00,9.6744995,4.0745,2.179552,24.014996,280.42783,0.0,8.0,1.6,1.6,51.0,6.5703335
2016-05-16 04:00:00+00:00,16.0245,2.7245,6.646902,13.905509,252.35696,0.0,0.0,0.0,0.0,3.0,9.576584
2016-05-17 04:00:00+00:00,16.1245,8.7745,10.88894,10.691453,261.86996,0.0,3.0,0.6,0.6,51.0,12.053665
2016-05-18 04:00:00+00:00,13.2745,9.9244995,10.345035,10.661107,68.19852,0.0,11.0,6.8999996,6.8999996,55.0,11.441167
2016-05-19 04:00:00+00:00,18.8745,4.7745004,11.374989,10.365251,353.47635,0.0,0.0,0.0,0.0,3.0,12.651582
2016-05-20 04:00:00+00:00,22.074501,7.9745,13.917882,13.276144,99.529335,0.0,0.0,0.0,0.0,3.0,15.439082
2016-05-21 04:00:00+00:00,14.8245,11.4244995,11.974365,11.212135,75.78089,0.0,18.0,13.900002,13.900002,63.0,12.801583
2016-05-22 04:00:00+00:00,17.8745,9.9745,13.1856165,10.966713,356.95248,0.0,7.0,3.6,3.6,61.0,13.689083
2016-05-23 04:00:00+00:00,23.074501,9.3245,16.287828,10.1376915,345.64163,0.0,1.0,0.1,0.1,51.0,16.201582
2016-05-24 04:00:00+00:00,24.4745,10.874499,18.293304,13.138765,276.87668,0.0,0.0,0.0,0.0,2.0,18.278666
2016-05-25 04:00:00+00:00,26.574501,13.5745,20.891115,11.525623,227.1459,0.0,0.0,0.0,0.0,3.0,20.332832
2016-05-26 04:00:00+00:00,25.8745,17.7745,22.82519,13.004922,195.44633,0.0,2.0,0.90000004,0.90000004,53.0,21.397417
2016-05-27 04:00:00+00:00,29.1245,18.2745,25.382433,11.966954,202.84375,0.0,4.0,0.9,0.9,51.0,22.912
2016-05-28 04:00:00+00:00,30.2245,18.6245,27.418785,9.178235,186.50089,0.0,2.0,0.9,0.9,53.0,24.06825
2016-05-29 04:00:00+00:00,26.174501,18.9745,25.907257,9.531505,174.45479,0.0,2.0,0.70000005,0.70000005,51.0,22.512001
2016-05-30 04:00:00+00:00,27.0245,16.7245,24.101248,9.957108,269.10013,0.0,1.0,0.1,0.1,51.0,22.1745
2016-05-31 04:00:00+00:00,28.5245,15.4745,24.024836,12.181625,15.836262,0.0,0.0,0.0,0.0,3.0,22.151583
2016-06-01 04:00:00+00:00,29.174501,16.924501,24.636995,11.384198,117.076546,0.0,0.0,0.0,0.0,3.0,23.349503
2016-06-02 04:00:00+00:00,25.4745,20.0245,24.449472,14.759999,185.174,0.0,7.0,5.6,5.6,63.0,22.484917
2016-06-03 04:00:00+00:00,26.9745,18.7745,25.463667,6.3690495,240.71866,0.0,9.0,3.8,3.8,61.0,22.262001
2016-06-04 04:00:00+00:00,27.324501,18.074501,25.201517,12.074766,98.97255,0.0,8.0,2.3,2.3,53.0,22.157831
2016-06-05 04:00:00+00:00,23.424501,18.0245,22.0189,18.218275,217.99066,0.0,18.0,13.3,13.3,61.0,20.541166
2016-06-06 04:00:00+00:00,25.674501,16.1245,21.018234,16.485485,235.64998,0.0,5.0,4.1,4.1,61.0,20.470333
2016-06-07 04:00:00+00:00,21.4745,15.0745,17.624434,22.17144,291.25894,0.0,2.0,2.8,2.8,61.0,18.009916
2016-06-08 04:00:00+00:00,16.5245,11.4244995,11.344085,25.661207,299.84738,0.0,5.0,0.9000001,0.9000001,51.0,14.168251
2016-06-09 04:00:00+00:00,21.674501,9.874499,14.272827,15.629971,293.7645,0.0,0.0,0.0,0.0,3.0,15.71825
2016-06-10 04:00:00+00:00,26.324501,14.1744995,20.183678,9.585739,179.4063,0.0,0.0,0.0,0.0,3.0,19.641165
2016-06-11 04:00:00+00:00,31.7745,18.3745,25.777132,22.366402,246.32477,0.0,6.0,2.8,2.8,55.0,24.474503
2016-06-12 04:00:00+00:00,23.9745,15.4244995,20.462248,19.914215,309.22012,0.0,0.0,0.0,0.0,3.0,21.664083
2016-06-13 04:00:00+00:00,24.6245,12.1744995,17.08736,12.387348,330.6842,0.0,0.0,0.0,0.0,3.0,18.087
2016-06-14 04:00:00+00:00,25.8745,13.8245,19.481655,10.853866,43.564724,0.0,0.0,0.0,0.0,3.0,19.753668
2016-06-15 04:00:00+00:00,29.2745,16.6245,23.793447,8.647496,128.4181,0.0,12.0,7.8000007,7.8000007,61.0,21.697416
2016-06-16 04:00:00+00:00,27.7745,19.824501,25.799667,13.979871,224.50896,0.0,10.0,17.1,17.1,63.0,22.578669
2016-06-17 04:00:00+00:00,26.5245,18.574501,23.458801,14.480773,56.725105,0.0,4.0,1.0,1.0,53.0,22.005753
2016-06-18 04:00:00+00:00,28.7245,17.7745,25.052444,7.6367526,108.65798,0.0,0.0,0.0,0.0,3.0,23.199501
2016-06-19 04:00:00+00:00,28.924501,17.424501,24.27774,11.503113,218.47302,0.0,0.0,0.0,0.0,3.0,23.245333
2016-06-20 04:00:00+00:00,30.0245,17.324501,24.869776,15.629971,223.71753,0.0,4.0,0.6,0.6,51.0,23.730751
2016-06-21 04:00:00+00:00,27.8745,20.324501,25.561678,16.179987,277.4452,0.0,7.0,11.999999,11.999999,63.0,23.559914
2016-06-22 04:00:00+00:00,27.6245,16.824501,22.29085,16.75064,261.65298,0.0,0.0,0.0,0.0,3.0,22.607832
2016-06-23 04:00:00+00:00,24.4745,19.2245,24.02488,11.367109,181.81818,0.0,17.0,20.899998,20.899998,63.0,20.939081
2016-06-24 04:00:00+00:00,26.174501,18.7745,24.691757,6.763786,36.11944,0.0,5.0,1.2,1.2,51.0,21.684916
2016-06-25 04:00:00+00:00,28.4745,16.3745,25.544167,11.200571,109.677986,0.0,0.0,0.0,0.0,3.0,22.897415
2016-06-26 04:00:00+00:00,30.5245,19.1245,27.027594,11.4862,181.33217,0.0,0.0,0.0,0.0,3.0,24.80783
2016-06-27 04:00:00+00:00,29.324501,21.324501,27.652008,11.367109,224.81085,0.0,4.0,2.9,2.9,55.0,24.37033
2016-06-28 04:00:00+00:00,27.2745,19.7745,24.623636,14.458382,310.73438,0.0,0.0,0.0,0.0,2.0,23.27658
2016-06-29 04:00:00+00:00,22.824501,14.5745,18.492918,11.246759,323.0181,0.0,0.0,0.0,0.0,3.0,18.780752
2016-06-30 04:00:00+00:00,25.7245,14.374499,21.333344,6.162207,186.61336,0.0,0.0,0.0,0.0,3.0,20.472416
2016-07-01 04:00:00+00:00,27.3745,15.9745,21.302303,17.654686,249.01352,0.0,3.0,0.5,0.5,51.0,21.276583
2016-07-02 04:00:00+00:00,23.3745,13.5245,18.847492,10.182337,333.58902,0.0,0.0,0.0,0.0,3.0,19.026585
2016-07-03 04:00:00+00:00,25.174501,14.0745,20.24285,8.049845,88.85425,0.0,0.0,0.0,0.0,3.0,19.887003
2016-07-04 04:00:00+00:00,24.924501,17.324501,22.726645,11.384198,138.2263,0.0,10.0,10.300001,10.300001,61.0,20.587
2016-07-05 04:00:00+00:00,28.324501,20.5245,26.898748,11.159999,259.96606,0.0,6.0,0.90000004,0.90000004,51.0,23.532835
2016-07-06 04:00:00+00:00,30.6245,21.7245,28.4786,12.538134,225.81306,0.0,2.0,0.9,0.9,53.0,25.576584
2016-07-07 04:00:00+00:00,30.8745,21.674501,28.839468,12.738099,237.92493,0.0,6.0,2.9,2.9,55.0,25.49117
2016-07-08 04:00:00+00:00,30.174501,20.9745,27.285532,13.722565,230.14848,0.0,9.0,4.6,4.6,61.0,24.15992
2016-07-09 04:00:00+00:00,27.7745,20.9745,25.72793,18.455048,271.53867,0.0,5.0,0.9,0.9,51.0,24.253668
2016-07-10 04:00:00+00:00,27.7245,18.1245,22.782417,14.88242,327.17142,0.0,0.0,0.0,0.0,3.0,22.384916
2016-07-11 04:00:00+00:00,29.174501,16.4245,24.79593,9.422101,108.10855,0.0,0.0,0.0,0.0,3.0,23.266167
2016-07-12 04:00:00+00:00,32.524498,18.5245,27.782547,12.72283,177.44958,0.0,0.0,0.0,0.0,1.0,25.609917
2016-07-13 04:00:00+00:00,31.5245,21.9745,29.073732,12.72283,210.2563,0.0,7.0,2.4,2.4,53.0,25.455751
2016-07-14 04:00:00+00:00,31.7245,22.2245,28.444603,18.204042,233.86029,0.0,6.0,3.0000002,3.0000002,55.0,25.816164
2016-07-15 04:00:00+00:00,30.2245,21.8745,26.91776,17.935081,242.95671,0.0,2.0,0.3,0.3,51.0,24.918251
2016-07-16 04:00:00+00:00,28.824501,20.2245,26.381035,11.480557,261.72415,0.0,5.0,1.2,1.2,51.0,23.64325
2016-07-17 04:00:00+00:00,30.824501,17.5245,25.865297,15.175612,234.44215,0.0,0.0,0.0,0.0,3.0,24.27658
2016-07-18 04:00:00+00:00,28.7745,22.424501,27.803648,19.513195,230.76675,0.0,10.0,6.0000005,6.0000005,61.0,24.895334
2016-07-19 04:00:00+00:00,29.924501,19.2245,26.134521,13.551501,336.84833,0.0,0.0,0.0,0.0,2.0,24.478666
2016-07-20 04:00:00+00:00,30.2745,15.9244995,24.303041,9.904906,352.4928,0.0,0.0,0.0,0.0,3.0,23.782837
2016-07-21 04:00:00+00:00,33.074497,16.324501,26.73349,12.641076,232.07191,0.0,0.0,0.0,0.0,3.0,25.457832
2016-07-22 04:00:00+00:00,32.4745,22.424501,28.22083,14.145756,238.21912,0.0,5.0,1.6,1.6,53.0,25.947416
2016-07-23 04:00:00+00:00,33.4245,22.924501,31.783415,11.298495,252.99359,0.0,7.0,1.6,1.6,51.0,27.145334
2016-07-24 04:00:00+00:00,34.574497,20.174501,30.724737,15.509274,171.58772,0.0,3.0,2.8999999,2.8999999,61.0,26.472414
2016-07-25 04:00:00+00:00,33.774498,22.424501,31.432518,13.891522,234.05548,0.0,3.0,5.3,5.3,63.0,26.955751
2016-07-26 04:00:00+00:00,31.7245,22.7245,30.164902,11.165805,328.29858,0.0,0.0,0.0,0.0,3.0,27.024498
2016-07-27 04:00:00+00:00,32.274498,21.574501,28.398565,8.854829,26.425882,0.0,0.0,0.0,0.0,3.0,26.128664
2016-07-28 04:00:00+00:00,28.674501,21.8745,28.432257,7.69592,160.19012,0.0,12.0,12.5,12.5,61.0,24.037003
2016-07-29 04:00:00+00:00,28.9745,20.7245,28.270424,7.2,341.56476,0.0,4.0,1.6,1.6,53.0,24.403666
2016-07-30 04:00:00+00:00,25.424501,20.8745,26.430437,7.9932966,128.15729,0.0,18.0,15.700001,15.700001,61.0,22.53908
2016-07-31 04:00:00+00:00,28.9745,20.2745,27.550787,8.557102,225.69574,0.0,10.0,6.3999996,6.3999996,61.0,23.593252
2016-08-01 04:00:00+00:00,29.1245,20.0245,27.851585,6.151683,275.71045,0.0,2.0,0.3,0.3,51.0,24.064081
2016-08-02 04:00:00+00:00,30.574501,19.674501,27.916199,9.585739,28.759525,0.0,0.0,0.0,0.0,2.0,24.757833
2016-08-03 04:00:00+00:00,29.3745,19.7245,27.101387,10.086427,116.67944,0.0,3.0,1.5999999,1.5999999,53.0,24.443253
2016-08-04 04:00:00+00:00,26.924501,20.6245,26.099258,12.413477,142.53194,0.0,1.0,0.1,0.1,51.0,23.987
2016-08-05 04:00:00+00:00,29.824501,20.924501,27.730608,13.104198,189.83115,0.0,7.0,1.1,1.1,51.0,25.162
2016-08-06 04:00:00+00:00,29.6245,21.8745,27.36492,13.392774,315.5704,0.0,4.0,1.0,1.0,51.0,25.418253
2016-08-07 04:00:00+00:00,27.9745,17.1245,24.096756,11.5199995,339.6658,0.0,0.0,0.0,0.0,3.0,23.164085
2016-08-08 04:00:00+00:00,30.1245,18.7245,24.40087,10.990322,74.69659,0.0,0.0,0.0,0.0,3.0,24.084917
2016-08-09 04:00:00+00:00,31.074501,19.674501,27.266077,12.864649,144.9459,0.0,4.0,1.6000001,1.6000001,55.0,25.291166
2016-08-10 04:00:00+00:00,30.5245,22.174501,28.93296,12.429127,210.84317,0.0,21.0,43.8,43.8,65.0,24.720331
2016-08-11 04:00:00+00:00,31.824501,22.6245,31.381447,9.255571,202.55318,0.0,5.0,2.7,2.7,61.0,26.693253
2016-08-12 04:00:00+00:00,31.7245,24.2245,31.613623,12.682018,215.4933,0.0,6.0,6.0,6.0,63.0,26.81617
2016-08-13 04:00:00+00:00,32.524498,23.824501,31.211378,17.0763,214.54643,0.0,2.0,2.5,2.5,61.0,27.164083
2016-08-14 04:00:00+00:00,27.4745,22.0245,28.1165,16.1198,243.35738,0.0,13.0,23.1,23.1,65.0,24.37033
2016-08-15 04:00:00+00:00,27.574501,21.7745,29.030699,9.227524,142.72856,0.0,8.0,2.6000001,2.6000001,55.0,24.416166
2016-08-16 04:00:00+00:00,30.674501,22.2745,28.613823,23.419376,211.08833,0.0,9.0,5.2000003,5.2000003,61.0,25.643248
2016-08-17 04:00:00+00:00,26.324501,21.424501,26.447815,10.105681,243.07239,0.0,18.0,13.299999,13.299999,61.0,22.774498
2016-08-18 04:00:00+00:00,28.0245,21.074501,26.800247,11.966953,270.72366,0.0,4.0,0.5,0.5,51.0,23.814085
2016-08-19 04:00:00+00:00,29.2245,19.4745,27.544313,8.707238,176.43607,0.0,2.0,1.2,1.2,53.0,23.730751
2016-08-20 04:00:00+00:00,29.2245,20.674501,27.77566,14.05845,179.23482,0.0,2.0,0.4,0.4,51.0,24.709915
2016-08-21 04:00:00+00:00,26.0245,20.4745,24.849146,15.542662,252.91765,0.0,13.0,11.200001,11.200001,61.0,22.859919
2016-08-22 04:00:00+00:00,24.0245,17.324501,21.405252,10.24578,319.60452,0.0,0.0,0.0,0.0,3.0,20.69325
2016-08-23 04:00:00+00:00,26.9745,16.2745,22.94668,7.9932976,140.92061,0.0,0.0,0.0,0.0,3.0,21.628668
2016-08-24 04:00:00+00:00,29.574501,17.1245,24.618088,14.512064,180.78882,0.0,0.0,0.0,0.0,3.0,23.195333
2016-08-25 04:00:00+00:00,30.2245,21.5245,28.055536,14.277983,222.08536,0.0,10.0,10.9,10.9,63.0,24.943247
2016-08-26 04:00:00+00:00,30.2245,21.674501,28.973162,8.766573,302.75546,0.0,0.0,0.0,0.0,3.0,25.478666
2016-08-27 04:00:00+00:00,32.4745,19.7745,28.879747,8.39657,89.653824,0.0,0.0,0.0,0.0,3.0,25.845335
2016-08-28 04:00:00+00:00,31.824501,22.1245,30.541914,9.983106,168.83514,0.0,5.0,8.2,8.2,63.0,26.09117
2016-08-29 04:00:00+00:00,29.324501,21.6245,27.342886,11.435313,10.899443,0.0,0.0,0.0,0.0,3.0,24.482834
2016-08-30 04:00:00+00:00,29.574501,16.924501,24.956184,9.83268,17.999588,0.0,0.0,0.0,0.0,3.0,23.276583
2016-08-31 04:00:00+00:00,28.0245,18.6245,24.89498,8.12197,261.0506,0.0,3.0,0.5,0.5,51.0,22.72242
2016-09-01 04:00:00+00:00,24.924501,17.8745,21.616465,14.471821,348.70554,0.0,0.0,0.0,0.0,3.0,21.049501
2016-09-02 04:00:00+00:00,24.174501,14.874499,18.871733,13.783817,34.63088,0.0,0.0,0.0,0.0,3.0,19.532833
2016-09-03 04:00:00+00:00,26.074501,14.874499,20.308142,11.592895,44.602722,0.0,0.0,0.0,0.0,1.0,20.295334
2016-09-04 04:00:00+00:00,28.1245,14.6744995,22.146416,7.9932976,72.27669,0.0,0.0,0.0,0.0,0.0,21.495333
2016-09-05 04:00:00+00:00,29.7245,15.2245,24.111792,8.049845,136.68466,0.0,0.0,0.0,0.0,0.0,22.80992
2016-09-06 04:00:00+00:00,30.3745,17.924501,25.982813,11.631956,266.46777,0.0,0.0,0.0,0.0,3.0,23.976585
2016-09-07 04:00:00+00:00,31.174501,20.674501,27.9731,12.594856,262.32428,0.0,13.0,8.4,8.4,63.0,24.572416
2016-09-08 04:00:00+00:00,31.174501,21.7745,28.338999,19.576189,235.14146,0.0,5.0,4.2,4.2,53.0,25.691164
2016-09-09 04:00:00+00:00,27.7745,22.2245,28.44529,8.217153,246.9255,0.0,20.0,9.6,9.6,55.0,23.851583
2016-09-10 04:00:00+00:00,31.5245,21.924501,28.249208,20.696087,207.42268,0.0,4.0,2.6,2.6,53.0,25.95575
2016-09-11 04:00:00+00:00,23.574501,16.674501,20.035164,17.873554,314.4094,0.0,4.0,2.0,2.0,53.0,20.072416
2016-09-12 04:00:00+00:00,26.674501,13.6744995,20.34125,8.913181,81.25393,0.0,0.0,0.0,0.0,1.0,20.109919
2016-09-13 04:00:00+00:00,29.174501,16.674501,23.303322,11.183201,210.73146,0.0,0.0,0.0,0.0,1.0,22.551584
2016-09-14 04:00:00+00:00,27.574501,16.7245,22.18727,14.182355,313.54483,0.0,4.0,1.5,1.5,53.0,20.91617
2016-09-15 04:00:00+00:00,25.174501,14.5745,19.224716,11.720751,43.234375,0.0,0.0,0.0,0.0,3.0,19.434916
2016-09-16 04:00:00+00:00,26.7245,16.074501,22.028685,14.529915,131.38034,0.0,3.0,0.4,0.4,51.0,21.270332
2016-09-17 04:00:00+00:00,28.7745,19.674501,24.72291,16.279802,190.04651,0.0,5.0,2.1999998,2.1999998,53.0,23.19325
2016-09-18 04:00:00+00:00,25.4745,19.924501,24.789667,11.792404,206.81763,0.0,7.0,3.5,3.5,61.0,21.916168
2016-09-19 04:00:00+00:00,26.3745,19.1245,24.718061,7.24486,342.072,0.0,4.0,2.8,2.8,61.0,22.0495
2016-09-20 04:00:00+00:00,29.074501,15.5245,23.934767,10.086427,19.770916,0.0,0.0,0.0,0.0,3.0,22.282835
2016-09-21 04:00:00+00:00,29.2745,15.9745,23.863173,9.504273,45.758034,0.0,0.0,0.0,0.0,0.0,22.403666
2016-09-22 04:00:00+00:00,29.7745,16.7745,24.418692,7.5942073,120.96368,0.0,0.0,0.0,0.0,0.0,23.101585
2016-09-23 04:00:00+00:00,30.2745,17.4745,24.843779,9.885262,267.1729,0.0,0.0,0.0,0.0,2.0,23.607832
2016-09-24 04:00:00+00:00,23.7245,16.2745,20.676006,11.043261,6.7042313,0.0,2.0,0.4,0.4,51.0,20.312
2016-09-25 04:00:00+00:00,24.424501,12.124499,16.445068,10.8955765,51.340145,0.0,0.0,0.0,0.0,3.0,17.789083
2016-09-26 04:00:00+00:00,28.3745,15.124499,19.598406,14.113653,210.03563,0.0,6.0,2.9,2.9,55.0,19.080751
2016-09-27 04:00:00+00:00,22.5245,11.0245,14.565575,16.548256,214.69524,0.0,0.0,0.0,0.0,1.0,16.366165
2016-09-28 04:00:00+00:00,23.924501,11.2745,16.129879,17.227419,133.0988,0.0,0.0,0.0,0.0,3.0,17.507833
2016-09-29 04:00:00+00:00,20.424501,14.874499,16.417036,20.275385,89.49414,0.0,20.0,34.399998,34.399998,63.0,16.632833
2016-09-30 04:00:00+00:00,17.924501,13.8245,14.131565,23.042812,83.88042,0.0,12.0,15.700001,15.700001,63.0,15.345332
2016-10-01 04:00:00+00:00,21.5245,14.0745,17.23261,12.57426,126.50155,0.0,10.0,8.8,8.8,61.0,16.707832
2016-10-02 04:00:00+00:00,21.074501,14.2245,16.881147,11.304229,219.28091,0.0,7.0,1.7,1.7,53.0,16.628668
2016-10-03 04:00:00+00:00,20.574501,11.2745,15.768303,6.9153743,323.9937,0.0,0.0,0.0,0.0,3.0,15.597416
2016-10-04 04:00:00+00:00,23.174501,10.7245,16.075573,14.458382,96.89435,0.0,0.0,0.0,0.0,3.0,16.778666
2016-10-05 04:00:00+00:00,22.074501,12.5745,15.936951,13.397612,124.55181,0.0,0.0,0.0,0.0,1.0,16.724499
2016-10-06 04:00:00+00:00,23.824501,10.9745,16.195314,12.303366,117.22225,0.0,0.0,0.0,0.0,2.0,16.705751
2016-10-07 04:00:00+00:00,24.0245,11.2245,17.03908,12.496718,132.18008,0.0,7.0,6.3,6.3,61.0,16.934916
2016-10-08 04:00:00+00:00,18.0245,12.4244995,15.672485,14.973577,326.61444,0.0,8.0,8.3,8.3,61.0,16.197418
2016-10-09 04:00:00+00:00,15.0745,8.4745,8.693532,17.068707,339.8636,0.0,0.0,0.0,0.0,3.0,11.832832
2016-10-10 04:00:00+00:00,15.7745,5.7245,8.723723,10.787993,357.3896,0.0,0.0,0.0,0.0,1.0,10.759915
2016-10-11 04:00:00+00:00,19.574501,6.0245004,10.271289,9.19939,128.14238,0.0,0.0,0.0,0.0,3.0,12.168251
2016-10-12 04:00:00+00:00,23.074501,8.7245,13.522732,13.627795,178.17114,0.0,0.0,0.0,0.0,3.0,15.182835
2016-10-13 04:00:00+00:00,15.0745,9.2745,11.375416,14.693999,291.94516,0.0,5.0,3.1,3.1,55.0,13.339085
2016-10-14 04:00:00+00:00,16.674501,4.4745,8.229619,10.495713,73.422264,0.0,0.0,0.0,0.0,3.0,10.399499
2016-10-15 04:00:00+00:00,23.9745,7.0245004,13.560387,13.1041975,163.33707,0.0,0.0,0.0,0.0,1.0,14.820333
2016-10-16 04:00:00+00:00,24.6245,15.0245,18.316843,15.629971,207.00043,0.0,0.0,0.0,0.0,3.0,18.884918
2016-10-17 04:00:00+00:00,25.674501,16.3745,19.879427,15.778518,200.864,0.0,6.0,2.8,2.8,55.0,20.012001
2016-10-18 04:00:00+00:00,26.4745,17.6245,21.123188,26.596178,212.61234,0.0,0.0,0.0,0.0,3.0,21.749496
2016-10-19 04:00:00+00:00,24.424501,18.6245,22.396057,14.48972,327.73352,0.0,7.0,3.0,3.0,53.0,20.997417
2016-10-20 04:00:00+00:00,26.2745,17.2745,21.873047,10.514218,311.1119,0.0,15.0,13.400002,13.400002,61.0,20.553665
2016-10-21 04:00:00+00:00,17.074501,8.5745,10.330268,20.268991,347.47726,0.0,24.0,53.6,53.6,65.0,12.007833
2016-10-22 04:00:00+00:00,9.5245,6.9245,3.6023037,25.759504,304.15286,0.0,7.0,1.4000001,1.4000001,51.0,8.107833
2016-10-23 04:00:00+00:00,17.7245,6.5745,8.467801,24.881702,250.27141,0.0,0.0,0.0,0.0,3.0,11.859916
2016-10-24 04:00:00+00:00,16.1745,9.124499,9.438274,24.735432,302.45673,0.0,1.0,0.2,0.2,51.0,12.428666
2016-10-25 04:00:00+00:00,11.5745,5.6245003,5.118564,13.246826,308.12256,0.0,0.0,0.0,0.0,3.0,8.439083
2016-10-26 04:00:00+00:00,11.0245,2.3745,3.9972012,13.527572,66.47804,0.0,4.0,0.8,0.8,51.0,7.0786667
2016-10-27 04:00:00+00:00,15.0745,8.5245,8.899614,19.959719,231.44035,0.0,14.0,12.599999,12.599999,61.0,11.461999
2016-10-28 04:00:00+00:00,12.5245,6.9245,6.427847,14.205182,276.55856,0.0,0.0,0.0,0.0,3.0,9.191166
2016-10-29 04:00:00+00:00,22.6245,8.5245,12.869761,18.723461,219.0652,0.0,0.0,0.0,0.0,3.0,15.045334
2016-10-30 04:00:00+00:00,20.424501,10.0745,14.807834,17.731598,276.99667,0.0,7.0,5.2999997,5.2999997,63.0,16.116167
2016-10-31 04:00:00+00:00,11.9745,7.0245004,6.2553296,12.682018,49.92717,0.0,0.0,0.0,0.0,3.0,9.1640835
2016-11-01 04:00:00+00:00,22.9745,7.1245003,13.464992,12.57426,167.23,0.0,0.0,0.0,0.0,3.0,14.545333
2016-11-02 04:00:00+00:00,24.7745,14.124499,18.228556,12.387348,217.18028,0.0,0.0,0.0,0.0,3.0,18.234915
2016-11-03 04:00:00+00:00,18.0245,12.1744995,15.202537,15.484185,282.39963,0.0,7.0,1.7,1.7,53.0,16.205751
2016-11-04 04:00:00+00:00,13.4244995,7.2245,7.696041,12.864649,341.08484,0.0,0.0,0.0,0.0,1.0,10.30575
2016-11-05 04:00:00+00:00,15.4745,2.8244998,6.4688034,12.10157,256.72037,0.0,0.0,0.0,0.0,0.0,9.1328335
2016-11-06 04:00:00+00:00,16.7745,5.9245,8.4600525,11.440978,304.7603,0.0,0.0,0.0,0.0,3.0,10.368251
2016-11-07 04:00:00+00:00,18.174501,4.1745,8.0183115,9.531505,96.98839,0.0,0.0,0.0,0.0,0.0,10.501583
2016-11-08 04:00:00+00:00,18.3745,5.9245,9.179894,12.43434,223.01453,0.0,3.0,1.2,1.2,53.0,11.53075
2016-11-09 04:00:00+00:00,10.874499,6.7745004,6.4032664,17.595861,315.3306,0.0,13.0,5.0999994,5.0999994,55.0,9.197415
2016-11-10 04:00:00+00:00,13.7245,3.8745,4.7780757,19.171478,246.24281,0.0,0.0,0.0,0.0,2.0,8.4765835
2016-11-11 04:00:00+00:00,11.624499,5.1745,4.3806043,20.456745,306.77505,0.0,0.0,0.0,0.0,3.0,8.6640835
2016-11-12 04:00:00+00:00,8.5245,0.12450001,0.7895116,11.252519,309.7556,0.0,0.0,0.0,0.0,0.0,4.166167
2016-11-13 04:00:00+00:00,12.0745,-0.12550002,1.0990614,11.592894,225.63507,0.0,0.0,0.0,0.0,0.0,4.826583
2016-11-14 04:00:00+00:00,13.0245,-0.8755,2.1762707,10.182337,200.68414,0.0,0.0,0.0,0.0,3.0,5.6099167
2016-11-15 04:00:00+00:00,13.5245,2.9745,4.664487,10.587918,213.55765,0.0,0.0,0.0,0.0,3.0,7.4557495
2016-11-16 04:00:00+00:00,13.374499,6.2745004,6.3316207,12.783802,271.00153,0.0,1.0,0.1,0.1,51.0,9.068251
2016-11-17 04:00:00+00:00,14.4244995,2.1245,6.2916455,10.661107,171.96706,0.0,0.0,0.0,0.0,3.0,8.305749
2016-11-18 04:00:00+00:00,20.574501,5.8745003,9.673045,13.358861,174.22197,0.0,0.0,0.0,0.0,3.0,11.8495
2016-11-19 04:00:00+00:00,13.0745,1.2745,3.389149,23.97989,238.16287,0.97999996,6.0,5.1,3.7,73.0,7.472416
2016-11-20 04:00:00+00:00,1.9245,-0.6255,-5.6378455,27.609911,278.56534,1.19,9.0,1.2,0.0,71.0,0.41616663
2016-11-21 04:00:00+00:00,1.1245,-1.6755002,-6.148077,23.4,286.9477,0.0,0.0,0.0,0.0,3.0,-0.26924998
2016-11-22 04:00:00+00:00,4.0245,-1.4254999,-3.4551122,14.618837,294.60663,0.0,0.0,0.0,0.0,3.0,0.75158334
2016-11-23 04:00:00+00:00,6.8745003,-2.1255,-1.3975621,11.4862,89.36199,0.0,0.0,0.0,0.0,3.0,2.1349165
2016-11-24 04:00:00+00:00,10.2745,4.1245003,4.848432,13.004922,214.3237,0.0,6.0,1.8,1.8,53.0,7.3203335
2016-11-25 04:00:00+00:00,7.6245003,4.9745,3.913965,10.1376915,268.0951,0.0,0.0,0.0,0.0,3.0,6.4370003
2016-11-26 04:00:00+00:00,6.3745003,2.8745,0.13129145,18.671474,273.06897,0.0,5.0,0.5,0.5,51.0,4.036999
2016-11-27 04:00:00+00:00,7.8245,1.2245,0.5060992,10.8955765,230.37793,0.0,0.0,0.0,0.0,3.0,3.9890835
2016-11-28 04:00:00+00:00,11.4244995,-0.0255,1.3358006,17.84816,138.66376,0.0,0.0,0.0,0.0,3.0,5.2890835
2016-11-29 04:00:00+00:00,16.4745,6.6745,9.43447,22.915916,181.94804,0.0,11.0,8.100001,8.100001,63.0,11.4995
2016-11-30 04:00:00+00:00,15.5745,9.5745,10.11176,20.94507,178.37451,0.0,13.0,10.599999,10.599999,63.0,11.876583
2016-12-01 04:00:00+00:00,9.9745,3.6745,0.9097147,22.668568,259.6905,0.0,2.0,1.4000001,1.4000001,55.0,5.487
2016-12-02 04:00:00+00:00,4.4745,1.7245,-1.4037846,18.751125,259.93933,0.0,0.0,0.0,0.0,3.0,3.2265832
2016-12-03 04:00:00+00:00,5.8245,1.3745,-0.8518055,15.542662,279.38608,0.0,0.0,0.0,0.0,3.0,3.137
2016-12-04 04:00:00+00:00,5.9245,0.87450004,-0.13261284,15.021105,120.9637,0.21000001,3.0,2.9,2.6,71.0,3.2453337
2016-12-05 04:00:00+00:00,6.3745003,0.87450004,0.7533452,19.586117,262.8307,0.0,5.0,3.5,3.5,61.0,4.247416
2016-12-06 04:00:00+00:00,5.3245,0.2745,-1.1556994,19.008547,111.36226,0.0,10.0,11.200001,11.200001,61.0,2.8953333
2016-12-07 04:00:00+00:00,5.7245,0.82449996,-0.68465567,16.343367,258.84006,0.0,2.0,0.2,0.2,51.0,3.3078334
2016-12-08 04:00:00+00:00,1.3745,-3.1255,-5.666345,20.991426,266.90894,0.0,0.0,0.0,0.0,3.0,-0.28175002
2016-12-09 04:00:00+00:00,-0.4755,-3.8755,-8.385484,20.570463,268.12534,0.0,0.0,0.0,0.0,3.0,-2.5796666
2016-12-10 04:00:00+00:00,-1.2755,-4.4754996,-8.164317,16.575644,257.70645,0.0,0.0,0.0,0.0,3.0,-2.9713335
2016-12-11 04:00:00+00:00,1.6245,-4.6755,-6.0500884,15.0038395,142.77756,2.8700001,14.0,3.9999998,0.100000024,73.0,-1.638
2016-12-12 04:00:00+00:00,4.8745003,-1.3755,-1.6762638,18.440998,249.13863,3.01,8.0,10.500001,6.1999993,75.0,2.4974165
2016-12-13 04:00:00+00:00,0.9245,-3.9754999,-4.968768,9.449572,230.67462,4.9700003,10.0,7.0000005,0.0,75.0,-1.3588333
2016-12-14 04:00:00+00:00,-1.1255,-5.5755,-8.8414545,19.559633,266.39502,0.0,0.0,0.0,0.0,3.0,-3.8817499
2016-12-15 04:00:00+00:00,-6.2755,-14.6755,-17.572456,24.993439,266.985,0.0,0.0,0.0,0.0,3.0,-10.979669
2016-12-16 04:00:00+00:00,-4.9754996,-19.825499,-16.286528,12.181625,178.70906,0.0,0.0,0.0,0.0,3.0,-11.242166
2016-12-17 04:00:00+00:00,12.0745,-4.2755,-0.043253023,23.893261,186.84761,1.4000001,17.0,15.799999,14.0,73.0,3.8224165
2016-12-18 04:00:00+00:00,14.5745,-5.3754997,-1.6464642,24.033876,297.14044,1.12,13.0,23.400002,21.900002,73.0,2.411999
2016-12-19 04:00:00+00:00,-0.9255,-7.0255,-8.247429,9.531505,327.8043,0.0,0.0,0.0,0.0,3.0,-4.2984166
2016-12-20 04:00:00+00:00,2.8745,-8.0255,-8.193168,14.8257065,198.09305,0.0,0.0,0.0,0.0,3.0,-3.5234163
2016-12-21 04:00:00+00:00,4.5745,-3.0755,-4.9236236,13.830749,215.326,0.0,0.0,0.0,0.0,3.0,-0.2984167
2016-12-22 04:00:00+00:00,3.1245,-1.5255,-3.2809756,18.359999,261.3706,0.0,0.0,0.0,0.0,3.0,1.3578334
2016-12-23 04:00:00+00:00,4.6245003,-2.0255,-2.896823,13.358861,189.63034,0.0,0.0,0.0,0.0,3.0,1.0974166
2016-12-24 04:00:00+00:00,6.3245,2.1745,1.1464616,19.296133,230.20895,0.0,7.0,3.0000002,3.0000002,53.0,4.5474167
2016-12-25 04:00:00+00:00,4.6745,0.17449999,-0.99864477,11.212135,63.220234,0.07,0.0,0.0,0.0,71.0,2.1849167
2016-12-26 04:00:00+00:00,16.1245,4.5245004,7.0009265,25.944988,170.6478,0.0,7.0,4.2000003,4.2000003,61.0,9.972417
2016-12-27 04:00:00+00:00,16.1745,1.4745,3.6969612,28.348713,257.4998,0.0,6.0,4.3999996,4.3999996,61.0,7.6390834
2016-12-28 04:00:00+00:00,4.8745003,0.17449999,-2.439551,16.039202,250.43503,0.0,0.0,0.0,0.0,3.0,1.7474165
2016-12-29 04:00:00+00:00,3.9745,0.2245,-2.3947241,21.611998,245.647,0.56,8.0,2.8999999,2.1,73.0,2.1911666
2016-12-30 04:00:00+00:00,0.87450004,-2.1755002,-6.213593,22.553936,275.88437,0.97999996,7.0,1.0,0.0,71.0,-0.663
2016-12-31 04:00:00+00:00,5.6745,-2.5255,-3.9839232,25.277023,210.82826,0.0,7.0,1.7,1.7,53.0,1.45575
2017-01-01 04:00:00+00:00,6.6745,-0.5255,-0.8354458,21.889065,240.18848,0.0,4.0,1.0,1.0,53.0,2.73075
2017-01-02 04:00:00+00:00,7.8245,2.2245,3.0368927,13.37825,106.29657,0.0,13.0,2.9999993,2.9999993,55.0,5.9286675
2017-01-03 04:00:00+00:00,9.5745,5.9745,4.9199123,14.48972,135.49104,0.0,17.0,14.400001,14.400001,61.0,7.3515835
2017-01-04 04:00:00+00:00,9.0745,-5.2254996,-3.288645,27.475807,273.1476,0.0,8.0,2.2,2.2,53.0,2.0328333
2017-01-05 04:00:00+00:00,-2.4755,-7.8255,-10.608495,20.16,253.73003,1.47,8.0,2.1000001,0.0,73.0,-5.067167
2017-01-06 04:00:00+00:00,-5.0255,-11.875501,-13.491242,14.264361,293.98138,0.42000002,3.0,0.6,0.0,73.0,-8.421334
2017-01-07 04:00:00+00:00,-6.6254997,-13.4255,-15.909223,15.379206,296.89737,0.0,0.0,0.0,0.0,3.0,-10.7525835
2017-01-08 04:00:00+00:00,-7.6255,-13.125501,-17.277983,24.014996,270.7174,0.14,2.0,0.2,0.0,71.0,-10.954666
2017-01-09 04:00:00+00:00,-0.6255,-13.1755,-12.867326,12.682018,187.69597,0.0,0.0,0.0,0.0,3.0,-7.7025833
2017-01-10 04:00:00+00:00,8.2245,-4.1755,-3.6352236,31.433586,177.1806,0.42000002,12.0,5.3,4.7,73.0,1.5890833
2017-01-11 04:00:00+00:00,13.2245,2.5744998,4.7424154,33.657593,202.77042,0.0,9.0,9.4,9.4,61.0,8.4495
2017-01-12 04:00:00+00:00,17.2745,4.9745,10.282285,30.652895,222.63617,0.0,16.0,11.800001,11.800001,63.0,13.245332
2017-01-13 04:00:00+00:00,3.3244998,-2.7755,-3.8269997,13.493999,325.98798,0.0,0.0,0.0,0.0,3.0,0.4703333
2017-01-14 04:00:00+00:00,2.0245,-3.3755,-4.1889825,10.086427,35.24763,0.0,2.0,0.2,0.2,51.0,-0.44425002
2017-01-15 04:00:00+00:00,3.1745,-4.8754997,-4.2697062,9.178235,317.87842,0.0,0.0,0.0,0.0,3.0,-0.7213333
2017-01-16 04:00:00+00:00,3.8745,-3.5255,-2.913967,7.9932966,83.94241,0.0,2.0,0.3,0.3,51.0,0.23283327
2017-01-17 04:00:00+00:00,15.3245,2.0245,7.0209007,21.638964,199.94606,0.0,18.0,14.700001,14.700001,63.0,9.151582
2017-01-18 04:00:00+00:00,10.4244995,4.1245003,2.7305768,17.462784,271.09793,0.0,6.0,0.90000004,0.90000004,51.0,6.176584
2017-01-19 04:00:00+00:00,8.8245,1.3245001,1.3878342,12.413476,234.61049,0.0,0.0,0.0,0.0,3.0,4.3244996
2017-01-20 04:00:00+00:00,12.2245,-0.07550001,4.529367,14.24163,152.7671,0.0,10.0,6.399999,6.399999,61.0,6.8453336
2017-01-21 04:00:00+00:00,18.324501,4.0745,9.358996,15.496736,189.09018,0.0,3.0,0.5,0.5,51.0,10.764083
2017-01-22 04:00:00+00:00,17.1245,7.1745,9.734581,12.224107,82.94224,0.0,0.0,0.0,0.0,3.0,11.3411665
2017-01-23 04:00:00+00:00,9.4745,2.1745,2.7606666,21.868332,66.880226,5.5299997,21.0,30.200005,22.300001,75.0,6.2890835
2017-01-24 04:00:00+00:00,6.1245003,2.0245,0.11234615,19.95972,304.44614,0.14,7.0,2.0,1.8000001,71.0,3.7765834
2017-01-25 04:00:00+00:00,12.6744995,2.6745,3.5242891,19.164719,223.35406,0.0,7.0,6.2,6.2,63.0,6.916166
2017-01-26 04:00:00+00:00,9.374499,0.82449996,-0.7424369,33.487743,261.58188,0.14,13.0,2.9,2.7,71.0,4.326584
2017-01-27 04:00:00+00:00,2.7745,-1.5255,-5.57914,26.836306,259.58405,0.56,6.0,0.8,0.1,71.0,0.30991665
2017-01-28 04:00:00+00:00,3.1745,-2.4755,-5.7163424,25.759504,247.47409,0.28,3.0,0.4,0.0,71.0,-0.092166744
2017-01-29 04:00:00+00:00,1.9745,-2.4255002,-5.3769145,18.374111,266.70825,1.19,7.0,1.7,0.0,73.0,-0.64633316
2017-01-30 04:00:00+00:00,-0.6755,-4.5255,-7.8673573,22.530937,277.01413,0.97999996,9.0,1.4,0.0,73.0,-2.8005002
2017-01-31 04:00:00+00:00,5.2745004,-4.5255,-4.1185794,25.38702,230.26836,3.01,19.0,6.2999997,2.1,73.0,0.93283325
2017-02-01 04:00:00+00:00,5.1245003,1.0245,-1.9165453,25.071096,256.31204,0.42000002,9.0,1.4000001,0.8000001,71.0,2.80575
2017-02-02 04:00:00+00:00,1.2245,-3.9754999,-5.5767937,21.218632,277.61844,0.28,3.0,0.4,0.0,71.0,-0.4088333
2017-02-03 04:00:00+00:00,-1.4254999,-6.5755,-9.912259,20.730501,283.67468,0.0,0.0,0.0,0.0,3.0,-4.4984164
2017-02-04 04:00:00+00:00,1.3245001,-8.2255,-9.24326,15.459054,240.8381,0.0,0.0,0.0,0.0,3.0,-4.0192504
2017-02-05 04:00:00+00:00,7.3245,-3.2755,-2.553126,25.045238,237.14098,0.0,0.0,0.0,0.0,3.0,2.6953335
2017-02-06 04:00:00+00:00,12.0745,-3.2255,0.36505592,15.546833,223.02509,0.0,0.0,0.0,0.0,3.0,3.907833
2017-02-07 04:00:00+00:00,16.6245,6.9245,9.881138,25.96995,210.14694,0.0,21.0,25.9,25.9,63.0,12.31825
2017-02-08 04:00:00+00:00,12.9244995,0.074499995,4.0154066,23.166216,299.59937,0.98,10.0,6.3999996,4.9999995,73.0,7.447416
2017-02-09 04:00:00+00:00,-0.6755,-9.7255,-10.485284,31.76375,307.7099,7.420001,13.0,10.600001,0.0,75.0,-4.5400834
2017-02-10 04:00:00+00:00,-1.1754999,-11.0255,-11.451996,16.071491,216.72865,0.14,3.0,0.5,0.3,71.0,-6.363001
2017-02-11 04:00:00+00:00,12.1744995,0.2245,3.1531,14.512064,228.05977,0.0,0.0,0.0,0.0,3.0,6.6119995
2017-02-12 04:00:00+00:00,14.0745,2.6245,4.891039,31.731092,270.8589,0.0,16.0,14.599999,14.599999,63.0,8.114084
2017-02-13 04:00:00+00:00,4.2245,-1.9255002,-5.0613227,30.871965,299.63684,0.07,1.0,0.1,0.0,71.0,0.66616666
2017-02-14 04:00:00+00:00,9.6744995,-3.0255,-1.6474594,22.768396,223.25888,0.0,0.0,0.0,0.0,3.0,3.0099165
2017-02-15 04:00:00+00:00,4.0745,-2.2755,-3.3182106,27.757378,288.0446,0.49,10.0,1.4000002,0.70000005,73.0,2.0953333
2017-02-16 04:00:00+00:00,-0.0255,-4.3754997,-7.85197,24.863466,295.43253,0.48999998,7.0,0.70000005,0.0,71.0,-2.4150832
2017-02-17 04:00:00+00:00,12.0245,-5.4754996,-1.3322273,10.495713,176.74423,0.0,0.0,0.0,0.0,3.0,2.1953337
2017-02-18 04:00:00+00:00,18.0245,4.7245,7.042835,19.376562,220.78217,0.0,0.0,0.0,0.0,3.0,10.7369995
2017-02-19 04:00:00+00:00,17.424501,5.9245,7.956457,16.75064,251.3252,0.0,0.0,0.0,0.0,3.0,10.751582
2017-02-20 04:00:00+00:00,15.1744995,2.0245,6.1927147,10.823973,303.68958,0.0,0.0,0.0,0.0,3.0,8.297417
2017-02-21 04:00:00+00:00,19.574501,7.2745004,9.358074,13.324863,157.29909,0.0,0.0,0.0,0.0,3.0,12.078668
2017-02-22 04:00:00+00:00,18.4745,9.874499,12.090329,14.529915,205.40314,0.0,0.0,0.0,0.0,3.0,13.7057495
2017-02-23 04:00:00+00:00,19.8745,11.5745,13.75414,19.95972,211.73262,0.0,7.0,2.2,2.2,55.0,14.872417
2017-02-24 04:00:00+00:00,23.424501,11.9244995,15.307861,26.178707,186.53358,0.0,3.0,0.6,0.6,51.0,16.797417
2017-02-25 04:00:00+00:00,17.074501,-0.6755,5.741096,29.723444,246.72156,0.0,6.0,10.500001,10.500001,63.0,9.9995
2017-02-26 04:00:00+00:00,5.1745,-2.5255,-5.2305803,24.031178,265.33917,0.0,0.0,0.0,0.0,3.0,0.3453333
2017-02-27 04:00:00+00:00,10.0745,0.074499995,0.39281425,17.906157,194.99933,0.0,4.0,1.5,1.5,53.0,4.33075
2017-02-28 04:00:00+00:00,14.3245,3.8745,6.4731193,20.140705,175.11168,0.0,8.0,3.6999998,3.6999998,55.0,9.093249
2017-03-01 04:00:00+00:00,18.4745,7.1745,11.09188,33.933697,226.20047,0.0,14.0,23.400002,23.400002,63.0,13.949501
2017-03-02 04:00:00+00:00,5.7745004,-1.0255,-4.2100797,35.105072,284.9905,0.28,7.0,0.8000001,0.4,71.0,2.0744998
2017-03-03 04:00:00+00:00,1.7245,-9.625501,-8.097923,27.381308,290.79352,0.84,9.0,1.2,0.0,73.0,-2.56925
2017-03-04 04:00:00+00:00,-0.6255,-10.9255,-10.153678,13.513193,309.48282,0.0,0.0,0.0,0.0,3.0,-5.467167
2017-03-05 04:00:00+00:00,8.6744995,-7.5755,-4.892544,10.931203,90.52086,0.0,0.0,0.0,0.0,3.0,-0.4109168
2017-03-06 04:00:00+00:00,14.6744995,1.4245,4.00138,19.694992,181.79472,0.0,10.0,7.0,7.0,55.0,7.297416
2017-03-07 04:00:00+00:00,15.4244995,10.2245,9.630328,23.34455,195.81259,0.0,22.0,23.499996,23.499996,63.0,12.316165
2017-03-08 04:00:00+00:00,13.0745,3.3745,3.087454,37.641953,247.09917,0.0,4.0,5.7,5.7,63.0,8.7161665
2017-03-09 04:00:00+00:00,13.7745,3.5744998,4.2318735,26.282465,280.85944,0.07,1.0,0.2,0.1,71.0,8.88075
2017-03-10 04:00:00+00:00,2.6745,-7.8755,-5.58066,27.776047,321.59842,6.65,14.0,9.500001,0.0,75.0,-0.7567499
2017-03-11 04:00:00+00:00,-3.4755,-11.6755,-12.906448,18.532133,304.3558,0.0,0.0,0.0,0.0,3.0,-7.606749
2017-03-12 04:00:00+00:00,-1.7755,-12.0755005,-10.899251,11.923557,309.2144,0.0,0.0,0.0,0.0,3.0,-6.242167
2017-03-13 04:00:00+00:00,5.6745,-11.3255005,-6.8902164,15.815435,82.89916,0.0,0.0,0.0,0.0,3.0,-2.3984163
2017-03-14 04:00:00+00:00,0.2745,-8.625501,-8.336803,26.712873,325.83646,2.9399996,19.0,4.1999993,0.1,73.0,-2.9713335
2017-03-15 04:00:00+00:00,-3.9255002,-9.0755005,-13.264205,32.84692,292.13434,1.4700001,15.0,2.1000001,0.0,71.0,-6.4525833
2017-03-16 04:00:00+00:00,1.6245,-8.7255,-9.792064,21.42227,285.07065,0.0,0.0,0.0,0.0,3.0,-4.279667
2017-03-17 04:00:00+00:00,5.8245,-8.9255,-5.1471515,10.685391,196.63744,2.2399998,6.0,3.4,0.20000005,75.0,-1.0984166
2017-03-18 04:00:00+00:00,8.1245,1.1245,0.7807047,16.563911,256.24493,0.21000001,17.0,6.099999,5.799999,71.0,4.0140834
2017-03-19 04:00:00+00:00,7.0745,0.6745,0.00059779483,12.819235,312.2416,0.0,1.0,0.1,0.1,51.0,3.5578334
2017-03-20 04:00:00+00:00,12.1744995,-0.4755,2.6475074,11.503113,226.04916,0.0,0.0,0.0,0.0,3.0,5.520333
2017-03-21 04:00:00+00:00,14.7745,5.6745,6.1834354,17.22742,309.50363,0.0,0.0,0.0,0.0,3.0,9.307834
2017-03-22 04:00:00+00:00,4.3745003,-3.9754999,-5.530709,21.194187,336.68063,0.0,0.0,0.0,0.0,3.0,-0.031749982
2017-03-23 04:00:00+00:00,9.6744995,-5.7254996,-2.8736823,12.594856,93.881325,0.0,0.0,0.0,0.0,2.0,1.0640836
2017-03-24 04:00:00+00:00,21.7245,2.8244998,9.186116,23.269482,211.17949,0.0,4.0,3.1000001,3.1000001,61.0,12.491166
2017-03-25 04:00:00+00:00,20.3745,13.1744995,15.7516775,14.88242,233.26709,0.0,2.0,1.1,1.1,53.0,16.674501
2017-03-26 04:00:00+00:00,19.7745,10.9244995,12.312848,20.345573,134.09853,0.0,9.0,6.2999997,6.2999997,61.0,14.274499
2017-03-27 04:00:00+00:00,19.674501,10.8245,13.947818,18.709612,227.64842,0.0,8.0,4.7999997,4.7999997,61.0,15.403665
2017-03-28 04:00:00+00:00,18.324501,9.0245,11.970382,18.514643,317.00952,0.0,13.0,10.3,10.3,61.0,13.203668
2017-03-29 04:00:00+00:00,15.4244995,4.6245003,7.1913967,12.682018,4.7456336,0.0,0.0,0.0,0.0,3.0,9.703667
2017-03-30 04:00:00+00:00,14.6744995,5.0245004,5.607502,19.08,103.6466,0.0,8.0,5.0,5.0,61.0,9.532833
2017-03-31 04:00:00+00:00,11.9244995,9.4244995,8.955147,16.199999,101.65715,0.0,22.0,29.5,29.5,63.0,10.566166
2017-04-01 04:00:00+00:00,9.7745,3.6745,2.9570684,20.018072,302.6508,0.0,2.0,0.9,0.9,53.0,6.682833
2017-04-02 04:00:00+00:00,15.2245,0.3245,5.4355073,9.114471,224.99986,0.0,0.0,0.0,0.0,3.0,7.8911667
2017-04-03 04:00:00+00:00,23.2745,6.5245004,11.578589,18.668005,135.97757,0.0,8.0,4.7,4.7,55.0,13.609918
2017-04-04 04:00:00+00:00,19.424501,12.5745,12.674477,34.51685,244.384,0.0,13.0,4.8999996,4.8999996,55.0,15.272416
2017-04-05 04:00:00+00:00,20.7745,5.5745,10.965329,21.889065,93.72286,0.0,0.0,0.0,0.0,3.0,13.222417
2017-04-06 04:00:00+00:00,16.574501,3.8745,8.49816,29.723444,225.11458,0.0,17.0,22.8,22.8,63.0,11.441165
2017-04-07 04:00:00+00:00,4.6245003,1.5244999,-2.9972088,30.421598,298.32016,1.19,15.0,4.3999996,2.6999998,73.0,2.9557498
2017-04-08 04:00:00+00:00,14.3245,-0.6755,2.762716,14.48972,283.0495,0.0,0.0,0.0,0.0,2.0,6.539084
2017-04-09 04:00:00+00:00,21.424501,1.8245001,8.921902,14.618837,177.42667,0.0,0.0,0.0,0.0,3.0,11.778667
2017-04-10 04:00:00+00:00,24.674501,10.9745,14.9438095,22.406927,208.10963,0.0,1.0,0.1,0.1,51.0,17.766167
2017-04-11 04:00:00+00:00,21.074501,13.0245,15.562348,17.208603,219.91782,0.0,9.0,8.1,8.1,63.0,16.857832
2017-04-12 04:00:00+00:00,18.074501,8.624499,11.137605,13.891522,313.0615,0.0,1.0,0.1,0.1,51.0,13.197417
2017-04-13 04:00:00+00:00,15.0745,5.5745,7.9026885,9.686609,46.888172,0.0,0.0,0.0,0.0,3.0,10.553666
2017-04-14 04:00:00+00:00,20.4745,8.0245,12.195434,9.227524,64.74065,0.0,0.0,0.0,0.0,3.0,14.011998
2017-04-15 04:00:00+00:00,26.174501,10.7745,17.039026,22.26477,203.62938,0.0,1.0,0.7,0.7,53.0,18.303665
2017-04-16 04:00:00+00:00,23.9745,16.6245,18.18802,32.042023,228.7222,0.0,13.0,8.099999,8.099999,63.0,19.597418
2017-04-17 04:00:00+00:00,19.924501,11.3245,14.600198,13.363711,334.42276,0.0,3.0,0.4,0.4,51.0,16.089083
2017-04-18 04:00:00+00:00,20.924501,6.8245,12.211488,12.88981,77.045944,0.0,0.0,0.0,0.0,3.0,14.162
2017-04-19 04:00:00+00:00,22.8745,12.7245,15.738017,22.45315,195.27846,0.0,6.0,4.2,4.2,63.0,17.382833
2017-04-20 04:00:00+00:00,25.2245,15.624499,20.085152,18.440998,213.83513,0.0,15.0,17.900003,17.900003,63.0,19.547413
2017-04-21 04:00:00+00:00,20.1245,10.1744995,15.794037,18.161278,282.97766,0.0,8.0,5.3999996,5.3999996,61.0,17.0745
2017-04-22 04:00:00+00:00,15.624499,6.7245,7.097292,14.869351,356.40848,0.0,3.0,0.6,0.6,51.0,10.1432495
2017-04-23 04:00:00+00:00,19.6245,4.2745,9.491847,12.7279215,75.1326,0.0,0.0,0.0,0.0,3.0,11.893249
2017-04-24 04:00:00+00:00,16.4245,6.3745003,8.442872,19.008547,87.42422,0.0,3.0,0.4,0.4,51.0,11.364083
2017-04-25 04:00:00+00:00,18.7745,9.9745,11.920929,18.782204,92.3746,0.0,4.0,1.5,1.5,53.0,13.661999
2017-04-26 04:00:00+00:00,24.8745,12.0745,17.926813,10.685391,126.12254,0.0,0.0,0.0,0.0,3.0,17.749502
2017-04-27 04:00:00+00:00,26.1245,13.8245,18.878048,21.542923,181.67479,0.0,5.0,2.1999998,2.1999998,61.0,19.49325
2017-04-28 04:00:00+00:00,22.9745,9.1744995,15.632805,15.782622,270.45834,0.0,4.0,1.0,1.0,51.0,16.312002
2017-04-29 04:00:00+00:00,20.7745,12.5745,17.22323,19.011953,322.25308,0.0,11.0,6.2,6.2,61.0,16.814083
2017-04-30 04:00:00+00:00,28.5245,15.0245,22.316034,20.140705,165.70856,0.0,3.0,1.6,1.6,55.0,21.684916
2017-05-01 04:00:00+00:00,27.574501,16.7245,20.281244,28.079998,194.81566,0.0,6.0,8.6,8.6,63.0,21.161999
2017-05-02 04:00:00+00:00,16.1245,10.2245,8.295127,37.936893,251.64902,0.0,8.0,1.1000001,1.1000001,51.0,13.036999
2017-05-03 04:00:00+00:00,15.6744995,8.1744995,7.617477,19.35314,297.0279,0.0,0.0,0.0,0.0,3.0,10.878666
2017-05-04 04:00:00+00:00,19.0245,8.3745,10.352853,20.3774,118.65638,0.0,9.0,5.9,5.9,61.0,13.178666
2017-05-05 04:00:00+00:00,22.1245,9.4745,13.232002,19.107151,109.86724,0.0,20.0,17.0,17.0,63.0,14.774499
2017-05-06 04:00:00+00:00,8.7245,5.5245004,3.2533863,26.925497,300.7303,0.0,24.0,13.999998,13.999998,55.0,7.230751
2017-05-07 04:00:00+00:00,13.8245,5.3745003,4.5703893,24.798225,296.8799,0.0,9.0,1.4,1.4,51.0,8.914084
2017-05-08 04:00:00+00:00,13.0745,2.4245,4.3073807,20.969805,303.8241,0.0,0.0,0.0,0.0,3.0,8.045333
2017-05-09 04:00:00+00:00,17.2245,2.2245,8.273791,8.891344,229.15709,0.0,0.0,0.0,0.0,3.0,10.409918
2017-05-10 04:00:00+00:00,20.6245,5.8245,12.146713,12.738099,41.95806,0.0,0.0,0.0,0.0,3.0,13.576583
2017-05-11 04:00:00+00:00,13.624499,10.5245,10.010039,17.339897,64.216576,0.0,6.0,9.400001,9.400001,63.0,11.884915
2017-05-12 04:00:00+00:00,12.9745,9.9244995,9.333007,13.779114,95.799774,0.0,7.0,1.0,1.0,51.0,11.401584
2017-05-13 04:00:00+00:00,17.7745,9.624499,11.302525,9.983106,1.2286465,0.0,6.0,0.70000005,0.70000005,51.0,12.776584
2017-05-14 04:00:00+00:00,20.7745,9.5745,12.151233,24.535524,299.7143,0.0,0.0,0.0,0.0,3.0,14.566167
2017-05-15 04:00:00+00:00,19.8745,5.6245003,10.832965,15.856354,320.17368,0.0,0.0,0.0,0.0,1.0,13.047417
2017-05-16 04:00:00+00:00,27.074501,7.1245003,17.672634,16.08761,184.33578,0.0,0.0,0.0,0.0,3.0,17.911999
2017-05-17 04:00:00+00:00,29.7245,16.7245,24.05161,21.817902,214.0805,0.0,0.0,0.0,0.0,3.0,23.486998
2017-05-18 04:00:00+00:00,27.9745,18.324501,23.80219,25.501621,220.66331,0.0,1.0,0.7,0.7,53.0,23.495337
2017-05-19 04:00:00+00:00,25.324501,17.6245,23.268898,12.819235,277.06247,0.0,11.0,3.3000002,3.3000002,61.0,21.674501
2017-05-20 04:00:00+00:00,21.9745,13.8245,17.265562,16.516901,64.02163,0.0,4.0,3.2999997,3.2999997,61.0,17.52033
2017-05-21 04:00:00+00:00,24.574501,15.0245,19.01317,17.673029,158.10374,0.0,11.0,11.499999,11.499999,63.0,18.757832
2017-05-22 04:00:00+00:00,20.5245,13.9244995,17.300964,18.709612,245.86626,0.0,8.0,1.7,1.7,53.0,17.774502
2017-05-23 04:00:00+00:00,22.824501,11.4244995,16.121302,14.685176,119.72883,0.0,0.0,0.0,0.0,3.0,16.81825
2017-05-24 04:00:00+00:00,20.074501,14.1744995,15.213971,22.104116,119.09026,0.0,7.0,2.8,2.8,55.0,16.409918
2017-05-25 04:00:00+00:00,19.074501,13.5245,14.709844,20.26899,170.36252,0.0,23.0,30.100002,30.100002,63.0,15.4245
2017-05-26 04:00:00+00:00,19.574501,13.9745,15.052646,22.553936,282.5617,0.0,12.0,3.0,3.0,53.0,16.239084
2017-05-27 04:00:00+00:00,22.574501,13.0245,17.88342,7.771331,110.55613,0.0,8.0,12.4,12.4,63.0,17.101582
2017-05-28 04:00:00+00:00,23.4745,14.0745,20.22793,14.587776,173.91673,0.0,12.0,16.7,16.7,63.0,18.912
2017-05-29 04:00:00+00:00,24.174501,16.5245,19.963484,16.870138,235.55019,0.0,9.0,14.400001,14.400001,63.0,19.964083
2017-05-30 04:00:00+00:00,24.824501,15.9244995,19.897417,22.691425,225.40384,0.0,2.0,0.2,0.2,51.0,20.099499
2017-05-31 04:00:00+00:00,22.7245,13.1744995,17.521954,19.406637,228.25131,0.0,7.0,3.6999998,3.6999998,63.0,18.074501
2017-06-01 04:00:00+00:00,23.2245,11.874499,16.898268,17.643673,277.98,0.0,0.0,0.0,0.0,3.0,18.014084
2017-06-02 04:00:00+00:00,22.4745,11.624499,16.925142,17.309975,307.614,0.0,1.0,0.5,0.5,53.0,17.632833
2017-06-03 04:00:00+00:00,25.2245,14.9244995,19.250925,14.003029,298.32034,0.0,0.0,0.0,0.0,3.0,19.85575
2017-06-04 04:00:00+00:00,27.674501,15.5745,21.526825,18.556595,227.31635,0.0,4.0,4.9,4.9,63.0,21.612
2017-06-05 04:00:00+00:00,22.2745,15.9745,20.84139,14.118243,249.09494,0.0,18.0,10.8,10.8,63.0,19.503668
2017-06-06 04:00:00+00:00,19.2245,12.874499,14.67385,19.083395,310.8817,0.0,5.0,0.6,0.6,51.0,16.30575
2017-06-07 04:00:00+00:00,18.074501,12.624499,13.679825,14.512064,29.073292,0.0,5.0,0.6,0.6,51.0,14.941166
2017-06-08 04:00:00+00:00,20.2245,11.874499,15.775086,9.0,65.66296,0.0,1.0,0.2,0.2,51.0,16.291166
2017-06-09 04:00:00+00:00,24.174501,11.374499,17.878988,16.75064,255.45761,0.0,0.0,0.0,0.0,3.0,18.353666
2017-06-10 04:00:00+00:00,27.924501,15.8245,21.77575,18.584509,211.10977,0.0,6.0,4.6,4.6,61.0,21.747416
2017-06-11 04:00:00+00:00,30.2245,17.5245,24.81099,17.533146,227.751,0.0,0.0,0.0,0.0,2.0,24.01825
2017-06-12 04:00:00+00:00,30.824501,18.674501,26.8312,15.141414,233.34378,0.0,0.0,0.0,0.0,3.0,25.251581
2017-06-13 04:00:00+00:00,30.424501,21.2745,28.01166,17.0763,223.69286,0.0,5.0,1.0,1.0,51.0,25.016165
2017-06-14 04:00:00+00:00,28.174501,20.824501,27.407282,9.0,212.7488,0.0,6.0,11.0,11.0,63.0,23.649504
2017-06-15 04:00:00+00:00,30.8745,20.824501,27.580107,17.287498,185.24373,0.0,13.0,17.0,17.0,63.0,24.314085
2017-06-16 04:00:00+00:00,25.674501,19.8745,26.22725,10.086427,177.5634,0.0,6.0,4.2,4.2,63.0,22.88075
2017-06-17 04:00:00+00:00,29.824501,18.0245,27.016966,12.429127,166.49611,0.0,1.0,0.2,0.2,51.0,24.139084
2017-06-18 04:00:00+00:00,32.1745,20.674501,27.429907,22.59699,200.98189,0.0,6.0,9.099999,9.099999,63.0,25.29325
2017-06-19 04:00:00+00:00,26.5245,19.074501,23.188826,17.462784,233.97249,0.0,14.0,29.0,29.0,65.0,22.032831
2017-06-20 04:00:00+00:00,24.674501,16.074501,19.805756,21.26744,245.87721,0.0,1.0,0.1,0.1,51.0,20.478666
2017-06-21 04:00:00+00:00,25.574501,16.824501,22.00569,19.852295,252.33966,0.0,5.0,0.6,0.6,51.0,21.339083
2017-06-22 04:00:00+00:00,28.8745,17.6245,26.00044,12.57426,203.64493,0.0,5.0,5.9,5.9,63.0,23.057833
2017-06-23 04:00:00+00:00,26.4745,20.2745,24.410204,25.277025,223.33733,0.0,19.0,29.599998,29.599998,65.0,22.38075
2017-06-24 04:00:00+00:00,25.924501,19.3745,22.50351,21.758419,262.35037,0.0,7.0,4.5,4.5,61.0,22.00367
2017-06-25 04:00:00+00:00,23.424501,15.124499,18.244326,25.567604,263.43738,0.0,0.0,0.0,0.0,1.0,19.562
2017-06-26 04:00:00+00:00,22.174501,13.3245,16.23639,21.068459,250.84427,0.0,5.0,2.3,2.3,61.0,17.870333
2017-06-27 04:00:00+00:00,19.8745,12.9244995,15.178085,23.452555,273.0984,0.0,3.0,1.1,1.1,53.0,16.65575
2017-06-28 04:00:00+00:00,24.7245,11.8245,18.152893,10.799999,208.13431,0.0,0.0,0.0,0.0,3.0,18.351583
2017-06-29 04:00:00+00:00,28.1245,15.5245,22.25553,20.620804,200.7382,0.0,3.0,0.70000005,0.70000005,51.0,22.091166
2017-06-30 04:00:00+00:00,29.4745,20.424501,26.529589,21.889065,214.31096,0.0,13.0,17.5,17.5,65.0,24.128668
2017-07-01 04:00:00+00:00,28.824501,21.0245,26.016434,19.245697,232.13188,0.0,12.0,3.6999998,3.6999998,53.0,23.984919
2017-07-02 04:00:00+00:00,28.5245,18.2245,24.943045,17.298738,255.01236,0.0,1.0,0.1,0.1,51.0,23.701586
2017-07-03 04:00:00+00:00,29.2745,17.7745,25.489662,9.957108,287.18362,0.0,6.0,1.9,1.9,53.0,23.387001
2017-07-04 04:00:00+00:00,28.6245,18.424501,25.734598,9.47012,36.29059,0.0,1.0,0.2,0.2,51.0,23.24117
2017-07-05 04:00:00+00:00,28.8745,17.5245,26.130114,13.281023,72.20692,0.0,5.0,1.1,1.1,51.0,23.189087
2017-07-06 04:00:00+00:00,25.2245,20.6245,25.925095,11.013882,154.88042,0.0,13.0,7.2,7.2,61.0,22.50575
2017-07-07 04:00:00+00:00,27.6245,19.7245,25.10251,18.391737,242.65582,0.0,13.0,17.8,17.8,63.0,22.505753
2017-07-08 04:00:00+00:00,25.6245,18.824501,22.471771,16.808569,275.60995,0.0,11.0,10.7,10.7,63.0,21.226583
2017-07-09 04:00:00+00:00,25.424501,13.124499,20.564905,12.475961,236.30988,0.0,0.0,0.0,0.0,3.0,20.187002
2017-07-10 04:00:00+00:00,27.1245,15.6744995,22.337317,17.581125,202.0679,0.0,7.0,4.3999996,4.3999996,61.0,20.995337
2017-07-11 04:00:00+00:00,27.8745,19.5245,25.372879,15.683774,222.77486,0.0,17.0,26.5,26.5,63.0,22.762001
2017-07-12 04:00:00+00:00,31.5245,20.424501,27.639174,18.289274,230.81561,0.0,3.0,0.4,0.4,51.0,24.989082
2017-07-13 04:00:00+00:00,29.324501,22.424501,27.93538,21.986542,228.03903,0.0,9.0,8.6,8.6,63.0,24.955751
2017-07-14 04:00:00+00:00,28.3745,21.7745,27.47786,16.343367,236.46129,0.0,15.0,16.1,16.1,63.0,24.474503
2017-07-15 04:00:00+00:00,25.2245,18.924501,23.539797,14.4,326.53317,0.0,1.0,0.1,0.1,51.0,22.153666
2017-07-16 04:00:00+00:00,28.2245,18.074501,25.094643,10.041354,220.87598,0.0,0.0,0.0,0.0,3.0,22.862001
2017-07-17 04:00:00+00:00,27.574501,17.674501,26.058626,9.339208,257.67526,0.0,5.0,4.5,4.5,61.0,22.634916
2017-07-18 04:00:00+00:00,28.6245,18.5245,27.33592,6.9899354,2.6942139,0.0,2.0,0.4,0.4,51.0,23.570333
2017-07-19 04:00:00+00:00,30.824501,19.924501,29.040693,12.7279215,244.68225,0.0,5.0,0.8,0.8,51.0,25.087
2017-07-20 04:00:00+00:00,31.2745,20.2245,28.90264,16.23596,248.96239,0.0,3.0,0.4,0.4,51.0,25.52658
2017-07-21 04:00:00+00:00,29.9745,21.8745,29.917084,14.471821,208.02193,0.0,8.0,1.1,1.1,51.0,25.370333
2017-07-22 04:00:00+00:00,28.6245,22.574501,27.675575,19.386591,216.72621,0.0,13.0,6.9999995,6.9999995,61.0,24.141169
2017-07-23 04:00:00+00:00,27.7245,21.7245,26.984411,15.349684,233.17041,0.0,15.0,14.4,14.4,63.0,23.451586
2017-07-24 04:00:00+00:00,25.424501,18.6245,23.820267,18.089775,291.44778,0.0,14.0,6.899999,6.899999,63.0,21.949501
2017-07-25 04:00:00+00:00,23.324501,15.3245,20.101242,12.397806,311.22348,0.0,3.0,0.4,0.4,51.0,19.578667
2017-07-26 04:00:00+00:00,27.7745,15.5745,23.904314,10.239453,135.84492,0.0,0.0,0.0,0.0,3.0,21.709915
2017-07-27 04:00:00+00:00,29.3745,18.8745,25.837805,14.186923,212.29869,0.0,2.0,0.9,0.9,53.0,23.205751
2017-07-28 04:00:00+00:00,26.4745,19.674501,25.018692,16.575644,49.20549,0.0,8.0,11.799999,11.799999,63.0,22.239082
2017-07-29 04:00:00+00:00,25.174501,14.874499,19.101006,16.595179,14.4912615,0.0,8.0,3.8999996,3.8999996,61.0,19.60367
2017-07-30 04:00:00+00:00,27.2245,15.4244995,22.647917,11.923557,358.5174,0.0,1.0,0.1,0.1,51.0,21.462
2017-07-31 04:00:00+00:00,28.7245,17.174501,24.592249,10.823973,347.5119,0.0,0.0,0.0,0.0,3.0,22.799501
2017-08-01 04:00:00+00:00,28.074501,17.4745,25.803385,6.1305785,225.29681,0.0,1.0,0.1,0.1,51.0,23.143248
2017-08-02 04:00:00+00:00,28.674501,18.3745,25.842047,15.7908325,225.39784,0.0,2.0,3.1,3.1,63.0,22.847414
2017-08-03 04:00:00+00:00,28.8745,19.2245,25.438505,13.854155,186.461,0.0,7.0,4.6,4.6,63.0,22.866167
2017-08-04 04:00:00+00:00,28.5245,19.5245,24.134127,25.862436,203.12589,0.0,9.0,5.5,5.5,61.0,22.766165
2017-08-05 04:00:00+00:00,23.424501,14.0745,17.40433,20.907913,266.25043,0.0,1.0,0.1,0.1,51.0,18.559917
2017-08-06 04:00:00+00:00,23.8745,15.3245,20.2366,10.1376915,191.06572,0.0,1.0,0.1,0.1,51.0,19.191166
2017-08-07 04:00:00+00:00,21.5245,16.5245,20.516077,8.942214,354.6856,0.0,9.0,5.6999993,5.6999993,63.0,18.897417
2017-08-08 04:00:00+00:00,24.5245,15.3245,20.152807,13.1041975,332.58627,0.0,0.0,0.0,0.0,3.0,19.912
2017-08-09 04:00:00+00:00,26.0245,13.6744995,21.424227,8.12197,112.91511,0.0,0.0,0.0,0.0,3.0,20.287
2017-08-10 04:00:00+00:00,24.6245,15.5745,20.867243,11.879999,163.50839,0.0,8.0,5.3,5.3,61.0,20.151583
2017-08-11 04:00:00+00:00,27.424501,17.9745,24.088371,11.367109,189.91992,0.0,13.0,4.5,4.5,61.0,21.909914
2017-08-12 04:00:00+00:00,27.3745,18.1245,23.502144,15.941944,267.26755,0.0,4.0,0.9000001,0.9000001,53.0,21.893251
2017-08-13 04:00:00+00:00,26.2245,15.4244995,21.408241,13.684735,14.620816,0.0,0.0,0.0,0.0,3.0,20.601583
2017-08-14 04:00:00+00:00,26.824501,17.2745,23.190887,14.408997,147.0086,0.0,0.0,0.0,0.0,3.0,21.232836
2017-08-15 04:00:00+00:00,28.7245,18.7245,26.233583,8.654986,221.6334,0.0,3.0,0.3,0.3,51.0,23.528664
2017-08-16 04:00:00+00:00,29.5245,18.174501,25.591238,9.227524,6.6380606,0.0,0.0,0.0,0.0,3.0,23.503668
2017-08-17 04:00:00+00:00,29.424501,20.1245,27.35505,17.148247,181.40503,0.0,7.0,2.8,2.8,61.0,24.341166
2017-08-18 04:00:00+00:00,28.9745,21.824501,26.882597,16.808569,237.22269,0.0,12.0,8.6,8.6,61.0,24.539083
2017-08-19 04:00:00+00:00,27.8745,19.074501,24.443232,16.808569,248.00119,0.0,6.0,12.1,12.1,63.0,22.397417
2017-08-20 04:00:00+00:00,28.2745,17.2245,24.303583,10.009036,133.30705,0.0,0.0,0.0,0.0,3.0,21.914085
2017-08-21 04:00:00+00:00,30.6245,20.074501,27.191322,13.324863,187.37761,0.0,6.0,5.3,5.3,63.0,24.151587
2017-08-22 04:00:00+00:00,30.074501,21.0245,26.524397,24.881702,221.50005,0.0,7.0,6.6,6.6,63.0,24.255747
2017-08-23 04:00:00+00:00,24.324501,17.424501,21.485884,14.84318,311.93588,0.0,4.0,1.0,1.0,51.0,20.972416
2017-08-24 04:00:00+00:00,21.9745,15.124499,18.778608,12.287555,29.377794,0.0,10.0,4.9,4.9,61.0,18.151585
2017-08-25 04:00:00+00:00,21.574501,12.374499,17.196115,8.209263,341.34833,0.0,3.0,0.3,0.3,51.0,17.159914
2017-08-26 04:00:00+00:00,23.5245,12.2745,17.414759,8.557102,30.818186,0.0,0.0,0.0,0.0,3.0,17.674498
2017-08-27 04:00:00+00:00,23.9745,15.5745,19.810068,14.84318,105.84713,0.0,4.0,0.4,0.4,51.0,19.724499
2017-08-28 04:00:00+00:00,24.174501,16.6245,18.871063,17.0763,123.26768,0.0,0.0,0.0,0.0,3.0,19.778667
2017-08-29 04:00:00+00:00,22.924501,15.8245,18.566828,15.111424,99.07058,0.0,2.0,0.5,0.5,51.0,18.772413
2017-08-30 04:00:00+00:00,25.174501,13.7245,20.736738,6.9153743,167.41228,0.0,2.0,0.3,0.3,51.0,19.520332
2017-08-31 04:00:00+00:00,24.4745,14.9745,20.315079,16.215992,309.36926,0.0,4.0,1.2,1.2,53.0,19.722416
2017-09-01 04:00:00+00:00,17.9745,12.0245,12.730605,15.315873,63.402313,0.0,0.0,0.0,0.0,3.0,14.964082
2017-09-02 04:00:00+00:00,20.3745,12.624499,13.510091,18.11841,107.27725,0.0,14.0,5.7999997,5.7999997,53.0,15.309915
2017-09-03 04:00:00+00:00,22.6245,14.7745,16.81133,23.584808,250.74438,0.0,11.0,3.1,3.1,53.0,17.805754
2017-09-04 04:00:00+00:00,27.324501,14.874499,21.042433,22.691423,213.5168,0.0,0.0,0.0,0.0,3.0,21.084917
2017-09-05 04:00:00+00:00,23.324501,16.8745,21.357492,20.608229,229.68939,0.0,13.0,12.6,12.6,63.0,20.584917
2017-09-06 04:00:00+00:00,21.574501,13.124499,16.846315,10.144082,285.55463,0.0,7.0,1.2000002,1.2000002,51.0,17.082834
2017-09-07 04:00:00+00:00,19.1245,10.374499,12.724618,21.398056,256.27844,0.0,7.0,1.4000001,1.4000001,53.0,14.5911665
2017-09-08 04:00:00+00:00,19.324501,10.5245,13.261703,19.64228,280.0254,0.0,5.0,1.3000001,1.3000001,53.0,14.834916
2017-09-09 04:00:00+00:00,20.1245,9.3245,12.957601,10.594036,9.052724,0.0,1.0,0.1,0.1,51.0,14.334916
2017-09-10 04:00:00+00:00,20.574501,8.2245,12.890613,12.245293,58.97239,0.0,0.0,0.0,0.0,1.0,14.320334
2017-09-11 04:00:00+00:00,21.5245,9.2245,14.800514,11.159999,79.14648,0.0,0.0,0.0,0.0,3.0,15.676583
2017-09-12 04:00:00+00:00,23.574501,13.1744995,16.500696,12.979984,90.74167,0.0,1.0,0.4,0.4,51.0,17.345333
2017-09-13 04:00:00+00:00,25.7245,14.124499,20.988686,12.964998,159.38837,0.0,2.0,0.3,0.3,51.0,20.109915
2017-09-14 04:00:00+00:00,20.674501,16.0245,19.019102,13.009903,230.53981,0.0,11.0,7.8,7.8,61.0,18.187
2017-09-15 04:00:00+00:00,23.324501,14.4745,20.19857,7.145796,159.4949,0.0,0.0,0.0,0.0,3.0,18.712
2017-09-16 04:00:00+00:00,25.2745,15.124499,22.3924,6.489992,87.04932,0.0,3.0,0.5,0.5,51.0,20.24742
2017-09-17 04:00:00+00:00,26.174501,16.2245,23.273277,5.0528407,120.96363,0.0,3.0,0.5,0.5,51.0,20.907835
2017-09-18 04:00:00+00:00,26.7745,16.674501,23.732635,8.913181,124.046,0.0,3.0,0.3,0.3,51.0,21.397417
2017-09-19 04:00:00+00:00,26.574501,16.574501,23.78594,9.290511,104.03628,0.0,0.0,0.0,0.0,3.0,21.684916
2017-09-20 04:00:00+00:00,27.6245,16.7245,24.170372,8.404285,86.05486,0.0,0.0,0.0,0.0,3.0,21.759916
2017-09-21 04:00:00+00:00,28.6245,18.424501,25.51101,8.049845,110.61825,0.0,1.0,0.1,0.1,51.0,22.659918
2017-09-22 04:00:00+00:00,30.3745,16.4245,24.272852,6.6185193,38.448544,0.0,0.0,0.0,0.0,3.0,22.401583
2017-09-23 04:00:00+00:00,30.824501,15.7245,23.736094,7.5942082,58.367,0.0,0.0,0.0,0.0,2.0,22.501581
2017-09-24 04:00:00+00:00,31.4745,17.824501,26.069017,10.182337,70.54281,0.0,0.0,0.0,0.0,3.0,24.02033
2017-09-25 04:00:00+00:00,30.3745,18.824501,26.788275,8.0899935,119.77779,0.0,0.0,0.0,0.0,3.0,24.072416
2017-09-26 04:00:00+00:00,30.7245,19.674501,27.779081,8.39657,112.5333,0.0,0.0,0.0,0.0,3.0,24.697416
2017-09-27 04:00:00+00:00,32.1245,19.1245,27.025923,18.668005,316.45938,0.0,0.0,0.0,0.0,3.0,24.845331
2017-09-28 04:00:00+00:00,22.174501,14.7245,16.731207,16.904673,340.85178,0.0,0.0,0.0,0.0,3.0,18.557833
2017-09-29 04:00:00+00:00,22.6245,11.374499,14.159785,20.991426,290.4926,0.0,0.0,0.0,0.0,3.0,16.128666
2017-09-30 04:00:00+00:00,18.8745,10.3245,10.9839525,18.03237,350.65344,0.0,0.0,0.0,0.0,3.0,13.774499
2017-10-01 04:00:00+00:00,20.074501,7.1245003,11.014366,9.422101,83.9459,0.0,0.0,0.0,0.0,3.0,12.982833
2017-10-02 04:00:00+00:00,23.4745,8.5745,13.809726,10.296251,124.38723,0.0,0.0,0.0,0.0,3.0,15.316167
2017-10-03 04:00:00+00:00,25.2745,10.8245,15.928863,10.587917,150.58447,0.0,0.0,0.0,0.0,2.0,17.2745
2017-10-04 04:00:00+00:00,27.7745,12.7245,18.665098,12.522619,207.53812,0.0,2.0,1.7,1.7,55.0,19.509916
2017-10-05 04:00:00+00:00,21.1245,17.7245,20.053694,11.966954,226.86539,0.0,11.0,13.3,13.3,63.0,19.001585
2017-10-06 04:00:00+00:00,22.5245,17.324501,21.194998,10.799999,197.84343,0.0,6.0,1.0,1.0,51.0,19.370333
2017-10-07 04:00:00+00:00,27.3745,17.2245,22.008049,21.986542,181.46877,0.0,0.0,0.0,0.0,3.0,21.839083
2017-10-08 04:00:00+00:00,23.824501,20.0245,22.925558,23.34455,206.00876,0.0,12.0,9.2,9.2,61.0,21.8495
2017-10-09 04:00:00+00:00,25.924501,20.3745,24.74005,18.998314,232.62956,0.0,13.0,17.900002,17.900002,63.0,22.707834
2017-10-10 04:00:00+00:00,26.2245,18.7745,23.151794,9.178235,16.962793,0.0,1.0,0.1,0.1,51.0,21.539083
2017-10-11 04:00:00+00:00,23.6245,17.8745,21.437868,14.578888,139.18497,0.0,15.0,13.900001,13.900001,61.0,19.866167
2017-10-12 04:00:00+00:00,19.574501,15.4745,18.285284,16.645864,111.962494,0.0,6.0,1.9,1.9,53.0,17.809916
2017-10-13 04:00:00+00:00,22.0245,15.374499,17.377043,14.982228,134.38039,0.0,2.0,0.2,0.2,51.0,17.862001
2017-10-14 04:00:00+00:00,24.824501,13.0245,19.251589,11.631956,155.63756,0.0,0.0,0.0,0.0,1.0,18.670334
2017-10-15 04:00:00+00:00,25.824501,14.8245,19.12098,29.162222,229.69876,0.0,9.0,7.8999996,7.8999996,63.0,19.853666
2017-10-16 04:00:00+00:00,15.0245,7.8745003,8.3685255,21.485697,329.24252,0.0,1.0,0.1,0.1,51.0,11.789084
2017-10-17 04:00:00+00:00,16.9745,5.6745,8.441063,11.4862,218.5132,0.0,0.0,0.0,0.0,2.0,10.855751
2017-10-18 04:00:00+00:00,19.8745,6.9245,10.864635,9.9571085,182.43658,0.0,0.0,0.0,0.0,2.0,12.64325
2017-10-19 04:00:00+00:00,21.0245,8.4745,11.961635,16.870138,215.89922,0.0,0.0,0.0,0.0,3.0,14.257832
2017-10-20 04:00:00+00:00,21.0245,9.4745,13.689518,11.592894,237.30388,0.0,0.0,0.0,0.0,3.0,15.084916
2017-10-21 04:00:00+00:00,23.674501,9.0245,14.6962,9.021574,147.79587,0.0,0.0,0.0,0.0,3.0,15.449501
2017-10-22 04:00:00+00:00,23.824501,11.3245,16.45489,14.168641,156.57127,0.0,0.0,0.0,0.0,3.0,17.35575
2017-10-23 04:00:00+00:00,20.1245,13.8245,15.179325,25.41763,141.97653,0.0,14.0,37.2,37.2,63.0,16.224499
2017-10-24 04:00:00+00:00,15.7245,8.4745,9.639956,24.514387,211.88591,0.0,6.0,1.5,1.5,53.0,12.586997
2017-10-25 04:00:00+00:00,9.124499,5.1745,4.12388,18.440998,228.2764,0.0,1.0,0.1,0.1,51.0,7.434916
2017-10-26 04:00:00+00:00,11.4244995,2.3745,3.774944,11.252519,260.49127,0.0,0.0,0.0,0.0,3.0,6.541166
2017-10-27 04:00:00+00:00,20.7245,4.1245003,8.623555,17.208603,170.78114,0.0,0.0,0.0,0.0,3.0,11.559917
2017-10-28 04:00:00+00:00,13.3245,4.5745,7.9499364,15.39184,220.20314,0.0,14.0,16.599998,16.599998,61.0,10.2161665
2017-10-29 04:00:00+00:00,6.7745004,2.8745,1.3495115,19.319628,326.2557,0.0,20.0,17.199999,17.199999,61.0,4.826584
2017-10-30 04:00:00+00:00,9.4244995,4.3745003,1.0620464,24.967499,254.4602,0.0,7.0,1.2,1.2,51.0,6.2203336
2017-10-31 04:00:00+00:00,7.9745,2.3745,0.46886143,22.768398,250.11896,0.0,0.0,0.0,0.0,3.0,4.622417
2017-11-01 04:00:00+00:00,10.8245,1.1745,3.4646552,9.9571085,107.6033,0.14,17.0,10.1,9.900001,71.0,5.837
2017-11-02 04:00:00+00:00,18.174501,10.9745,12.561016,17.208603,184.90819,0.0,11.0,4.6,4.6,61.0,14.137001
2017-11-03 04:00:00+00:00,16.324501,6.3745003,11.309105,17.399586,295.74554,0.0,7.0,3.0,3.0,53.0,13.170333
2017-11-04 04:00:00+00:00,16.324501,3.6745,6.4918704,14.186923,101.07979,0.0,2.0,1.8,1.8,61.0,9.359917
2017-11-05 04:00:00+00:00,20.424501,10.124499,13.996966,18.089775,171.91866,0.0,12.0,15.6,15.6,63.0,15.093249
2017-11-06 04:00:00+00:00,17.1245,4.6745,9.945033,27.511158,286.72803,0.0,12.0,30.699999,30.699999,63.0,11.980748
2017-11-07 04:00:00+00:00,4.6745,2.2745,0.67536014,16.09969,44.93632,0.0,9.0,3.6999998,3.6999998,53.0,3.9495003
2017-11-08 04:00:00+00:00,9.1744995,-0.22549999,0.4875795,9.793059,38.371296,0.0,0.0,0.0,0.0,3.0,3.8890836
2017-11-09 04:00:00+00:00,11.4244995,0.4745,2.0805066,17.462784,234.78981,0.0,0.0,0.0,0.0,3.0,5.434917
2017-11-10 04:00:00+00:00,6.6745,-5.3754997,-6.651306,22.545315,334.2988,0.0,1.0,0.1,0.1,51.0,-1.0213333
2017-11-11 04:00:00+00:00,5.1245003,-6.3754997,-6.691857,13.363711,86.68828,0.0,0.0,0.0,0.0,3.0,-1.9879999
2017-11-12 04:00:00+00:00,8.2745,-2.5255,-1.1522585,8.669949,88.939125,0.0,0.0,0.0,0.0,3.0,2.11825
2017-11-13 04:00:00+00:00,8.2745,2.2245,1.245917,14.57889,336.7535,0.0,10.0,6.6,6.6,61.0,4.2578335
2017-11-14 04:00:00+00:00,7.7745004,1.6745,1.1716918,8.209263,350.05948,0.0,0.0,0.0,0.0,3.0,4.1890826
2017-11-15 04:00:00+00:00,9.9244995,-0.9255,0.7996853,19.0392,154.48041,0.0,3.0,1.1,1.1,53.0,4.4099164
2017-11-16 04:00:00+00:00,8.3745,3.6245,1.8050197,24.967499,263.73904,0.0,9.0,2.3,2.3,53.0,6.112
2017-11-17 04:00:00+00:00,7.5745,0.2245,0.36712062,11.440978,265.16113,0.0,0.0,0.0,0.0,3.0,3.7453334
2017-11-18 04:00:00+00:00,14.8245,2.1245,5.7146497,30.173496,187.10384,0.0,18.0,33.200005,33.200005,63.0,8.930749
2017-11-19 04:00:00+00:00,14.374499,0.3745,-1.017538,32.84494,276.81516,0.21000001,9.0,4.9999995,4.7,71.0,4.362
2017-11-20 04:00:00+00:00,6.9745,-1.9255002,-3.2385085,20.532627,233.70728,0.0,0.0,0.0,0.0,3.0,1.8557501
2017-11-21 04:00:00+00:00,12.4745,1.9245,2.019385,24.066206,207.51602,0.0,0.0,0.0,0.0,3.0,6.747416
2017-11-22 04:00:00+00:00,6.9745,-0.82549995,-1.4389935,18.11841,306.74222,0.0,6.0,1.9000001,1.9000001,53.0,2.8682492
2017-11-23 04:00:00+00:00,4.7245,-4.1755,-3.7609174,8.913181,242.10281,0.0,0.0,0.0,0.0,3.0,-0.044249993
2017-11-24 04:00:00+00:00,10.4244995,-2.1255,-0.76623017,12.849528,189.22072,0.0,0.0,0.0,0.0,2.0,3.1953332
2017-11-25 04:00:00+00:00,12.9745,5.3745003,4.6016545,19.05281,242.62352,0.0,2.0,0.3,0.3,51.0,8.5911665
2017-11-26 04:00:00+00:00,6.2745004,2.2245,-0.3333204,14.84318,285.57956,0.0,0.0,0.0,0.0,3.0,4.009917
2017-11-27 04:00:00+00:00,10.7745,0.9245,1.3083886,13.584932,233.87857,0.0,0.0,0.0,0.0,3.0,4.862
2017-11-28 04:00:00+00:00,16.1245,3.3745,4.991511,15.542662,190.63342,0.0,0.0,0.0,0.0,3.0,8.607833
2017-11-29 04:00:00+00:00,11.624499,2.7745,5.031533,15.496736,278.67938,0.0,0.0,0.0,0.0,3.0,8.876582
2017-11-30 04:00:00+00:00,15.874499,2.1245,4.190087,18.532135,207.31961,0.0,5.0,5.3999996,5.3999996,63.0,7.422416
2017-12-01 04:00:00+00:00,8.874499,0.2245,1.3631687,9.0,273.17972,0.0,0.0,0.0,0.0,3.0,4.1432495
2017-12-02 04:00:00+00:00,8.1744995,-1.6755002,-0.18113722,6.830519,102.62587,0.0,0.0,0.0,0.0,3.0,2.4786665
2017-12-03 04:00:00+00:00,11.4244995,-2.3255,1.0693938,9.220499,238.96783,0.0,0.0,0.0,0.0,3.0,3.889083
2017-12-04 04:00:00+00:00,13.5745,-1.3255,2.2565138,17.287498,146.48009,0.0,0.0,0.0,0.0,3.0,5.7036667
2017-12-05 04:00:00+00:00,12.3245,3.1745,5.132916,23.444265,207.65544,0.0,13.0,10.399999,10.399999,61.0,8.939083
2017-12-06 04:00:00+00:00,6.2245,-1.7255001,-3.4537299,20.991426,240.37802,0.0,0.0,0.0,0.0,3.0,2.0849168
2017-12-07 04:00:00+00:00,3.0744998,-2.8255,-4.370957,26.208395,254.09262,0.28,4.0,0.4,0.0,71.0,0.8015833
2017-12-08 04:00:00+00:00,0.074499995,-5.7755,-8.124757,14.76439,229.185,0.0,0.0,0.0,0.0,3.0,-3.2504997
2017-12-09 04:00:00+00:00,2.9745,-4.4754996,-5.8887787,10.8955765,216.29991,0.14,2.0,0.2,0.0,71.0,-1.5317502
2017-12-10 04:00:00+00:00,0.3745,-2.9755,-6.664268,22.380884,246.80803,0.0,0.0,0.0,0.0,3.0,-1.1859169
2017-12-11 04:00:00+00:00,2.8244998,-1.3255,-3.5663197,13.684735,225.62263,0.0,0.0,0.0,0.0,3.0,0.7140834
2017-12-12 04:00:00+00:00,4.0245,-7.8755,-6.901312,25.992401,281.66177,1.26,14.0,2.7,1.0000001,73.0,-1.2609167
2017-12-13 04:00:00+00:00,-1.8755,-8.7255,-11.589451,25.045238,254.54019,1.5400001,7.0,2.2,0.0,73.0,-5.7505
2017-12-14 04:00:00+00:00,0.5745,-6.4255,-8.236096,24.569832,289.4809,2.1,9.0,3.1,0.099999994,73.0,-3.3504994
2017-12-15 04:00:00+00:00,-1.5755,-7.2755,-8.9607935,19.93048,255.2288,0.21000001,3.0,0.3,0.0,71.0,-4.34425
2017-12-16 04:00:00+00:00,4.6745,-4.3255,-5.1627755,19.083395,238.1763,0.35,4.0,0.5,0.0,71.0,-0.46300018
2017-12-17 04:00:00+00:00,6.2745004,-1.4755001,-1.4029495,12.261158,202.46228,0.0,5.0,0.70000005,0.70000005,51.0,2.0932498
2017-12-18 04:00:00+00:00,6.3245,1.4745,0.8969956,16.610792,220.69884,0.0,1.0,0.1,0.1,51.0,4.278667
2017-12-19 04:00:00+00:00,10.374499,5.5245004,3.3950698,24.696104,237.56537,0.0,6.0,0.90000004,0.90000004,51.0,7.43075
2017-12-20 04:00:00+00:00,6.0245004,-1.7255001,-1.4973747,16.071491,306.40213,0.0,0.0,0.0,0.0,3.0,2.7744997
2017-12-21 04:00:00+00:00,5.6245003,-3.0755,-3.1407766,12.0694,71.20001,0.0,0.0,0.0,0.0,3.0,0.7890833
2017-12-22 04:00:00+00:00,11.2745,4.2745,6.434563,22.065973,197.31082,0.0,10.0,1.9000002,1.9000002,53.0,9.153666
2017-12-23 04:00:00+00:00,11.2245,1.1745,4.195148,22.66857,283.0669,0.7,18.0,18.0,17.0,73.0,6.7453322
2017-12-24 04:00:00+00:00,5.2245,-1.2755,-1.913302,20.696087,143.45187,0.35,6.0,1.3000001,0.8000001,73.0,1.9328333
2017-12-25 04:00:00+00:00,2.0245,-6.4754996,-10.559567,31.012281,260.48132,2.1699998,11.0,3.3,0.20000002,73.0,-3.6317499
2017-12-26 04:00:00+00:00,-4.4754996,-8.875501,-12.831313,20.929596,266.2093,0.0,0.0,0.0,0.0,3.0,-7.023416
2017-12-27 04:00:00+00:00,-7.3754997,-12.2255,-14.852741,15.349684,302.52393,0.21000001,3.0,0.3,0.0,71.0,-9.425501
2017-12-28 04:00:00+00:00,-7.1254997,-15.3255005,-15.8945875,11.367109,287.83194,0.0,0.0,0.0,0.0,3.0,-11.300502
2017-12-29 04:00:00+00:00,-4.1755,-10.8255005,-12.989777,17.643673,272.4823,0.35,5.0,0.5,0.0,71.0,-8.08175
2017-12-30 04:00:00+00:00,-5.6254997,-12.5755005,-12.890666,22.392462,273.86835,2.59,17.0,3.6999996,0.0,73.0,-7.56925
2017-12-31 04:00:00+00:00,-7.9754996,-19.0255,-18.016668,13.910169,296.8921,0.21000001,3.0,0.3,0.0,71.0,-13.073418
2018-01-01 04:00:00+00:00,-9.1755,-20.9755,-20.160269,19.64558,278.78275,0.0,0.0,0.0,0.0,3.0,-14.537999
2018-01-02 04:00:00+00:00,-8.2255,-16.6255,-18.823679,17.148247,238.10791,0.0,0.0,0.0,0.0,3.0,-13.256749
2018-01-03 04:00:00+00:00,-2.7755,-20.175499,-17.619707,13.493999,206.11865,0.0,0.0,0.0,0.0,2.0,-12.296332
2018-01-04 04:00:00+00:00,-7.8255,-14.7755,-16.71227,24.162947,298.40143,0.21000001,3.0,0.3,0.0,71.0,-10.583834
2018-01-05 04:00:00+00:00,-12.7255,-18.2255,-21.718977,21.461555,276.80118,0.0,0.0,0.0,0.0,3.0,-15.194249
2018-01-06 04:00:00+00:00,-11.4755,-20.6255,-21.553396,20.608229,283.1282,0.07,1.0,0.1,0.0,71.0,-15.527583
2018-01-07 04:00:00+00:00,-3.0755,-23.5255,-17.775885,13.849476,196.52484,0.0,0.0,0.0,0.0,3.0,-12.329666
2018-01-08 04:00:00+00:00,1.9745,-3.6255,-4.9284225,20.570463,212.60144,3.5,9.0,5.1,0.1,75.0,0.099499874
2018-01-09 04:00:00+00:00,3.1745,-4.0755,-3.2754047,16.075521,254.6784,0.0,0.0,0.0,0.0,3.0,0.55158323
2018-01-10 04:00:00+00:00,9.0745,-7.8255,-2.9505417,14.578888,126.35247,0.0,0.0,0.0,0.0,3.0,0.7578335
2018-01-11 04:00:00+00:00,16.2245,5.1745,7.7724533,18.430452,169.23389,0.0,8.0,9.900001,9.900001,63.0,10.332832
2018-01-12 04:00:00+00:00,15.1744995,-1.5755,5.5863743,20.3774,287.17596,0.42000002,23.0,47.700005,47.100002,73.0,7.9828334
2018-01-13 04:00:00+00:00,-2.9255002,-14.7755,-14.020046,21.575987,326.50476,10.499999,11.0,15.000001,0.0,75.0,-8.24425
2018-01-14 04:00:00+00:00,-8.5755005,-19.3755,-19.378244,12.57426,8.33427,0.0,0.0,0.0,0.0,3.0,-14.740083
2018-01-15 04:00:00+00:00,-0.22549999,-15.3255005,-12.445972,10.97262,122.260345,1.2600001,8.0,1.8,0.0,73.0,-7.85675
2018-01-16 04:00:00+00:00,-0.9255,-11.875501,-8.53136,12.605142,249.89056,2.9400003,22.0,4.2000003,0.0,73.0,-4.379667
2018-01-17 04:00:00+00:00,-7.7755,-23.075499,-20.459211,12.313894,256.4295,0.0,0.0,0.0,0.0,2.0,-15.560916
2018-01-18 04:00:00+00:00,-3.3755,-14.9255,-15.486332,18.391737,222.9454,0.0,0.0,0.0,0.0,2.0,-9.875501
2018-01-19 04:00:00+00:00,2.6245,-7.7755,-8.184081,16.87398,217.3831,0.0,0.0,0.0,0.0,3.0,-2.9692507
2018-01-20 04:00:00+00:00,6.5245004,-1.0755,-2.849182,18.335276,225.64272,0.0,0.0,0.0,0.0,3.0,1.8015834
2018-01-21 04:00:00+00:00,9.0245,0.87450004,3.1421611,11.91812,216.6866,0.0,13.0,2.2000003,2.2000003,53.0,5.7849174
2018-01-22 04:00:00+00:00,16.674501,6.8745003,8.400041,17.026896,176.7801,0.0,9.0,3.5000002,3.5000002,53.0,10.7161665
2018-01-23 04:00:00+00:00,11.2745,2.5245,2.7704437,32.571545,237.07054,0.0,11.0,4.8999996,4.8999996,61.0,7.272417
2018-01-24 04:00:00+00:00,1.8745,-2.7755,-5.4398713,22.346113,287.83075,0.14,2.0,0.2,0.0,71.0,-0.37341666
2018-01-25 04:00:00+00:00,2.1245,-4.7755,-6.712669,13.039754,285.88013,0.0,0.0,0.0,0.0,3.0,-2.4692497
2018-01-26 04:00:00+00:00,12.9745,-4.0255,-2.0041447,14.512064,179.18027,0.0,0.0,0.0,0.0,1.0,2.4161663
2018-01-27 04:00:00+00:00,10.624499,2.0745,2.5279367,21.175837,210.37141,0.0,9.0,6.2,6.2,55.0,6.630749
2018-01-28 04:00:00+00:00,9.7245,0.074499995,2.6104999,8.311245,349.67645,0.0,3.0,1.6,1.6,53.0,5.2911673
2018-01-29 04:00:00+00:00,8.0245,-2.5255,-1.6580805,17.533146,8.991224,1.19,3.0,2.0,0.3,73.0,1.9453335
2018-01-30 04:00:00+00:00,-1.2755,-8.5755005,-11.449328,24.195107,303.8791,1.75,8.0,2.5,0.0,73.0,-5.2775836
2018-01-31 04:00:00+00:00,7.9745,-9.2255,-7.3544335,21.068459,195.0152,0.07,1.0,0.1,0.0,71.0,-1.8838339
2018-02-01 04:00:00+00:00,7.6245003,-1.0255,0.0061365366,21.313093,237.05988,1.12,13.0,4.3,2.7,73.0,4.6890836
2018-02-02 04:00:00+00:00,-1.9755001,-9.5755005,-13.6313715,22.702845,296.43024,0.42,2.0,0.4,0.0,73.0,-7.365083
2018-02-03 04:00:00+00:00,1.4245,-10.7755,-10.801846,16.375053,206.77649,0.0,0.0,0.0,0.0,3.0,-5.2046666
2018-02-04 04:00:00+00:00,2.2745,0.62450004,-2.9903028,18.782204,199.85713,4.06,15.0,6.6000004,0.8000001,73.0,1.4703335
2018-02-05 04:00:00+00:00,1.1745,-9.3255005,-11.308967,28.006056,294.115,0.63,4.0,0.90000004,0.0,73.0,-6.177583
2018-02-06 04:00:00+00:00,-0.17549998,-6.4255,-7.840933,9.904906,277.80627,0.91,7.0,1.3000001,0.0,73.0,-3.8629997
2018-02-07 04:00:00+00:00,1.0245,-6.5255,-7.229364,16.923828,336.28522,8.75,14.0,19.2,6.7,75.0,-2.7004998
2018-02-08 04:00:00+00:00,-2.4255002,-9.7255,-11.397354,18.214718,255.62993,0.28,4.0,0.4,0.0,71.0,-6.440083
2018-02-09 04:00:00+00:00,5.7745004,-13.8255005,-7.891928,11.525623,168.36238,0.28,4.0,0.4,0.0,71.0,-3.723417
2018-02-10 04:00:00+00:00,9.3245,2.2745,1.6500573,12.599999,196.92761,0.0,6.0,3.1000001,3.1000001,53.0,4.551584
2018-02-11 04:00:00+00:00,13.1744995,2.0245,3.7776854,19.969458,238.18419,0.0,20.0,7.2,7.2,55.0,6.4599156
2018-02-12 04:00:00+00:00,2.2745,-8.7755,-5.982698,13.783817,323.36234,2.17,8.0,3.3999999,0.3,73.0,-1.6171669
2018-02-13 04:00:00+00:00,7.5245004,-13.375501,-7.470142,11.792404,87.78531,0.0,0.0,0.0,0.0,3.0,-3.0671673
2018-02-14 04:00:00+00:00,11.4745,3.5245,4.724939,16.78156,220.3161,0.0,10.0,16.2,16.2,63.0,7.287
2018-02-15 04:00:00+00:00,15.5745,6.9245,12.005984,22.565422,230.87166,0.0,18.0,34.3,34.3,63.0,13.068249
2018-02-16 04:00:00+00:00,15.7245,-1.4755001,3.34386,20.730501,313.67224,0.0,16.0,28.8,28.8,63.0,6.514082
2018-02-17 04:00:00+00:00,3.2745,-4.4255,-4.1412606,12.768586,127.65704,6.2300005,9.0,8.999999,0.099999905,75.0,-0.41300008
2018-02-18 04:00:00+00:00,7.5245004,-0.07550001,-1.074401,14.830076,251.84721,0.35,6.0,0.8,0.3,71.0,2.7140834
2018-02-19 04:00:00+00:00,17.824501,0.4245,7.179938,20.696087,183.81398,0.0,8.0,7.6000004,7.6000004,61.0,9.945333
2018-02-20 04:00:00+00:00,24.2245,13.9745,16.505243,24.344624,210.16609,0.0,0.0,0.0,0.0,3.0,18.076582
2018-02-21 04:00:00+00:00,21.4745,6.2745004,12.019734,21.479664,245.85062,0.0,8.0,1.9000001,1.9000001,53.0,14.166167
2018-02-22 04:00:00+00:00,6.1745,3.4745,0.73814887,20.316889,52.442783,0.0,13.0,20.7,20.7,63.0,4.6724167
2018-02-23 04:00:00+00:00,17.5245,4.9245,9.540879,20.523157,182.92581,0.0,17.0,13.5,13.5,63.0,11.147418
2018-02-24 04:00:00+00:00,14.4244995,7.9745,7.298512,15.0038395,38.75164,0.0,12.0,10.299999,10.299999,63.0,9.270333
2018-02-25 04:00:00+00:00,15.624499,7.2745004,8.531375,22.90743,212.98854,0.0,13.0,16.699999,16.699999,61.0,11.711999
2018-02-26 04:00:00+00:00,11.5245,2.9245,2.7533548,14.654254,285.68594,0.0,0.0,0.0,0.0,3.0,6.4807496
2018-02-27 04:00:00+00:00,13.624499,-0.5255,2.2744982,12.397806,200.02406,0.0,0.0,0.0,0.0,3.0,5.801584
2018-02-28 04:00:00+00:00,17.574501,3.8745,6.480167,23.233252,217.59631,0.0,0.0,0.0,0.0,3.0,10.224501
2018-03-01 04:00:00+00:00,12.0245,2.2245,6.311556,27.086262,166.87613,0.14,14.0,24.700003,24.500002,71.0,8.6995
2018-03-02 04:00:00+00:00,4.0745,-1.5255,-5.3890495,38.96158,313.53668,1.5400002,8.0,2.8999999,0.7,73.0,1.5515834
2018-03-03 04:00:00+00:00,5.8745003,-4.3255,-5.129189,20.447239,329.20822,0.0,0.0,0.0,0.0,0.0,0.059916753
2018-03-04 04:00:00+00:00,6.2245,-4.2254996,-4.59333,18.455048,338.7317,0.0,0.0,0.0,0.0,0.0,0.18075007
2018-03-05 04:00:00+00:00,6.1245003,-5.5755,-4.224692,11.592894,357.90277,0.0,0.0,0.0,0.0,3.0,-0.32758328
2018-03-06 04:00:00+00:00,7.1745,-2.7255,-1.5825244,14.917212,108.49588,0.0,10.0,4.2,4.2,55.0,2.2703333
2018-03-07 04:00:00+00:00,7.2245,-0.6755,-1.862947,22.148045,260.926,2.73,13.0,5.0,1.0999999,73.0,2.5036666
2018-03-08 04:00:00+00:00,1.4745,-4.7254996,-7.1460667,21.986542,272.69666,0.07,1.0,0.1,0.0,71.0,-1.5296665
2018-03-09 04:00:00+00:00,1.3245001,-3.4255002,-7.098997,25.455843,266.1156,0.56,8.0,0.8000001,0.0,71.0,-1.2359167
2018-03-10 04:00:00+00:00,4.7745004,-5.1254997,-5.165257,15.496736,303.05734,0.0,0.0,0.0,0.0,3.0,-0.8650837
2018-03-11 04:00:00+00:00,5.9245,-4.6755,-4.1162868,11.841756,8.912322,0.0,0.0,0.0,0.0,3.0,-0.31716663
2018-03-12 04:00:00+00:00,7.1245003,-3.1255,-3.5723016,26.044699,339.34262,0.07,1.0,0.1,0.0,71.0,0.7599168
2018-03-13 04:00:00+00:00,4.3745003,-3.3755,-5.7231374,20.371038,301.0183,0.97999996,5.0,1.4,0.0,73.0,-0.76925
2018-03-14 04:00:00+00:00,0.62450004,-4.2755,-7.9461923,28.73242,282.1916,0.07,1.0,0.1,0.0,71.0,-1.8484167
2018-03-15 04:00:00+00:00,6.1245003,-2.9255002,-4.522759,28.357855,277.81625,0.07,1.0,0.1,0.0,71.0,1.1099166
2018-03-16 04:00:00+00:00,3.1745,-4.7254996,-6.765225,20.883102,307.53488,0.21000001,2.0,0.3,0.0,71.0,-1.3484167
2018-03-17 04:00:00+00:00,4.5245004,-5.1755,-5.1111674,10.685391,270.4982,0.7,4.0,1.0,0.0,73.0,-1.1900835
2018-03-18 04:00:00+00:00,11.7745,-4.5755,-1.1627631,12.57426,294.08237,0.0,0.0,0.0,0.0,0.0,2.6661665
2018-03-19 04:00:00+00:00,11.9745,-1.6255,1.1400936,15.315873,39.843857,0.0,0.0,0.0,0.0,3.0,4.8911667
2018-03-20 04:00:00+00:00,4.0745,-0.6255,-3.5309298,20.478907,73.74978,4.62,15.0,7.0,0.4,75.0,1.6390834
2018-03-21 04:00:00+00:00,1.1745,-2.5755,-4.7822905,16.92383,23.434492,8.679999,20.0,12.400002,0.0,75.0,-0.40675008
2018-03-22 04:00:00+00:00,3.7745,-6.4754996,-6.6217136,18.161278,305.91168,0.0,0.0,0.0,0.0,3.0,-1.9629998
2018-03-23 04:00:00+00:00,3.6745,-13.125501,-7.8706145,17.81909,311.8612,0.0,0.0,0.0,0.0,3.0,-3.2338336
2018-03-24 04:00:00+00:00,7.5245004,-9.9255,-4.8090644,15.941944,341.2193,0.0,0.0,0.0,0.0,3.0,-1.1088334
2018-03-25 04:00:00+00:00,5.4745,-5.7254996,-5.640143,18.59845,69.83184,0.0,0.0,0.0,0.0,3.0,-0.4859165
2018-03-26 04:00:00+00:00,9.7745,-1.8255,-1.1540452,19.969458,118.11779,0.0,0.0,0.0,0.0,3.0,3.5724165
2018-03-27 04:00:00+00:00,9.374499,2.2745,1.8254043,15.782622,155.10236,0.0,17.0,17.9,17.9,63.0,5.239083
2018-03-28 04:00:00+00:00,12.374499,9.4244995,10.448547,10.691453,208.72778,0.0,24.0,14.200001,14.200001,61.0,11.041165
2018-03-29 04:00:00+00:00,17.574501,10.7245,13.659435,13.479583,207.14957,0.0,19.0,21.1,21.1,63.0,13.941167
2018-03-30 04:00:00+00:00,13.4244995,0.7745,0.9375152,19.011953,320.89404,0.0,17.0,6.1999993,6.1999993,55.0,4.766166
2018-03-31 04:00:00+00:00,13.7245,-2.3755,2.1724722,24.696102,208.01433,0.0,0.0,0.0,0.0,3.0,6.228667
2018-04-01 04:00:00+00:00,10.4745,1.5244999,2.5417194,20.969807,293.954,0.0,6.0,0.90000004,0.90000004,51.0,6.4807496
2018-04-02 04:00:00+00:00,7.7745004,-0.6255,-0.0636153,9.0,32.417038,5.6699996,7.0,8.1,0.0,75.0,2.9724166
2018-04-03 04:00:00+00:00,17.3745,1.8745,7.388022,26.901417,162.26935,0.0,13.0,20.000002,20.000002,63.0,9.572417
2018-04-04 04:00:00+00:00,14.874499,0.3245,1.4778643,39.966484,257.075,0.07,8.0,9.1,9.0,71.0,7.5015826
2018-04-05 04:00:00+00:00,6.7745004,-2.3755,-3.2853928,22.33161,270.27335,0.0,0.0,0.0,0.0,3.0,2.1161668
2018-04-06 04:00:00+00:00,13.7745,1.8245001,1.8800713,32.305862,245.19983,0.77,12.0,3.6000001,2.5,73.0,6.391166
2018-04-07 04:00:00+00:00,4.4245,-1.9755001,-3.7119534,16.78156,321.08847,2.1,6.0,3.2,0.19999999,73.0,0.47866663
2018-04-08 04:00:00+00:00,3.9245,-4.1254997,-4.828746,18.171976,320.59933,0.0,0.0,0.0,0.0,3.0,-0.40050006
2018-04-09 04:00:00+00:00,3.4745,-2.3755,-2.8691902,9.422101,76.65552,1.8200002,15.0,2.8999996,0.3,73.0,0.65158325
2018-04-10 04:00:00+00:00,6.7245,-4.3754997,-1.3776989,11.885453,289.6153,0.07,1.0,0.1,0.0,71.0,2.1703331
2018-04-11 04:00:00+00:00,12.5245,-0.72550005,2.0858793,19.33639,232.70271,0.0,0.0,0.0,0.0,3.0,5.766166
2018-04-12 04:00:00+00:00,22.2745,6.7245,10.552156,32.886345,217.13771,0.0,3.0,0.8,0.8,51.0,13.876583
2018-04-13 04:00:00+00:00,25.824501,14.0745,17.01402,22.406927,226.77368,0.0,2.0,0.3,0.3,51.0,19.697416
2018-04-14 04:00:00+00:00,26.7245,12.9244995,18.538427,17.477621,208.84375,0.0,1.0,0.1,0.1,51.0,19.491165
2018-04-15 04:00:00+00:00,23.9745,9.2745,14.415288,30.77737,114.41485,0.0,13.0,29.800001,29.800001,63.0,15.864082
2018-04-16 04:00:00+00:00,8.8245,1.6745,1.5764871,26.019806,277.36847,0.0,17.0,23.999998,23.999998,63.0,5.8786664
2018-04-17 04:00:00+00:00,2.9245,0.12450001,-4.2528415,27.112564,262.63342,1.33,12.0,1.9000002,0.0,73.0,1.6015834
2018-04-18 04:00:00+00:00,12.9244995,-2.4755,2.1107259,11.659777,256.6314,0.0,0.0,0.0,0.0,3.0,5.1349163
2018-04-19 04:00:00+00:00,7.4745,1.4245,-0.0855338,28.019936,316.04422,1.61,9.0,9.200001,6.9,73.0,4.487
2018-04-20 04:00:00+00:00,11.4745,-1.3255,0.39322904,17.339897,318.411,0.0,0.0,0.0,0.0,0.0,4.5995
2018-04-21 04:00:00+00:00,12.874499,-0.7755,3.8272464,7.6367526,358.56793,0.0,0.0,0.0,0.0,3.0,6.3890834
2018-04-22 04:00:00+00:00,18.6245,3.9245,8.511051,13.570615,67.936195,0.0,0.0,0.0,0.0,3.0,11.478665
2018-04-23 04:00:00+00:00,20.924501,7.1745,11.475533,20.620804,123.1184,0.0,1.0,0.6,0.6,53.0,14.1849165
2018-04-24 04:00:00+00:00,13.2245,9.374499,8.914338,15.725037,98.74606,0.0,20.0,15.499999,15.499999,61.0,11.114082
2018-04-25 04:00:00+00:00,14.624499,6.1745,9.320588,21.166653,335.1235,0.0,3.0,0.6,0.6,51.0,11.13075
2018-04-26 04:00:00+00:00,16.2245,2.0745,7.1478405,10.685391,294.95145,0.0,0.0,0.0,0.0,3.0,9.23075
2018-04-27 04:00:00+00:00,18.324501,5.9745,10.122926,16.700275,229.19905,0.0,1.0,0.2,0.2,51.0,12.389085
2018-04-28 04:00:00+00:00,13.124499,4.5745,5.46205,22.771244,297.2578,0.0,5.0,1.0,1.0,51.0,8.697415
2018-04-29 04:00:00+00:00,10.7745,0.87450004,0.25973865,21.915691,307.22983,0.0,0.0,0.0,0.0,3.0,5.0932503
2018-04-30 04:00:00+00:00,18.1245,0.9745,6.1739902,19.211996,282.6307,0.0,0.0,0.0,0.0,0.0,9.48075
2018-05-01 04:00:00+00:00,23.9745,4.5745,12.609566,15.696165,225.66124,0.0,0.0,0.0,0.0,2.0,14.9036665
2018-05-02 04:00:00+00:00,26.7245,10.624499,18.267832,24.464113,221.58197,0.0,0.0,0.0,0.0,3.0,19.489084
2018-05-03 04:00:00+00:00,27.074501,17.4745,21.940536,19.770523,232.47908,0.0,6.0,4.9999995,4.9999995,63.0,21.591166
2018-05-04 04:00:00+00:00,24.6245,15.6744995,19.965912,28.394392,230.44257,0.0,10.0,3.0,3.0,53.0,20.020332
2018-05-05 04:00:00+00:00,20.824501,10.5745,14.749241,13.779114,128.15724,0.0,6.0,3.0,3.0,53.0,15.678665
2018-05-06 04:00:00+00:00,16.8745,11.2245,13.32804,11.503113,59.420845,0.0,17.0,12.6,12.6,61.0,13.709916
2018-05-07 04:00:00+00:00,20.4745,9.5745,14.553979,9.422101,12.74526,0.0,3.0,0.3,0.3,51.0,14.734918
2018-05-08 04:00:00+00:00,22.7745,10.2745,17.394712,12.538134,129.88956,0.0,1.0,0.1,0.1,51.0,17.44325
2018-05-09 04:00:00+00:00,24.5245,12.4745,18.197561,15.596767,175.65892,0.0,0.0,0.0,0.0,3.0,18.759916
2018-05-10 04:00:00+00:00,23.074501,15.4244995,18.981028,22.101183,232.843,0.0,10.0,6.6000004,6.6000004,63.0,19.409916
2018-05-11 04:00:00+00:00,18.8745,11.5245,14.025502,12.181624,19.858751,0.0,0.0,0.0,0.0,3.0,15.216165
2018-05-12 04:00:00+00:00,25.424501,10.124499,18.394243,21.611998,277.8001,0.0,10.0,5.6000004,5.6000004,61.0,18.109917
2018-05-13 04:00:00+00:00,25.0245,13.874499,19.219461,16.311613,263.05908,0.0,15.0,14.800002,14.800002,63.0,17.959917
2018-05-14 04:00:00+00:00,24.9745,16.824501,21.879583,17.771753,224.88649,0.0,4.0,8.9,8.9,63.0,19.922419
2018-05-15 04:00:00+00:00,26.7745,16.5245,22.545713,22.505037,254.7304,0.0,6.0,4.9,4.9,61.0,21.134916
2018-05-16 04:00:00+00:00,22.9745,17.4745,21.355684,12.768586,57.274292,0.0,15.0,10.8,10.8,61.0,19.734915
2018-05-17 04:00:00+00:00,25.574501,17.3745,21.804176,14.05845,79.1026,0.0,10.0,2.4,2.4,53.0,20.572416
2018-05-18 04:00:00+00:00,23.4745,16.9745,19.345577,25.922499,85.74374,0.0,5.0,0.90000004,0.90000004,51.0,19.476583
2018-05-19 04:00:00+00:00,25.674501,13.7745,19.486662,17.462782,149.39055,0.0,17.0,12.0,12.0,61.0,18.905752
2018-05-20 04:00:00+00:00,23.2245,16.824501,21.035902,16.58346,292.15338,0.0,10.0,5.1999993,5.1999993,63.0,20.189085
2018-05-21 04:00:00+00:00,26.424501,13.3245,21.164078,8.311245,56.804253,0.0,0.0,0.0,0.0,3.0,19.884916
2018-05-22 04:00:00+00:00,24.1245,18.6245,22.297262,16.323528,217.17181,0.0,22.0,17.8,17.8,63.0,20.51825
2018-05-23 04:00:00+00:00,23.8745,15.4745,19.226702,13.5515,333.73456,0.0,1.0,0.2,0.2,51.0,19.087004
2018-05-24 04:00:00+00:00,26.5245,11.7745,20.73745,8.404285,46.36853,0.0,0.0,0.0,0.0,2.0,19.753668
2018-05-25 04:00:00+00:00,27.8745,15.124499,23.088655,10.739832,209.54205,0.0,1.0,0.1,0.1,51.0,21.766167
2018-05-26 04:00:00+00:00,28.8745,18.5245,25.790556,9.178235,220.10085,0.0,6.0,3.5,3.5,61.0,23.320333
2018-05-27 04:00:00+00:00,26.4745,19.324501,25.093039,12.475961,210.82478,0.0,16.0,7.799999,7.799999,61.0,22.068247
2018-05-28 04:00:00+00:00,30.0245,19.574501,28.02971,9.19939,162.621,0.0,1.0,0.6,0.6,53.0,24.19325
2018-05-29 04:00:00+00:00,30.3745,19.7745,28.377054,12.904882,134.49306,0.0,2.0,1.1,1.1,53.0,24.936998
2018-05-30 04:00:00+00:00,27.9745,19.9745,26.16101,20.972897,134.07535,0.0,5.0,1.5,1.5,53.0,24.124502
2018-05-31 04:00:00+00:00,26.674501,21.074501,25.761421,17.709658,182.25328,0.0,13.0,11.5,11.5,63.0,23.209915
2018-06-01 04:00:00+00:00,25.674501,20.424501,25.096785,13.044722,230.29945,0.0,14.0,9.0,9.0,63.0,22.49325
2018-06-02 04:00:00+00:00,26.174501,18.4745,24.402184,14.471821,341.89236,0.0,11.0,2.9999998,2.9999998,53.0,21.926584
2018-06-03 04:00:00+00:00,25.0245,18.324501,23.204117,21.203358,135.52075,0.0,14.0,12.500001,12.500001,65.0,21.241169
2018-06-04 04:00:00+00:00,20.8745,14.9745,17.091888,19.562946,287.10788,0.0,3.0,0.3,0.3,51.0,18.02867
2018-06-05 04:00:00+00:00,21.7245,12.374499,15.568719,20.364674,268.0153,0.0,9.0,13.700001,13.700001,63.0,16.701582
2018-06-06 04:00:00+00:00,17.3745,8.9745,12.354282,10.440001,327.4054,0.0,1.0,0.1,0.1,51.0,13.632834
2018-06-07 04:00:00+00:00,23.824501,10.874499,18.39584,7.24486,188.48885,0.0,0.0,0.0,0.0,3.0,17.722416
2018-06-08 04:00:00+00:00,26.2245,16.6245,23.050478,7.342588,198.86581,0.0,1.0,0.1,0.1,51.0,21.176582
2018-06-09 04:00:00+00:00,26.4745,17.424501,24.719208,8.049845,80.93358,0.0,9.0,3.6,3.6,61.0,21.655752
2018-06-10 04:00:00+00:00,24.824501,18.074501,22.93849,12.031756,97.60975,0.0,19.0,27.800001,27.800001,63.0,20.622417
2018-06-11 04:00:00+00:00,23.424501,14.4244995,18.252554,14.973576,81.85966,0.0,9.0,5.9,5.9,61.0,18.249498
2018-06-12 04:00:00+00:00,25.824501,14.5745,20.73305,15.84409,147.72089,0.0,10.0,2.6000001,2.6000001,55.0,20.070333
2018-06-13 04:00:00+00:00,25.6245,18.5245,23.51249,22.065973,231.2763,0.0,19.0,17.7,17.7,63.0,21.695335
2018-06-14 04:00:00+00:00,26.074501,14.124499,20.476591,19.107151,305.59476,0.0,0.0,0.0,0.0,3.0,20.564081
2018-06-15 04:00:00+00:00,25.8745,14.4745,21.200483,10.630672,338.82596,0.0,0.0,0.0,0.0,3.0,20.312
2018-06-16 04:00:00+00:00,28.324501,14.6744995,23.452879,9.19939,209.38406,0.0,5.0,7.2,7.2,63.0,21.470335
2018-06-17 04:00:00+00:00,29.8745,19.8745,29.093834,7.386582,234.84894,0.0,5.0,6.2,6.2,63.0,24.941168
2018-06-18 04:00:00+00:00,31.8745,21.7745,30.791994,17.555305,238.46362,0.0,5.0,2.8,2.8,61.0,26.922417
2018-06-19 04:00:00+00:00,28.074501,22.0245,28.212164,15.509274,320.73535,0.0,16.0,5.699999,5.699999,55.0,24.916162
2018-06-20 04:00:00+00:00,26.674501,19.2745,25.769272,13.797912,279.86572,0.0,16.0,19.5,19.5,63.0,22.40367
2018-06-21 04:00:00+00:00,26.424501,17.2745,23.7115,10.630672,25.404236,0.0,3.0,1.4,1.4,55.0,21.945333
2018-06-22 04:00:00+00:00,24.3745,17.674501,21.142931,18.584509,105.152794,0.0,22.0,39.399998,39.399998,65.0,20.330751
2018-06-23 04:00:00+00:00,24.924501,17.7745,22.332644,17.935081,197.83366,0.0,18.0,13.700003,13.700003,61.0,21.026583
2018-06-24 04:00:00+00:00,26.2745,18.9745,23.490473,20.345573,262.17575,0.0,11.0,4.3999996,4.3999996,61.0,21.943253
2018-06-25 04:00:00+00:00,24.6245,14.874499,20.941183,10.44,11.360193,0.0,0.0,0.0,0.0,3.0,20.209917
2018-06-26 04:00:00+00:00,25.7245,14.9244995,21.111633,16.299694,117.60941,0.0,7.0,2.1000001,2.1000001,53.0,20.472416
2018-06-27 04:00:00+00:00,25.324501,18.2745,22.79651,21.407139,194.51462,0.0,18.0,21.7,21.7,63.0,21.245333
2018-06-28 04:00:00+00:00,27.4745,19.924501,25.029749,15.990646,280.87033,0.0,11.0,3.4,3.4,53.0,23.009918
2018-06-29 04:00:00+00:00,30.2745,17.824501,27.607264,6.763786,261.79288,0.0,0.0,0.0,0.0,3.0,24.064085
2018-06-30 04:00:00+00:00,31.7745,18.7745,29.643534,8.287822,183.36638,0.0,0.0,0.0,0.0,3.0,25.655752
2018-07-01 04:00:00+00:00,32.3745,20.074501,30.82103,12.371645,176.35558,0.0,0.0,0.0,0.0,2.0,26.626585
2018-07-02 04:00:00+00:00,29.8745,22.7745,29.768156,12.261157,196.49979,0.0,11.0,11.0,11.0,63.0,25.25575
2018-07-03 04:00:00+00:00,28.9745,22.174501,30.276693,6.5693827,77.41915,0.0,9.0,6.3,6.3,63.0,25.212
2018-07-04 04:00:00+00:00,32.274498,21.674501,31.828001,9.746631,133.99498,0.0,2.0,5.6,5.6,63.0,26.239084
2018-07-05 04:00:00+00:00,29.324501,22.2745,29.183527,14.336861,187.65674,0.0,11.0,16.4,16.4,63.0,24.880753
2018-07-06 04:00:00+00:00,26.574501,18.574501,24.524572,17.771753,333.51465,0.0,9.0,7.6999993,7.6999993,61.0,22.995333
2018-07-07 04:00:00+00:00,24.574501,14.0745,19.328959,12.964998,59.808483,0.0,0.0,0.0,0.0,0.0,19.532831
2018-07-08 04:00:00+00:00,27.174501,13.5245,21.356878,11.384198,111.70778,0.0,0.0,0.0,0.0,3.0,20.641169
2018-07-09 04:00:00+00:00,29.0245,15.4745,24.24877,8.373386,221.15172,0.0,0.0,0.0,0.0,1.0,22.422417
2018-07-10 04:00:00+00:00,30.7745,18.8745,26.878794,11.525623,285.96173,0.0,4.0,0.70000005,0.70000005,51.0,24.347418
2018-07-11 04:00:00+00:00,27.324501,15.9244995,22.846024,16.73516,4.874164e-06,0.0,0.0,0.0,0.0,3.0,22.051584
2018-07-12 04:00:00+00:00,27.0245,15.374499,21.696266,10.799999,48.42133,0.0,0.0,0.0,0.0,3.0,21.355751
2018-07-13 04:00:00+00:00,29.6245,17.8745,25.747408,10.464798,149.53456,0.0,0.0,0.0,0.0,3.0,23.90158
2018-07-14 04:00:00+00:00,31.424501,19.924501,28.498564,9.793058,190.51378,0.0,1.0,0.1,0.1,51.0,25.697418
2018-07-15 04:00:00+00:00,29.324501,21.924501,29.359612,9.19939,205.6543,0.0,14.0,9.8,9.8,63.0,25.157835
2018-07-16 04:00:00+00:00,30.9745,21.574501,29.770796,10.990322,194.93945,0.0,5.0,4.9,4.9,61.0,25.553663
2018-07-17 04:00:00+00:00,28.3745,20.7745,26.949942,19.33639,309.34634,0.0,14.0,18.100002,18.100002,63.0,24.30992
2018-07-18 04:00:00+00:00,24.1245,15.5245,20.77554,10.787993,342.32657,0.0,0.0,0.0,0.0,3.0,20.426584
2018-07-19 04:00:00+00:00,28.2745,15.1744995,23.187986,11.609651,90.177376,0.0,0.0,0.0,0.0,3.0,21.907831
2018-07-20 04:00:00+00:00,29.074501,18.2745,23.970167,18.391735,156.27663,0.0,9.0,4.1,4.1,61.0,22.96617
2018-07-21 04:00:00+00:00,26.074501,18.174501,22.599236,17.287498,128.1845,0.0,10.0,4.6,4.6,55.0,21.759918
2018-07-22 04:00:00+00:00,24.924501,16.4745,22.114603,13.207634,98.46012,0.0,10.0,2.2,2.2,51.0,20.434916
2018-07-23 04:00:00+00:00,27.824501,18.824501,26.077444,13.513193,119.33007,0.0,9.0,2.9,2.9,61.0,23.284914
2018-07-24 04:00:00+00:00,27.6245,20.0245,26.645056,12.24,148.02638,0.0,7.0,3.3999999,3.3999999,55.0,23.88492
2018-07-25 04:00:00+00:00,26.0245,20.7245,27.09168,7.928177,250.70981,0.0,18.0,12.0,12.0,63.0,23.203667
2018-07-26 04:00:00+00:00,29.2745,16.7745,25.377031,14.386494,231.94908,0.0,1.0,0.1,0.1,51.0,23.303667
2018-07-27 04:00:00+00:00,24.924501,19.424501,24.463999,12.413477,235.7369,0.0,16.0,8.800001,8.800001,63.0,21.895334
2018-07-28 04:00:00+00:00,25.324501,16.074501,21.62081,12.7279215,283.12726,0.0,2.0,0.2,0.2,51.0,20.778667
2018-07-29 04:00:00+00:00,25.1245,15.2245,22.556887,7.208994,63.64966,0.0,1.0,0.1,0.1,51.0,20.914083
2018-07-30 04:00:00+00:00,25.4745,18.3745,23.798872,7.6367526,107.32092,0.0,11.0,17.000002,17.000002,65.0,21.297415
2018-07-31 04:00:00+00:00,26.7745,18.2245,24.5011,14.904173,119.38678,0.0,8.0,2.3,2.3,53.0,22.212
2018-08-01 04:00:00+00:00,25.6245,20.4745,24.607199,15.782622,196.11703,0.0,17.0,5.599999,5.599999,61.0,22.414083
2018-08-02 04:00:00+00:00,27.1245,19.424501,24.826988,10.028439,191.25766,0.0,3.0,0.5,0.5,51.0,22.382835
2018-08-03 04:00:00+00:00,25.924501,19.7245,25.232416,7.5942082,187.37132,0.0,14.0,5.399999,5.399999,61.0,22.072416
2018-08-04 04:00:00+00:00,28.4745,17.674501,26.307137,12.387348,210.24663,0.0,5.0,0.90000004,0.90000004,51.0,23.349503
2018-08-05 04:00:00+00:00,30.2245,19.824501,28.384645,16.454008,205.74556,0.0,3.0,2.8000002,2.8000002,61.0,24.378664
2018-08-06 04:00:00+00:00,30.174501,20.9745,29.72754,11.304229,204.99667,0.0,4.0,0.90000004,0.90000004,53.0,25.497416
2018-08-07 04:00:00+00:00,28.574501,21.8745,28.449745,13.049689,214.32109,0.0,9.0,17.4,17.4,63.0,24.811998
2018-08-08 04:00:00+00:00,24.7245,21.9745,26.332413,15.815435,228.89136,0.0,15.0,7.7000003,7.7000003,63.0,23.303665
2018-08-09 04:00:00+00:00,27.174501,20.5245,26.187334,12.496719,264.10947,0.0,10.0,2.6,2.6,53.0,23.466166
2018-08-10 04:00:00+00:00,27.2745,19.574501,25.593637,8.669949,241.34825,0.0,11.0,7.6,7.6,63.0,22.503668
2018-08-11 04:00:00+00:00,26.924501,20.174501,25.554474,9.957108,306.22324,0.0,11.0,3.9,3.9,53.0,22.989084
2018-08-12 04:00:00+00:00,27.574501,17.3745,24.245634,10.00256,27.790363,0.0,0.0,0.0,0.0,3.0,22.328667
2018-08-13 04:00:00+00:00,26.6245,17.574501,24.019333,10.990322,0.57872677,0.0,8.0,16.300001,16.300001,65.0,21.282835
2018-08-14 04:00:00+00:00,26.2245,18.074501,23.980307,11.720751,255.24261,0.0,8.0,3.1,3.1,53.0,21.447418
2018-08-15 04:00:00+00:00,29.074501,18.3745,26.221687,11.726277,241.62312,0.0,1.0,0.1,0.1,51.0,23.670332
2018-08-16 04:00:00+00:00,27.674501,20.3745,26.23628,15.021105,186.31645,0.0,2.0,0.6,0.6,53.0,23.439081
2018-08-17 04:00:00+00:00,28.174501,20.8745,26.658937,19.107151,211.36784,0.0,17.0,14.700002,14.700002,63.0,23.739084
2018-08-18 04:00:00+00:00,25.9745,20.8745,26.13577,13.830749,273.8598,0.0,16.0,7.8999996,7.8999996,61.0,22.999502
2018-08-19 04:00:00+00:00,27.324501,16.0245,22.684225,13.584932,47.42381,0.0,0.0,0.0,0.0,2.0,21.201582
2018-08-20 04:00:00+00:00,27.574501,17.074501,24.313349,15.034041,112.815414,0.0,9.0,1.4000001,1.4000001,51.0,22.278666
2018-08-21 04:00:00+00:00,27.1245,20.674501,25.16842,21.611998,178.6629,0.0,13.0,22.099998,22.099998,63.0,22.87242
2018-08-22 04:00:00+00:00,22.7245,16.6245,20.804749,20.94507,296.728,0.0,11.0,2.1999998,2.1999998,51.0,20.397417
2018-08-23 04:00:00+00:00,23.7245,13.0245,18.300718,10.990322,291.97238,0.0,0.0,0.0,0.0,3.0,18.470331
2018-08-24 04:00:00+00:00,25.9745,14.124499,20.54616,14.417988,155.69199,0.0,0.0,0.0,0.0,3.0,20.059916
2018-08-25 04:00:00+00:00,26.8745,16.9745,21.67936,16.167967,172.784,0.0,2.0,0.4,0.4,51.0,21.230751
2018-08-26 04:00:00+00:00,26.8745,19.074501,25.069155,18.864824,208.96637,0.0,14.0,3.8000002,3.8000002,53.0,22.762003
2018-08-27 04:00:00+00:00,29.1245,22.0245,29.278555,13.722565,203.55226,0.0,10.0,5.7999997,5.7999997,61.0,25.064081
2018-08-28 04:00:00+00:00,31.1245,22.074501,30.134604,14.336861,218.31801,0.0,1.0,0.1,0.1,51.0,26.545332
2018-08-29 04:00:00+00:00,31.324501,22.0245,29.20569,18.844202,219.69443,0.0,5.0,4.2,4.2,61.0,26.099497
2018-08-30 04:00:00+00:00,26.324501,21.174501,27.052267,9.290511,348.6901,0.0,8.0,0.9000001,0.9000001,51.0,23.412003
2018-08-31 04:00:00+00:00,27.174501,18.2245,26.002707,8.699793,51.22582,0.0,4.0,1.2,1.2,53.0,23.043253
2018-09-01 04:00:00+00:00,29.574501,19.824501,27.342718,12.261158,167.32767,0.0,4.0,0.70000005,0.70000005,51.0,24.172417
2018-09-02 04:00:00+00:00,29.8745,20.674501,28.719988,9.511088,206.74054,0.0,7.0,1.1,1.1,51.0,24.989082
2018-09-03 04:00:00+00:00,30.8745,21.324501,30.051283,7.342588,178.25677,0.0,5.0,3.3,3.3,63.0,25.584917
2018-09-04 04:00:00+00:00,32.2245,21.924501,31.485321,7.172949,127.56865,0.0,1.0,0.3,0.3,51.0,26.482834
2018-09-05 04:00:00+00:00,32.524498,22.2745,30.80861,10.296251,189.24603,0.0,1.0,2.0,2.0,61.0,26.451586
2018-09-06 04:00:00+00:00,30.674501,22.074501,29.011385,13.479583,292.32867,0.0,8.0,6.6000004,6.6000004,63.0,24.722414
2018-09-07 04:00:00+00:00,26.8745,20.924501,26.87297,11.770403,12.97194,0.0,7.0,2.8000002,2.8000002,61.0,23.30575
2018-09-08 04:00:00+00:00,20.7245,13.7745,17.006332,19.022177,52.898808,0.0,23.0,24.7,24.7,63.0,17.09117
2018-09-09 04:00:00+00:00,15.1744995,12.624499,12.38507,23.110207,84.21596,0.0,24.0,88.40001,88.40001,65.0,14.168248
2018-09-10 04:00:00+00:00,21.424501,14.9745,17.83751,21.09305,139.07826,0.0,21.0,50.39999,50.39999,65.0,17.680746
2018-09-11 04:00:00+00:00,22.2745,13.8245,19.370337,9.114471,297.51187,0.0,5.0,0.6,0.6,51.0,18.16825
2018-09-12 04:00:00+00:00,24.324501,16.4745,22.667055,8.669949,65.55607,0.0,9.0,2.6999996,2.6999996,55.0,20.347416
2018-09-13 04:00:00+00:00,27.824501,19.8745,26.55352,10.948973,95.816635,0.0,10.0,3.7999997,3.7999997,61.0,23.280748
2018-09-14 04:00:00+00:00,27.6245,20.2745,26.035242,11.4862,99.93302,0.0,5.0,0.7,0.7,51.0,23.27867
2018-09-15 04:00:00+00:00,28.174501,19.574501,25.710752,13.684735,88.874886,0.0,2.0,0.2,0.2,51.0,23.220337
2018-09-16 04:00:00+00:00,26.7745,18.424501,24.259687,15.629971,93.47772,0.0,0.0,0.0,0.0,3.0,22.56617
2018-09-17 04:00:00+00:00,23.674501,20.574501,23.83539,15.328561,74.858986,0.0,14.0,15.8,15.8,63.0,21.526583
2018-09-18 04:00:00+00:00,27.074501,19.5245,25.114103,13.783817,318.58115,0.0,3.0,0.4,0.4,51.0,22.549501
2018-09-19 04:00:00+00:00,26.7245,18.674501,24.469252,10.948973,338.1129,0.0,4.0,0.9000001,0.9000001,51.0,21.951582
2018-09-20 04:00:00+00:00,28.074501,15.9244995,24.39193,12.783802,143.79045,0.0,2.0,0.2,0.2,51.0,21.895334
2018-09-21 04:00:00+00:00,29.674501,20.924501,26.598793,22.782625,207.88185,0.0,6.0,9.2,9.2,63.0,24.74742
2018-09-22 04:00:00+00:00,22.1245,14.124499,15.773871,17.373497,5.241738,0.0,3.0,1.6,1.6,61.0,16.414083
2018-09-23 04:00:00+00:00,20.8745,12.9244995,16.318079,10.538843,73.46144,0.0,0.0,0.0,0.0,3.0,16.45575
2018-09-24 04:00:00+00:00,21.574501,14.2745,16.85614,23.469128,114.82258,0.0,9.0,10.8,10.8,61.0,17.326584
2018-09-25 04:00:00+00:00,25.7245,16.1745,21.259516,23.993399,175.1915,0.0,15.0,8.8,8.8,61.0,20.387
2018-09-26 04:00:00+00:00,22.924501,14.9745,21.522146,19.134262,250.16777,0.0,16.0,21.100002,21.100002,63.0,20.528666
2018-09-27 04:00:00+00:00,19.6245,11.2245,14.009743,14.417988,83.28285,0.0,8.0,19.999998,19.999998,63.0,14.680749
2018-09-28 04:00:00+00:00,21.074501,11.2245,15.465259,10.990322,243.80466,0.0,3.0,3.1,3.1,61.0,15.839082
2018-09-29 04:00:00+00:00,18.324501,11.8245,14.075854,10.587917,295.00632,0.0,0.0,0.0,0.0,3.0,14.853664
2018-09-30 04:00:00+00:00,24.424501,9.9244995,16.91176,10.105681,132.56332,0.0,0.0,0.0,0.0,2.0,16.730751
2018-10-01 04:00:00+00:00,26.0245,15.8245,21.648003,11.808878,214.01497,0.0,0.0,0.0,0.0,3.0,20.49533
2018-10-02 04:00:00+00:00,24.674501,18.674501,22.133001,17.148247,213.85251,0.0,15.0,21.4,21.4,63.0,20.572416
2018-10-03 04:00:00+00:00,25.424501,15.6744995,22.3957,11.659777,259.8041,0.0,4.0,0.90000004,0.90000004,51.0,20.341167
2018-10-04 04:00:00+00:00,26.4745,15.5245,22.734465,17.906157,249.6568,0.0,9.0,6.1000004,6.1000004,61.0,21.3245
2018-10-05 04:00:00+00:00,21.8745,10.3245,17.040724,11.183201,64.106476,0.0,2.0,0.2,0.2,51.0,16.539083
2018-10-06 04:00:00+00:00,26.824501,18.4745,24.507845,16.981165,192.60727,0.0,12.0,7.399999,7.399999,61.0,21.774498
2018-10-07 04:00:00+00:00,28.5245,19.1245,26.803267,9.885262,202.44278,0.0,6.0,0.8,0.8,51.0,23.537003
2018-10-08 04:00:00+00:00,29.2245,18.7745,26.48549,13.089354,149.92084,0.0,4.0,0.70000005,0.70000005,51.0,23.741167
2018-10-09 04:00:00+00:00,28.074501,19.0245,25.12004,13.5515,158.46553,0.0,0.0,0.0,0.0,3.0,23.36825
2018-10-10 04:00:00+00:00,27.5245,19.824501,24.40068,15.905319,163.67787,0.0,6.0,6.3999996,6.3999996,63.0,22.949501
2018-10-11 04:00:00+00:00,22.2745,13.0245,20.408768,15.856356,267.3201,0.0,14.0,8.6,8.6,61.0,19.46617
2018-10-12 04:00:00+00:00,12.124499,9.2745,7.191431,19.107151,291.60437,0.0,1.0,0.2,0.2,51.0,10.689083
2018-10-13 04:00:00+00:00,9.8245,5.9245,4.7896824,16.42247,270.92276,0.0,9.0,4.2999997,4.2999997,55.0,7.9328327
2018-10-14 04:00:00+00:00,15.8245,6.4245,8.257167,10.703569,151.428,0.0,4.0,0.5,0.5,51.0,10.147415
2018-10-15 04:00:00+00:00,17.7245,9.4745,12.834596,21.758419,237.14304,0.0,22.0,10.299999,10.299999,61.0,14.182834
2018-10-16 04:00:00+00:00,12.374499,4.1245003,4.821392,14.277983,250.08469,0.0,0.0,0.0,0.0,3.0,8.18075
2018-10-17 04:00:00+00:00,13.374499,5.6245003,4.4045286,28.82249,269.5158,0.0,1.0,0.1,0.1,51.0,8.857833
2018-10-18 04:00:00+00:00,10.3245,3.9745,3.1425822,14.003028,297.70984,0.0,0.0,0.0,0.0,3.0,6.770334
2018-10-19 04:00:00+00:00,15.0745,2.0245,5.0332074,15.2947035,213.7378,0.0,4.0,3.1,3.1,61.0,8.3245
2018-10-20 04:00:00+00:00,15.1744995,6.9245,6.467045,24.627787,257.58734,0.0,12.0,2.2,2.2,51.0,10.407833
2018-10-21 04:00:00+00:00,7.0745,1.7744999,0.003260662,26.739542,298.72086,0.0,2.0,1.2,1.2,53.0,4.6870003
2018-10-22 04:00:00+00:00,12.9745,1.2745,3.3593836,18.335276,212.60512,0.0,0.0,0.0,0.0,3.0,7.207833
2018-10-23 04:00:00+00:00,14.4244995,6.4745,6.199267,23.210928,267.12396,0.0,0.0,0.0,0.0,2.0,10.189084
2018-10-24 04:00:00+00:00,9.124499,4.3245,2.7689788,17.418196,323.9783,0.0,0.0,0.0,0.0,3.0,6.370333
2018-10-25 04:00:00+00:00,9.3245,0.9745,2.7772295,8.587338,334.15567,0.0,0.0,0.0,0.0,3.0,5.4515834
2018-10-26 04:00:00+00:00,11.4244995,3.6745,3.4038038,18.532133,99.56433,0.0,7.0,5.5,5.5,61.0,6.9286666
2018-10-27 04:00:00+00:00,9.2745,6.1745,4.8804336,14.799459,67.01123,0.0,24.0,13.099998,13.099998,61.0,7.2140827
2018-10-28 04:00:00+00:00,11.4244995,5.8245,4.8871093,21.749481,244.13925,0.0,17.0,4.4,4.4,53.0,8.162
2018-10-29 04:00:00+00:00,10.124499,6.1245003,3.8313046,27.852928,273.70697,0.0,13.0,4.6999993,4.6999993,55.0,7.7307496
2018-10-30 04:00:00+00:00,14.374499,3.9745,6.6821423,10.538843,228.30588,0.0,0.0,0.0,0.0,3.0,9.030749
2018-10-31 04:00:00+00:00,18.824501,9.4745,12.388622,21.370783,207.43166,0.0,11.0,6.0000005,6.0000005,55.0,14.228667
2018-11-01 04:00:00+00:00,19.324501,11.3245,14.757603,23.510508,181.31273,0.0,15.0,9.2,9.2,61.0,15.524497
2018-11-02 04:00:00+00:00,19.074501,7.8745003,9.402914,23.749088,242.20064,0.0,10.0,9.799999,9.799999,63.0,12.159917
2018-11-03 04:00:00+00:00,10.4244995,4.5245004,3.6051092,21.841648,282.01978,0.0,10.0,2.3999999,2.3999999,53.0,7.1890836
2018-11-04 04:00:00+00:00,13.2245,2.5744998,4.2833953,18.775303,121.27632,0.0,0.0,0.0,0.0,3.0,7.626583
2018-11-05 04:00:00+00:00,17.5245,8.5245,9.898926,17.377226,158.00069,0.0,5.0,5.1,5.1,61.0,12.178666
2018-11-06 04:00:00+00:00,17.9745,10.624499,10.339811,33.696075,215.5589,0.0,10.0,20.100002,20.100002,63.0,13.6995
2018-11-07 04:00:00+00:00,11.2245,4.8745003,4.9012017,19.8,241.05873,0.0,0.0,0.0,0.0,3.0,8.526584
2018-11-08 04:00:00+00:00,8.2245,0.5745,1.2390579,9.339208,340.4941,0.0,0.0,0.0,0.0,3.0,4.278667
2018-11-09 04:00:00+00:00,8.4745,2.3745,1.25255,18.709612,128.68663,0.28,14.0,18.800001,18.400002,73.0,5.020334
2018-11-10 04:00:00+00:00,3.7245,-2.7255,-5.86841,26.932714,267.95782,0.42,5.0,0.9000001,0.3,73.0,-0.17341667
2018-11-11 04:00:00+00:00,6.1745,-3.8255002,-3.6260767,9.686609,208.38943,0.0,0.0,0.0,0.0,2.0,0.12033329
2018-11-12 04:00:00+00:00,7.4745,-2.7755,-0.73701453,6.792466,114.315895,0.0,7.0,1.6000001,1.6000001,51.0,2.1828334
2018-11-13 04:00:00+00:00,3.9745,0.9245,-0.9037445,17.0763,307.6781,0.0,16.0,5.4999986,5.4999986,55.0,2.7536666
2018-11-14 04:00:00+00:00,1.6245,-2.7755,-4.9645953,14.759999,305.34375,0.0,0.0,0.0,0.0,3.0,-0.52133346
2018-11-15 04:00:00+00:00,1.2745,-1.1255,-3.8691747,16.179985,84.574425,12.249999,17.0,22.800001,5.299999,75.0,0.28700003
2018-11-16 04:00:00+00:00,3.2745,0.2245,-3.108967,22.104116,247.30716,2.24,5.0,3.2,0.0,75.0,1.30575
2018-11-17 04:00:00+00:00,4.8745003,0.2245,-0.99776405,13.849477,250.84222,0.0,0.0,0.0,0.0,3.0,2.4911668
2018-11-18 04:00:00+00:00,11.2745,-0.07550001,1.057246,10.105681,38.774193,0.0,0.0,0.0,0.0,3.0,3.9786663
2018-11-19 04:00:00+00:00,4.5745,2.7745,1.3346552,8.435069,22.74497,0.0,22.0,9.400001,9.400001,55.0,3.7390833
2018-11-20 04:00:00+00:00,3.8244998,0.82449996,-1.5635136,20.06334,283.52637,0.14,8.0,1.2,1.0,71.0,2.5286672
2018-11-21 04:00:00+00:00,2.5744998,-2.2255,-4.268326,21.629978,264.78345,0.0,0.0,0.0,0.0,3.0,0.83283323
2018-11-22 04:00:00+00:00,-1.8255,-5.8255,-8.700742,14.471821,34.707787,0.0,0.0,0.0,0.0,3.0,-3.910917
2018-11-23 04:00:00+00:00,8.3745,-3.7254999,-3.4688056,13.397612,112.24906,0.0,0.0,0.0,0.0,3.0,1.05575
2018-11-24 04:00:00+00:00,8.3245,0.2745,1.1137978,21.166653,148.76668,0.0,13.0,13.700001,13.700001,63.0,4.601583
2018-11-25 04:00:00+00:00,10.4244995,5.6245003,5.074366,14.408997,236.27681,0.0,1.0,0.1,0.1,51.0,7.664083
2018-11-26 04:00:00+00:00,9.9244995,1.3745,2.0091944,22.97522,205.35855,0.56000006,19.0,10.500001,9.700002,73.0,6.005749
2018-11-27 04:00:00+00:00,0.9745,-2.3755,-6.5559216,22.963936,274.66763,0.77,6.0,1.1,0.0,73.0,-0.7421667
2018-11-28 04:00:00+00:00,-1.2755,-3.7755,-8.863343,25.325686,266.99792,0.28,4.0,0.4,0.0,71.0,-2.6650836
2018-11-29 04:00:00+00:00,2.7745,-4.7755,-6.0125613,14.917212,229.61896,0.0,3.0,0.4,0.4,51.0,-1.6859164
2018-11-30 04:00:00+00:00,7.7245,-0.3255,-0.05319481,8.049845,63.43507,0.0,4.0,0.4,0.4,51.0,2.5807498
2018-12-01 04:00:00+00:00,6.7245,1.0245,0.49892172,19.134262,104.906334,0.0,10.0,9.700001,9.700001,63.0,3.9224167
2018-12-02 04:00:00+00:00,16.7745,5.9745,8.587138,21.413193,184.67407,0.0,7.0,5.9,5.9,63.0,11.384917
2018-12-03 04:00:00+00:00,11.7245,1.5745001,1.1537948,21.41319,261.84744,0.0,8.0,1.1,1.1,51.0,5.582834
2018-12-04 04:00:00+00:00,1.7245,-0.82549995,-3.3176887,12.475961,313.38858,0.0,0.0,0.0,0.0,3.0,0.5494999
2018-12-05 04:00:00+00:00,0.7245,-1.7255001,-4.4685645,17.935081,276.68918,1.9600002,13.0,2.8000004,0.0,73.0,-0.54008335
2018-12-06 04:00:00+00:00,3.4745,-2.2755,-4.984262,20.519999,237.65407,1.1900002,7.0,1.6,0.0,73.0,0.20158333
2018-12-07 04:00:00+00:00,0.5245,-5.2254996,-6.0387363,15.629971,286.11115,0.0,0.0,0.0,0.0,3.0,-1.8692499
2018-12-08 04:00:00+00:00,-0.2755,-5.6254997,-7.9994617,14.05845,281.74686,0.0,0.0,0.0,0.0,3.0,-3.5484169
2018-12-09 04:00:00+00:00,3.1745,-5.7755,-7.234534,10.144082,62.281586,0.0,0.0,0.0,0.0,3.0,-2.8754997
2018-12-10 04:00:00+00:00,1.8745,-6.1755,-7.384953,9.422101,341.0753,0.0,0.0,0.0,0.0,3.0,-3.3234165
2018-12-11 04:00:00+00:00,3.3244998,-5.8754997,-6.732067,17.174677,227.27791,0.0,0.0,0.0,0.0,3.0,-1.9900831
2018-12-12 04:00:00+00:00,4.7245,-3.8255002,-3.555874,12.10157,185.82124,0.0,0.0,0.0,0.0,3.0,0.43074998
2018-12-13 04:00:00+00:00,8.7745,1.7245,1.1205604,12.313894,188.79166,0.0,2.0,0.70000005,0.70000005,51.0,4.31825
2018-12-14 04:00:00+00:00,12.7745,0.87450004,3.29157,10.703569,135.75267,0.0,4.0,0.8,0.8,51.0,5.95575
2018-12-15 04:00:00+00:00,8.0245,5.8745003,4.0792656,19.576189,55.234745,0.0,20.0,23.699999,23.699999,63.0,7.0390835
2018-12-16 04:00:00+00:00,6.7745004,3.2245,1.5024447,16.92383,32.195724,0.0,17.0,14.200002,14.200002,61.0,4.716167
2018-12-17 04:00:00+00:00,5.8245,1.2245,-1.4412633,21.261345,279.1529,0.0,0.0,0.0,0.0,3.0,3.0995
2018-12-18 04:00:00+00:00,3.0744998,-2.3755,-3.754639,12.496718,302.9052,0.0,0.0,0.0,0.0,3.0,0.3078334
2018-12-19 04:00:00+00:00,8.1744995,-3.8255002,-2.794357,11.525623,167.6948,0.0,0.0,0.0,0.0,3.0,0.7099168
2018-12-20 04:00:00+00:00,10.624499,-1.5255,0.7713294,15.978486,104.40005,0.0,7.0,14.9,14.9,63.0,3.9536667
2018-12-21 04:00:00+00:00,9.874499,2.0745,3.8141,18.075441,290.94275,1.05,18.0,21.9,20.400003,73.0,6.497416
2018-12-22 04:00:00+00:00,2.8745,1.1745,-2.7165346,22.805367,280.3419,0.35,10.0,1.2000002,0.70000005,71.0,1.9932498
2018-12-23 04:00:00+00:00,7.7245,-0.82549995,-0.7099361,12.599998,214.51384,0.0,4.0,0.8,0.8,51.0,2.8640835
2018-12-24 04:00:00+00:00,2.9745,-1.6755002,-4.041167,25.068514,267.79742,0.0,3.0,0.6,0.6,51.0,0.8599165
2018-12-25 04:00:00+00:00,2.3245,-3.6755002,-4.957071,8.714677,260.64706,0.0,0.0,0.0,0.0,3.0,-1.44425
2018-12-26 04:00:00+00:00,7.7745004,-2.5755,-1.6594081,8.161764,225.77412,0.0,0.0,0.0,0.0,3.0,1.6161665
2018-12-27 04:00:00+00:00,9.624499,-1.4254999,-0.13906062,19.164717,125.21015,0.0,1.0,0.1,0.1,51.0,3.9828331
2018-12-28 04:00:00+00:00,15.3245,7.0745,8.825149,24.535524,193.64291,0.0,11.0,10.700002,10.700002,63.0,11.255749
2018-12-29 04:00:00+00:00,9.9745,0.074499995,-1.4590813,22.065973,270.32663,0.0,1.0,0.1,0.1,51.0,2.9453332
2018-12-30 04:00:00+00:00,6.8745003,-0.72550005,-1.7331005,13.979872,225.86237,0.0,0.0,0.0,0.0,3.0,2.1578333
2018-12-31 04:00:00+00:00,15.2245,0.17449999,2.5776224,30.551254,155.69261,0.0,14.0,20.199999,20.199999,63.0,5.407833
2019-01-01 04:00:00+00:00,15.8245,3.4745,3.8230512,33.00436,271.72888,0.0,6.0,1.5000001,1.5000001,53.0,7.795332
2019-01-02 04:00:00+00:00,6.3245,2.4745,1.2403395,11.246759,157.46666,0.0,0.0,0.0,0.0,3.0,4.037
2019-01-03 04:00:00+00:00,5.7245,-0.4755,-1.6776667,20.393293,261.662,0.0,2.0,0.4,0.4,51.0,2.5995002
2019-01-04 04:00:00+00:00,8.1744995,-1.5755,-1.0290521,13.324863,162.88258,0.0,2.0,1.2,1.2,55.0,2.3432503
2019-01-05 04:00:00+00:00,9.9244995,3.2745,2.2431028,16.62249,294.70764,0.0,10.0,6.799999,6.799999,61.0,5.7619996
2019-01-06 04:00:00+00:00,5.6245003,-1.0255,-0.9226964,16.854767,296.83307,0.0,0.0,0.0,0.0,3.0,3.1995
2019-01-07 04:00:00+00:00,8.8245,-2.7755,-2.165596,23.749088,122.24244,0.0,0.0,0.0,0.0,3.0,2.6203334
2019-01-08 04:00:00+00:00,14.8245,5.1745,6.480728,31.367552,229.08318,0.0,13.0,3.9,3.9,53.0,10.441166
2019-01-09 04:00:00+00:00,4.7245,-4.1755,-5.34425,27.438046,287.35175,2.5199997,19.0,3.8999996,0.3,73.0,0.49324986
2019-01-10 04:00:00+00:00,-2.5755,-5.3255,-10.409218,22.870626,288.57898,0.35,5.0,0.5,0.0,71.0,-4.277583
2019-01-11 04:00:00+00:00,-1.4254999,-5.8754997,-8.444513,14.904173,305.62952,0.0,0.0,0.0,0.0,3.0,-4.04425
2019-01-12 04:00:00+00:00,1.1745,-4.5755,-6.138868,12.144331,71.31258,2.17,10.0,3.1000001,0.0,73.0,-2.1484168
2019-01-13 04:00:00+00:00,-0.5255,-4.0255,-6.596148,15.273505,71.380585,2.17,14.0,3.0,0.0,73.0,-2.0817502
2019-01-14 04:00:00+00:00,0.5745,-9.8255005,-7.612414,10.538843,356.1288,0.0,0.0,0.0,0.0,3.0,-3.604667
2019-01-15 04:00:00+00:00,0.12450001,-4.8255,-7.0858417,13.217443,249.19312,0.0,0.0,0.0,0.0,3.0,-2.8671668
2019-01-16 04:00:00+00:00,0.7745,-4.0755,-5.5585003,17.58481,252.659,0.56,8.0,0.8000001,0.0,71.0,-0.9775834
2019-01-17 04:00:00+00:00,1.8745,-5.0255,-5.138571,10.041354,120.92886,1.19,8.0,1.7,0.0,73.0,-1.5171665
2019-01-18 04:00:00+00:00,2.6245,0.024500012,-2.0260334,13.1041975,261.96436,0.56,7.0,1.2,0.4,73.0,1.4307503
2019-01-19 04:00:00+00:00,3.2245,-1.4755001,-3.1254933,16.92383,89.25379,2.17,13.0,15.6,12.5,73.0,0.8224167
2019-01-20 04:00:00+00:00,3.5245,-12.8255005,-11.717926,26.072052,323.71616,4.34,12.0,17.3,11.099999,75.0,-5.8317504
2019-01-21 04:00:00+00:00,-9.7755,-19.3755,-19.612587,21.461555,298.3317,0.21000001,2.0,0.2,0.0,71.0,-13.621333
2019-01-22 04:00:00+00:00,2.1745,-22.925499,-15.621132,14.182355,139.99377,0.0,0.0,0.0,0.0,3.0,-10.752583
2019-01-23 04:00:00+00:00,9.874499,-0.82549995,2.060031,20.176065,191.6835,0.0,14.0,13.5,13.5,61.0,5.9849167
2019-01-24 04:00:00+00:00,9.2245,-3.0755,-2.6083796,21.629978,273.4857,1.54,13.0,16.8,14.6,73.0,1.8453331
2019-01-25 04:00:00+00:00,-3.1755002,-12.0255,-12.142605,22.81957,254.9552,0.21000001,3.0,0.3,0.0,71.0,-6.313
2019-01-26 04:00:00+00:00,-1.7255001,-14.125501,-10.936745,16.548256,216.47559,0.48999998,7.0,0.8000001,0.1,71.0,-6.0900826
2019-01-27 04:00:00+00:00,0.9245,-13.4255,-8.451594,23.1774,244.13759,0.9100001,8.0,1.3,0.0,73.0,-3.05675
2019-01-28 04:00:00+00:00,5.2745004,-14.7255,-9.482301,18.59845,117.334755,0.0,0.0,0.0,0.0,3.0,-4.713001
2019-01-29 04:00:00+00:00,4.4745,-8.2755,-7.787823,21.829777,245.42703,0.07,4.0,1.3000001,1.2,71.0,-2.2525833
2019-01-30 04:00:00+00:00,-7.7254996,-19.075499,-20.060564,29.195534,258.23773,0.56,5.0,0.8,0.0,73.0,-13.35675
2019-01-31 04:00:00+00:00,-9.0255,-18.825499,-20.467838,18.720001,247.58661,0.0,0.0,0.0,0.0,3.0,-14.396335
2019-02-01 04:00:00+00:00,-5.8754997,-12.5255,-14.159992,7.42159,61.959885,1.9600003,13.0,2.7999997,0.0,73.0,-9.998418
2019-02-02 04:00:00+00:00,6.8245,-14.3255005,-8.6727915,12.229406,203.5024,0.0,0.0,0.0,0.0,3.0,-4.315084
2019-02-03 04:00:00+00:00,15.0745,-2.5255,1.0800115,13.237038,196.57407,0.0,0.0,0.0,0.0,3.0,4.303667
2019-02-04 04:00:00+00:00,16.7745,-0.0255,4.6521893,16.09969,182.14322,0.0,2.0,0.8,0.8,53.0,7.5995
2019-02-05 04:00:00+00:00,11.124499,2.3245,6.340361,14.88242,261.63892,0.0,10.0,1.3000001,1.3000001,51.0,8.453667
2019-02-06 04:00:00+00:00,10.9244995,0.9745,4.779561,12.397806,132.64206,0.0,15.0,35.9,35.9,63.0,6.6828327
2019-02-07 04:00:00+00:00,17.0245,5.1745,9.714879,19.469976,183.74968,0.0,12.0,14.400001,14.400001,63.0,10.909917
2019-02-08 04:00:00+00:00,15.0745,-6.0255,-3.7264795,28.943642,258.78976,0.0,6.0,6.2999997,6.2999997,61.0,2.009916
2019-02-09 04:00:00+00:00,-1.1754999,-8.4755,-10.813251,21.629978,305.8699,0.0,0.0,0.0,0.0,3.0,-5.5192504
2019-02-10 04:00:00+00:00,4.2745,-7.8755,-7.069382,8.942214,100.25678,3.08,7.0,4.4,0.0,73.0,-2.7338336
2019-02-11 04:00:00+00:00,4.2245,-0.4755,-1.3790455,13.363711,116.99983,3.15,24.0,10.200001,5.7000003,73.0,1.5745001
2019-02-12 04:00:00+00:00,9.5245,0.7745,-0.7814122,29.381382,137.40744,0.0,24.0,26.600002,26.600002,63.0,3.7370002
2019-02-13 04:00:00+00:00,3.9245,-2.0255,-7.526773,32.096577,251.51204,0.42000002,5.0,0.8000001,0.2,73.0,-0.7921667
2019-02-14 04:00:00+00:00,9.5245,-4.3255,-2.5750608,17.518356,193.79527,0.0,0.0,0.0,0.0,3.0,2.0390832
2019-02-15 04:00:00+00:00,9.374499,-1.5755,1.3165187,23.14103,244.52968,0.0,4.0,0.6,0.6,51.0,6.3974166
2019-02-16 04:00:00+00:00,2.6245,-4.8754997,-6.5816255,13.237039,334.68823,0.0,0.0,0.0,0.0,3.0,-2.0213332
2019-02-17 04:00:00+00:00,3.7245,-5.6755,-5.3189054,13.1041975,80.64601,0.84000003,10.0,5.2999997,4.1,73.0,-1.1088336
2019-02-18 04:00:00+00:00,4.3245,-4.4754996,-5.630247,21.218632,277.17636,0.14,3.0,0.3,0.1,71.0,-0.3463334
2019-02-19 04:00:00+00:00,2.1245,-7.6754994,-7.8070774,14.565548,348.28046,0.0,0.0,0.0,0.0,3.0,-3.571334
2019-02-20 04:00:00+00:00,3.9245,-3.1255,-4.352832,19.09358,111.440605,10.64,17.0,28.0,12.8,75.0,0.24741668
2019-02-21 04:00:00+00:00,7.6245003,1.9245,0.73922753,18.359999,264.24005,0.0,3.0,1.2,1.2,53.0,4.5724163
2019-02-22 04:00:00+00:00,6.9745,-1.4254999,-1.2472945,10.1376915,358.87115,0.0,0.0,0.0,0.0,3.0,2.1745002
2019-02-23 04:00:00+00:00,5.7745004,-0.3255,-1.12952,16.29174,101.96708,0.0,5.0,1.2,1.2,51.0,2.8203335
2019-02-24 04:00:00+00:00,15.2745,1.1745,1.1479964,39.413013,233.3594,0.0,10.0,6.4000006,6.4000006,63.0,6.712
2019-02-25 04:00:00+00:00,0.7245,-5.0755,-8.988341,34.786133,270.3125,0.0,0.0,0.0,0.0,2.0,-2.00675
2019-02-26 04:00:00+00:00,1.7744999,-4.8754997,-6.4863935,13.18308,308.97766,0.0,0.0,0.0,0.0,3.0,-1.913
2019-02-27 04:00:00+00:00,12.4244995,-4.4255,-2.2637563,14.982228,31.607536,0.21000001,4.0,1.4000001,1.0999999,71.0,2.1640832
2019-02-28 04:00:00+00:00,2.9745,-4.5755,-5.1774073,14.618837,352.14676,0.56,3.0,0.8,0.0,73.0,-0.8817498
2019-03-01 04:00:00+00:00,4.9245,-2.4255002,-3.329374,13.207634,68.59677,4.7599998,6.0,6.8999996,0.099999905,75.0,0.65575
2019-03-02 04:00:00+00:00,7.7745004,-2.4755,-1.973889,18.94024,287.18805,0.07,1.0,0.1,0.0,71.0,2.1015832
2019-03-03 04:00:00+00:00,1.5745001,-2.9255002,-4.816191,13.281023,19.626743,5.53,11.0,7.9,0.0,75.0,-0.8609167
2019-03-04 04:00:00+00:00,-2.8255,-9.4755,-10.721473,16.575644,291.174,0.0,0.0,0.0,0.0,3.0,-5.4880004
2019-03-05 04:00:00+00:00,-4.2755,-15.4755,-15.112484,19.134262,258.63705,0.21000001,3.0,0.3,0.0,71.0,-9.698415
2019-03-06 04:00:00+00:00,-5.1254997,-11.7755,-14.707848,20.674158,266.20172,0.07,1.0,0.1,0.0,71.0,-8.896335
2019-03-07 04:00:00+00:00,0.074499995,-9.9755,-9.529911,17.81909,276.03476,0.0,0.0,0.0,0.0,3.0,-4.6629996
2019-03-08 04:00:00+00:00,3.6745,-7.1254997,-5.3118415,8.654986,106.966225,0.0,1.0,0.1,0.1,51.0,-1.4317498
2019-03-09 04:00:00+00:00,10.1744995,-5.6254997,-2.2790294,22.702845,106.71381,0.0,3.0,8.6,8.6,63.0,1.7224168
2019-03-10 04:00:00+00:00,15.0245,3.4745,4.731637,29.024128,224.88554,0.0,8.0,8.400001,8.400001,63.0,9.482833
2019-03-11 04:00:00+00:00,9.7745,-0.8755,-0.98316985,23.051247,273.04413,0.0,0.0,0.0,0.0,3.0,3.8245
2019-03-12 04:00:00+00:00,7.5745,-4.0755,-2.597605,12.9249525,296.51773,0.0,0.0,0.0,0.0,3.0,1.2953335
2019-03-13 04:00:00+00:00,12.9745,-1.8255,2.168089,12.758432,147.2648,0.0,0.0,0.0,0.0,3.0,5.5807495
2019-03-14 04:00:00+00:00,24.1245,5.6245003,11.607619,36.145508,174.06073,0.0,2.0,0.2,0.2,51.0,14.607834
2019-03-15 04:00:00+00:00,19.2245,4.9245,7.8986793,30.77737,244.7827,0.0,4.0,2.0,2.0,53.0,12.409917
2019-03-16 04:00:00+00:00,4.6245003,0.7745,-2.6784718,23.051247,278.0794,0.0,0.0,0.0,0.0,3.0,2.9453332
2019-03-17 04:00:00+00:00,6.0245004,-3.4255002,-2.7161915,10.538843,288.43506,0.0,0.0,0.0,0.0,3.0,1.1995001
2019-03-18 04:00:00+00:00,6.8245,-2.9755,-2.3438063,14.021525,329.1781,0.0,0.0,0.0,0.0,3.0,1.5849167
2019-03-19 04:00:00+00:00,8.2245,-2.9255002,-0.63460046,10.703569,282.2527,0.14,2.0,0.2,0.0,71.0,2.7328331
2019-03-20 04:00:00+00:00,12.2245,-2.4255002,1.2462733,14.05845,159.78613,0.0,1.0,0.3,0.3,51.0,5.0120006
2019-03-21 04:00:00+00:00,10.8245,3.6245,3.9537764,16.135872,149.03654,0.0,3.0,0.3,0.3,51.0,7.114083
2019-03-22 04:00:00+00:00,6.4745,-0.2755,-1.8961205,34.126022,301.22168,1.5400001,10.0,3.6999998,1.5000001,73.0,3.3370006
2019-03-23 04:00:00+00:00,8.5745,-3.4755,-3.1849794,20.929594,299.32593,0.0,0.0,0.0,0.0,2.0,1.7578334
2019-03-24 04:00:00+00:00,14.5245,-0.97550005,2.248028,12.682018,222.58278,0.0,0.0,0.0,0.0,3.0,5.916167
2019-03-25 04:00:00+00:00,7.9745,0.074499995,3.0412824,18.204042,10.183092,0.0,13.0,5.1000004,5.1000004,55.0,5.7953334
2019-03-26 04:00:00+00:00,8.4244995,-4.5755,-2.7392557,14.044615,3.997004,0.0,0.0,0.0,0.0,0.0,1.6411666
2019-03-27 04:00:00+00:00,13.0745,-3.3255,0.8457706,12.538134,126.99768,0.0,0.0,0.0,0.0,3.0,4.5203333
2019-03-28 04:00:00+00:00,17.574501,2.4245,5.699299,20.364674,202.3876,0.0,2.0,0.2,0.2,51.0,9.6640835
2019-03-29 04:00:00+00:00,15.5745,9.0245,10.0532675,18.218275,219.43275,0.0,9.0,4.7,4.7,61.0,11.976583
2019-03-30 04:00:00+00:00,20.574501,10.124499,12.103023,27.943514,199.82602,0.0,8.0,1.8000001,1.8000001,53.0,14.3099165
2019-03-31 04:00:00+00:00,11.9244995,-1.4755001,-2.8848152,23.532547,298.9435,0.0,6.0,6.7000003,6.7000003,63.0,2.4140832
2019-04-01 04:00:00+00:00,6.5745,-4.1254997,-3.0977716,16.1198,299.47574,0.07,1.0,0.1,0.0,71.0,1.0890833
2019-04-02 04:00:00+00:00,12.0245,-1.6755002,0.75516325,12.181625,172.06366,0.0,0.0,0.0,0.0,3.0,4.6661663
2019-04-03 04:00:00+00:00,13.8245,1.9745,3.350207,26.459389,268.2643,0.0,0.0,0.0,0.0,3.0,7.8078327
2019-04-04 04:00:00+00:00,12.7745,2.7745,4.7576222,15.484185,45.763596,0.0,2.0,0.2,0.2,51.0,7.726583
2019-04-05 04:00:00+00:00,13.0745,5.8745003,5.3698125,23.806318,118.919586,0.0,12.0,5.8999996,5.8999996,55.0,8.420333
2019-04-06 04:00:00+00:00,17.824501,4.6245003,9.889294,8.854829,74.611496,0.0,0.0,0.0,0.0,3.0,11.243248
2019-04-07 04:00:00+00:00,21.924501,7.5245004,13.244966,15.716793,156.88017,0.0,6.0,2.9,2.9,53.0,14.245332
2019-04-08 04:00:00+00:00,20.3745,13.7245,16.460842,20.268991,241.24295,0.0,4.0,0.5,0.5,51.0,17.374498
2019-04-09 04:00:00+00:00,19.424501,9.0745,12.282467,23.664352,282.3105,0.0,0.0,0.0,0.0,3.0,14.772416
2019-04-10 04:00:00+00:00,14.0745,4.3245,6.357022,14.05845,326.3375,0.0,0.0,0.0,0.0,3.0,9.50575
2019-04-11 04:00:00+00:00,22.1245,5.0245004,9.150157,18.089775,94.76897,0.0,2.0,0.70000005,0.70000005,53.0,12.38075
2019-04-12 04:00:00+00:00,24.7745,12.1744995,15.501958,25.651104,171.03397,0.0,6.0,8.6,8.6,63.0,16.859915
2019-04-13 04:00:00+00:00,21.0245,8.9244995,13.728852,13.905509,250.14465,0.0,0.0,0.0,0.0,3.0,15.628666
2019-04-14 04:00:00+00:00,23.2245,10.5245,13.954834,29.655787,149.36143,0.0,13.0,24.5,24.5,63.0,15.432832
2019-04-15 04:00:00+00:00,14.3245,3.1745,2.3016672,30.631746,266.18338,0.0,12.0,3.6000001,3.6000001,61.0,7.3244996
2019-04-16 04:00:00+00:00,18.7245,3.0744998,7.5015373,19.35314,231.76955,0.0,0.0,0.0,0.0,3.0,10.659916
2019-04-17 04:00:00+00:00,23.6245,10.6744995,16.124533,14.773164,202.31445,0.0,0.0,0.0,0.0,3.0,17.087
2019-04-18 04:00:00+00:00,26.174501,12.8245,17.622145,22.66857,184.18814,0.0,1.0,1.5,1.5,61.0,19.366167
2019-04-19 04:00:00+00:00,21.7245,14.9244995,18.043045,21.479666,178.12587,0.0,14.0,17.500002,17.500002,63.0,18.691168
2019-04-20 04:00:00+00:00,19.0245,10.7245,13.666447,19.228851,213.94574,0.0,14.0,13.7,13.7,63.0,14.8932495
2019-04-21 04:00:00+00:00,14.124499,8.1744995,8.309884,15.175612,265.13806,0.0,8.0,1.5000001,1.5000001,51.0,10.516166
2019-04-22 04:00:00+00:00,19.7745,5.9245,11.957883,9.47012,264.4725,0.0,0.0,0.0,0.0,3.0,12.866168
2019-04-23 04:00:00+00:00,24.174501,9.4244995,14.748025,20.633371,224.4178,0.0,6.0,11.0,11.0,63.0,16.216167
2019-04-24 04:00:00+00:00,18.074501,6.9745,10.739529,17.974781,303.8677,0.0,0.0,0.0,0.0,3.0,12.832832
2019-04-25 04:00:00+00:00,17.824501,10.0745,12.424819,13.237038,115.73248,0.0,13.0,3.8999999,3.8999999,53.0,13.180751
2019-04-26 04:00:00+00:00,16.0245,8.8245,10.802133,28.51282,237.39539,0.0,22.0,21.499998,21.499998,63.0,12.88075
2019-04-27 04:00:00+00:00,14.9745,5.4745,5.7431107,27.059933,276.88416,0.0,4.0,1.3,1.3,53.0,9.959916
2019-04-28 04:00:00+00:00,13.0245,5.7245,5.804436,17.76081,5.926314,0.0,10.0,5.3999996,5.3999996,61.0,8.714084
2019-04-29 04:00:00+00:00,22.8745,2.7745,9.235003,17.581125,114.55476,0.0,4.0,2.1,2.1,53.0,11.720333
2019-04-30 04:00:00+00:00,19.324501,10.124499,13.770157,12.496719,313.85428,0.0,1.0,0.1,0.1,51.0,14.251583
2019-05-01 04:00:00+00:00,27.7745,13.374499,20.645107,23.933908,194.31546,0.0,2.0,0.2,0.2,51.0,20.745333
2019-05-02 04:00:00+00:00,25.2745,15.4745,20.643187,12.413476,273.15787,0.0,8.0,5.5,5.5,61.0,19.926584
2019-05-03 04:00:00+00:00,23.5245,16.674501,20.36593,11.885453,237.54788,0.0,9.0,6.0,6.0,63.0,18.99742
2019-05-04 04:00:00+00:00,21.424501,14.0745,17.08572,14.77755,337.38007,0.0,7.0,3.1,3.1,55.0,16.801584
2019-05-05 04:00:00+00:00,17.2745,12.5745,14.066577,13.797912,1.7023065,0.0,18.0,8.099999,8.099999,55.0,14.628666
2019-05-06 04:00:00+00:00,22.924501,7.7245,14.827232,9.826088,279.58527,0.0,0.0,0.0,0.0,3.0,15.341167
2019-05-07 04:00:00+00:00,23.9745,10.7745,16.92417,15.39184,263.05728,0.0,2.0,0.2,0.2,51.0,17.326584
2019-05-08 04:00:00+00:00,23.6245,10.9244995,16.510946,15.03835,59.729774,0.0,0.0,0.0,0.0,3.0,17.132832
2019-05-09 04:00:00+00:00,26.074501,15.374499,20.309294,22.3229,161.87804,0.0,9.0,9.900002,9.900002,63.0,20.022417
2019-05-10 04:00:00+00:00,22.574501,12.5745,18.199467,21.2522,250.70203,0.0,15.0,35.2,35.2,65.0,18.44742
2019-05-11 04:00:00+00:00,16.7245,8.5245,10.83059,14.332341,55.594093,0.0,1.0,0.3,0.3,51.0,12.889085
2019-05-12 04:00:00+00:00,16.1745,11.2745,12.646407,14.618837,73.53994,0.0,22.0,22.300001,22.300001,63.0,13.451583
2019-05-13 04:00:00+00:00,14.9244995,9.7245,10.737442,19.008545,271.16727,0.0,16.0,5.3999996,5.3999996,61.0,12.541167
2019-05-14 04:00:00+00:00,12.8245,7.0745,6.540873,21.915691,308.36127,0.0,9.0,1.6000001,1.6000001,53.0,9.843249
2019-05-15 04:00:00+00:00,19.424501,6.8245,11.177479,16.93531,260.91925,0.0,1.0,0.1,0.1,51.0,13.468249
2019-05-16 04:00:00+00:00,22.7245,10.0245,15.33673,14.934577,254.31096,0.0,1.0,0.4,0.4,51.0,16.522417
2019-05-17 04:00:00+00:00,23.1245,14.7245,18.358747,17.709658,236.16716,0.0,13.0,6.9999995,6.9999995,61.0,18.393248
2019-05-18 04:00:00+00:00,25.8745,12.7245,20.116295,10.538843,228.44748,0.0,11.0,6.1999993,6.1999993,61.0,18.976583
2019-05-19 04:00:00+00:00,28.8745,17.7745,24.023994,23.199759,205.41548,0.0,2.0,1.2,1.2,55.0,23.001585
2019-05-20 04:00:00+00:00,23.074501,13.0245,18.44668,25.764534,258.43484,0.0,5.0,0.8,0.8,51.0,19.5245
2019-05-21 04:00:00+00:00,17.4745,7.4245,10.688438,14.986553,349.17413,0.0,0.0,0.0,0.0,3.0,12.701583
2019-05-22 04:00:00+00:00,25.924501,9.9244995,16.72066,14.917212,119.13046,0.0,2.0,0.5,0.5,51.0,17.495333
2019-05-23 04:00:00+00:00,26.174501,17.924501,22.979437,28.460497,233.5393,0.0,12.0,4.5,4.5,55.0,22.084917
2019-05-24 04:00:00+00:00,24.3745,12.9745,19.656567,15.7908325,309.69263,0.0,0.0,0.0,0.0,3.0,19.420334
2019-05-25 04:00:00+00:00,27.2245,15.2745,23.131285,20.00512,212.6629,0.0,6.0,12.0,12.0,63.0,21.586998
2019-05-26 04:00:00+00:00,26.424501,17.6245,23.485077,16.923828,264.45578,0.0,15.0,8.3,8.3,63.0,21.387001
2019-05-27 04:00:00+00:00,24.5245,14.7245,20.779684,10.483357,336.64844,0.0,0.0,0.0,0.0,3.0,19.889082
2019-05-28 04:00:00+00:00,26.7745,17.924501,23.022171,21.194187,226.01164,0.0,17.0,31.500004,31.500004,63.0,21.2745
2019-05-29 04:00:00+00:00,25.8745,18.174501,23.3387,22.657131,239.76927,0.0,19.0,24.2,24.2,63.0,21.247417
2019-05-30 04:00:00+00:00,23.424501,18.324501,21.552927,18.681883,240.44252,0.0,14.0,14.3,14.3,63.0,20.078669
2019-05-31 04:00:00+00:00,24.3745,14.5245,20.409193,11.874544,282.3939,0.0,1.0,0.1,0.1,51.0,19.482836
2019-06-01 04:00:00+00:00,26.674501,13.9745,21.405327,19.592731,235.95158,0.0,5.0,7.5000005,7.5000005,63.0,20.270334
2019-06-02 04:00:00+00:00,21.174501,13.3245,17.533873,17.76081,271.05252,0.0,13.0,11.6,11.6,63.0,17.63075
2019-06-03 04:00:00+00:00,17.7245,10.5245,11.619782,16.08761,314.5135,0.0,0.0,0.0,0.0,3.0,13.7994995
2019-06-04 04:00:00+00:00,23.7245,8.4745,15.6093445,15.815435,203.50793,0.0,0.0,0.0,0.0,3.0,16.426582
2019-06-05 04:00:00+00:00,22.7745,15.124499,19.854834,25.762016,205.5681,0.0,11.0,9.4,9.4,63.0,19.220335
2019-06-06 04:00:00+00:00,25.674501,17.674501,22.438108,13.049689,308.58826,0.0,10.0,7.6999993,7.6999993,63.0,21.05575
2019-06-07 04:00:00+00:00,24.2745,14.7745,20.181396,15.124284,49.846054,0.0,0.0,0.0,0.0,3.0,19.826582
2019-06-08 04:00:00+00:00,26.0245,15.4745,20.456617,18.775301,81.869965,0.0,0.0,0.0,0.0,3.0,21.009916
2019-06-09 04:00:00+00:00,26.9745,18.5245,21.51326,22.961115,114.60225,0.0,2.0,1.4,1.4,61.0,21.80783
2019-06-10 04:00:00+00:00,26.7245,16.5245,20.942713,21.67786,154.07158,0.0,17.0,26.600002,26.600002,63.0,20.034918
2019-06-11 04:00:00+00:00,22.3745,11.0245,15.604127,17.709658,328.6477,0.0,1.0,0.2,0.2,51.0,16.961998
2019-06-12 04:00:00+00:00,24.174501,10.7745,16.712276,15.941944,129.19771,0.0,0.0,0.0,0.0,3.0,17.882833
2019-06-13 04:00:00+00:00,19.6245,13.1744995,15.036307,28.467327,204.83607,0.0,14.0,10.1,10.1,63.0,16.491167
2019-06-14 04:00:00+00:00,21.2245,11.4745,13.585434,24.590923,261.36435,0.0,7.0,3.8,3.8,55.0,15.912
2019-06-15 04:00:00+00:00,23.824501,12.2245,17.487495,17.208603,201.11908,0.0,4.0,0.9,0.9,53.0,18.378668
2019-06-16 04:00:00+00:00,25.2245,18.2245,21.818535,25.603062,233.78705,0.0,22.0,12.900002,12.900002,63.0,21.084917
2019-06-17 04:00:00+00:00,23.324501,18.5245,23.090586,15.349684,220.34444,0.0,22.0,17.100002,17.100002,63.0,20.56825
2019-06-18 04:00:00+00:00,23.9745,18.824501,23.522844,11.183201,226.19337,0.0,18.0,29.5,29.5,65.0,20.886997
2019-06-19 04:00:00+00:00,24.7245,18.1245,24.658607,10.703569,183.93011,0.0,15.0,9.2,9.2,63.0,21.493248
2019-06-20 04:00:00+00:00,24.824501,18.924501,23.531183,18.1041,225.62701,0.0,21.0,13.499999,13.499999,61.0,21.5245
2019-06-21 04:00:00+00:00,23.6245,16.1745,18.428305,22.183128,311.54373,0.0,5.0,2.0,2.0,61.0,19.436998
2019-06-22 04:00:00+00:00,23.924501,12.124499,18.615599,11.570515,348.69006,0.0,0.0,0.0,0.0,3.0,18.501585
2019-06-23 04:00:00+00:00,26.324501,12.874499,20.868856,9.178235,113.772415,0.0,0.0,0.0,0.0,3.0,19.95575
2019-06-24 04:00:00+00:00,28.3745,18.0245,24.745514,15.646544,182.93803,0.0,6.0,10.5,10.5,63.0,22.503668
2019-06-25 04:00:00+00:00,26.824501,19.1245,23.836031,19.881649,256.75592,0.0,4.0,3.7999997,3.7999997,63.0,22.984919
2019-06-26 04:00:00+00:00,28.324501,18.174501,25.023964,13.281023,239.41762,0.0,5.0,2.5,2.5,61.0,23.134918
2019-06-27 04:00:00+00:00,29.7745,18.424501,27.533144,8.854829,199.34854,0.0,2.0,2.6999998,2.6999998,63.0,23.728668
2019-06-28 04:00:00+00:00,29.574501,18.8745,27.807861,7.928178,232.61186,0.0,7.0,5.2999997,5.2999997,63.0,23.8995
2019-06-29 04:00:00+00:00,30.5245,20.4745,27.81112,19.813087,255.41702,0.0,3.0,0.6,0.6,51.0,25.09117
2019-06-30 04:00:00+00:00,27.8745,18.7745,24.944824,21.129883,314.25894,0.0,3.0,0.5,0.5,51.0,23.587
2019-07-01 04:00:00+00:00,28.074501,14.5745,23.333792,9.0645685,280.61957,0.0,0.0,0.0,0.0,3.0,21.593248
2019-07-02 04:00:00+00:00,30.5245,20.0245,27.720802,18.947083,232.86646,0.0,11.0,17.5,17.5,63.0,24.559916
2019-07-03 04:00:00+00:00,27.8745,21.2245,27.900618,10.538843,249.09192,0.0,9.0,3.2,3.2,55.0,24.243248
2019-07-04 04:00:00+00:00,28.174501,20.824501,28.82704,10.182337,163.21162,0.0,11.0,12.400001,12.400001,63.0,24.52033
2019-07-05 04:00:00+00:00,29.4745,21.7745,29.36172,10.144082,180.45831,0.0,8.0,7.2,7.2,63.0,24.953665
2019-07-06 04:00:00+00:00,31.1245,21.5245,29.728521,12.864649,243.67845,0.0,11.0,11.0,11.0,65.0,25.16617
2019-07-07 04:00:00+00:00,29.0245,21.7745,28.694921,9.339208,19.230797,0.0,11.0,9.7,9.7,63.0,24.314085
2019-07-08 04:00:00+00:00,27.6245,19.7245,26.76983,11.770403,34.926544,0.0,8.0,0.8000001,0.8000001,51.0,23.78908
2019-07-09 04:00:00+00:00,29.674501,18.424501,27.89521,9.178235,99.27996,0.0,1.0,0.1,0.1,51.0,24.33492
2019-07-10 04:00:00+00:00,30.2245,21.324501,29.66509,10.163227,187.45418,0.0,3.0,0.3,0.3,51.0,25.928667
2019-07-11 04:00:00+00:00,27.2745,21.574501,27.538157,10.805999,201.02557,0.0,12.0,10.6,10.6,63.0,23.868254
2019-07-12 04:00:00+00:00,26.924501,18.9745,24.916605,13.104198,317.17688,0.0,0.0,0.0,0.0,2.0,22.780748
2019-07-13 04:00:00+00:00,30.7245,17.7245,26.041033,12.313893,244.69322,0.0,0.0,0.0,0.0,2.0,23.920334
2019-07-14 04:00:00+00:00,28.7245,20.824501,25.954283,11.435313,304.7961,0.0,0.0,0.0,0.0,3.0,24.314085
2019-07-15 04:00:00+00:00,30.2745,16.324501,25.667608,7.5942073,314.99966,0.0,0.0,0.0,0.0,3.0,23.3995
2019-07-16 04:00:00+00:00,29.4745,21.9745,28.885302,15.30741,201.46065,0.0,1.0,0.1,0.1,51.0,25.63283
2019-07-17 04:00:00+00:00,27.324501,22.674501,28.199434,15.629971,210.0498,0.0,16.0,14.099999,14.099999,63.0,24.689085
2019-07-18 04:00:00+00:00,30.324501,20.574501,28.82753,8.766573,276.20334,0.0,4.0,0.90000004,0.90000004,51.0,24.999498
2019-07-19 04:00:00+00:00,32.3245,22.9745,31.045815,17.174677,227.96667,0.0,3.0,0.3,0.3,51.0,27.19325
2019-07-20 04:00:00+00:00,33.1245,24.2745,32.689312,15.986593,239.62401,0.0,2.0,0.2,0.2,51.0,28.051582
2019-07-21 04:00:00+00:00,32.4745,23.674501,31.644684,11.792404,255.46112,0.0,11.0,8.5,8.5,63.0,27.097414
2019-07-22 04:00:00+00:00,24.2745,19.924501,24.951605,17.298738,256.35202,0.0,17.0,27.500002,27.500002,63.0,22.289083
2019-07-23 04:00:00+00:00,25.3745,16.574501,21.12626,13.708391,324.47208,0.0,6.0,1.0,1.0,51.0,20.709917
2019-07-24 04:00:00+00:00,24.924501,14.4244995,20.263092,11.384199,327.61102,0.0,2.0,1.2,1.2,53.0,19.228666
2019-07-25 04:00:00+00:00,25.824501,13.7745,22.036043,6.519877,350.49982,0.0,0.0,0.0,0.0,3.0,20.49325
2019-07-26 04:00:00+00:00,27.4745,16.4745,24.481735,6.489992,119.41894,0.0,1.0,0.1,0.1,51.0,22.43075
2019-07-27 04:00:00+00:00,29.2745,18.174501,25.260948,12.413477,203.49857,0.0,1.0,0.2,0.2,51.0,23.476583
2019-07-28 04:00:00+00:00,29.7745,20.424501,26.519243,17.25373,230.88097,0.0,3.0,0.4,0.4,51.0,24.730751
2019-07-29 04:00:00+00:00,30.4745,20.2745,27.371237,15.021105,217.21559,0.0,0.0,0.0,0.0,3.0,25.520332
2019-07-30 04:00:00+00:00,26.2245,21.5245,25.937849,18.214718,222.98454,0.0,7.0,10.1,10.1,63.0,23.343246
2019-07-31 04:00:00+00:00,27.324501,20.0245,26.366035,9.511088,250.2607,0.0,10.0,3.3999999,3.3999999,55.0,23.00575
2019-08-01 04:00:00+00:00,29.0245,18.824501,25.978464,7.2359104,352.6422,0.0,2.0,0.2,0.2,51.0,23.601583
2019-08-02 04:00:00+00:00,29.1245,18.424501,25.987661,9.83268,56.944176,0.0,5.0,0.5,0.5,51.0,23.476583
2019-08-03 04:00:00+00:00,28.174501,19.2245,26.19708,7.2805495,335.93127,0.0,4.0,0.4,0.4,51.0,23.464083
2019-08-04 04:00:00+00:00,28.3745,16.4745,24.746252,7.928178,342.8194,0.0,0.0,0.0,0.0,1.0,22.7245
2019-08-05 04:00:00+00:00,29.7745,19.424501,27.15583,9.3876505,164.10246,0.0,1.0,1.5,1.5,61.0,23.884918
2019-08-06 04:00:00+00:00,29.924501,19.7745,26.384552,14.77755,207.90459,0.0,6.0,2.2,2.2,53.0,24.0995
2019-08-07 04:00:00+00:00,26.8745,19.6245,24.55323,14.168641,224.73915,0.0,10.0,5.1000004,5.1000004,61.0,22.176584
2019-08-08 04:00:00+00:00,28.3745,18.5245,24.726465,20.870687,241.46904,0.0,5.0,5.1,5.1,61.0,22.778666
2019-08-09 04:00:00+00:00,26.424501,18.2245,22.760878,14.277983,287.73743,0.0,3.0,0.5,0.5,51.0,22.001585
2019-08-10 04:00:00+00:00,25.574501,16.4745,20.485039,15.192682,311.0789,0.0,0.0,0.0,0.0,3.0,20.624502
2019-08-11 04:00:00+00:00,27.7245,14.4244995,21.9375,8.311245,119.3578,0.0,0.0,0.0,0.0,3.0,21.114082
2019-08-12 04:00:00+00:00,31.5245,17.2245,25.255445,12.783802,192.27875,0.0,1.0,0.5,0.5,53.0,23.599504
2019-08-13 04:00:00+00:00,24.6245,19.7245,25.029123,10.495713,199.3349,0.0,17.0,29.599998,29.599998,63.0,21.801582
2019-08-14 04:00:00+00:00,27.2745,19.574501,25.762522,10.233123,334.26935,0.0,2.0,0.2,0.2,51.0,22.768251
2019-08-15 04:00:00+00:00,26.924501,19.174501,26.236109,10.182337,153.14198,0.0,6.0,5.2,5.2,63.0,22.7995
2019-08-16 04:00:00+00:00,28.074501,18.7745,25.57102,12.6462,235.81128,0.0,1.0,0.1,0.1,51.0,23.476585
2019-08-17 04:00:00+00:00,30.5245,18.8745,26.947626,13.281023,195.98882,0.0,6.0,1.2000002,1.2000002,51.0,24.218248
2019-08-18 04:00:00+00:00,31.0245,20.7245,29.029715,12.605142,197.43697,0.0,3.0,1.9000001,1.9000001,61.0,25.507833
2019-08-19 04:00:00+00:00,30.2745,21.4745,28.61883,13.661038,247.58102,0.0,4.0,1.5,1.5,53.0,25.253662
2019-08-20 04:00:00+00:00,30.7245,20.5245,28.988523,11.183201,169.54845,0.0,4.0,2.4,2.4,61.0,25.261995
2019-08-21 04:00:00+00:00,28.324501,21.9745,27.464025,15.328561,242.49513,0.0,7.0,1.6000001,1.6000001,53.0,24.693253
2019-08-22 04:00:00+00:00,28.174501,19.9745,25.102325,14.003028,285.05734,0.0,9.0,3.1,3.1,61.0,22.77867
2019-08-23 04:00:00+00:00,22.3745,16.924501,19.336954,11.792404,2.5534573,0.0,0.0,0.0,0.0,3.0,19.584917
2019-08-24 04:00:00+00:00,22.7245,13.6744995,17.680452,12.24,43.693447,0.0,0.0,0.0,0.0,3.0,18.601582
2019-08-25 04:00:00+00:00,24.674501,12.874499,17.547712,15.042659,95.11597,0.0,0.0,0.0,0.0,3.0,18.6495
2019-08-26 04:00:00+00:00,25.2245,14.874499,18.895494,16.981165,128.39096,0.0,0.0,0.0,0.0,3.0,19.851583
2019-08-27 04:00:00+00:00,26.1245,17.574501,22.075592,19.319628,180.07518,0.0,14.0,6.3999996,6.3999996,55.0,21.009918
2019-08-28 04:00:00+00:00,26.4745,18.174501,23.515406,17.581125,269.30127,0.0,11.0,14.3,14.3,61.0,22.378668
2019-08-29 04:00:00+00:00,25.7245,14.374499,19.592539,14.764389,257.66644,0.0,0.0,0.0,0.0,2.0,20.036999
2019-08-30 04:00:00+00:00,28.7245,18.3745,22.807993,17.339897,252.5268,0.0,1.0,0.1,0.1,51.0,22.686998
2019-08-31 04:00:00+00:00,25.6245,16.7745,20.262913,11.923557,34.54438,0.0,0.0,0.0,0.0,3.0,20.414083
2019-09-01 04:00:00+00:00,27.824501,17.324501,22.609818,13.896187,130.67104,0.0,15.0,8.599999,8.599999,61.0,21.376585
2019-09-02 04:00:00+00:00,25.5245,18.9745,23.511375,15.978484,260.69012,0.0,12.0,16.1,16.1,63.0,21.69325
2019-09-03 04:00:00+00:00,29.5245,15.6744995,24.103292,12.879752,188.7777,0.0,0.0,0.0,0.0,3.0,22.23075
2019-09-04 04:00:00+00:00,27.2745,17.3745,23.874197,17.373497,273.65918,0.0,2.0,0.3,0.3,51.0,23.105751
2019-09-05 04:00:00+00:00,24.824501,12.9745,18.951681,10.495713,27.914003,0.0,0.0,0.0,0.0,0.0,18.764086
2019-09-06 04:00:00+00:00,25.9745,14.1744995,20.351751,11.183201,338.4628,0.0,0.0,0.0,0.0,3.0,19.564085
2019-09-07 04:00:00+00:00,22.424501,14.4244995,19.029478,15.7908325,302.57907,0.0,4.0,0.5,0.5,51.0,18.637
2019-09-08 04:00:00+00:00,23.424501,13.0245,18.431967,10.233123,295.34613,0.0,2.0,0.2,0.2,51.0,18.0495
2019-09-09 04:00:00+00:00,26.324501,13.7245,20.083368,9.9571085,10.573451,0.0,0.0,0.0,0.0,3.0,19.707834
2019-09-10 04:00:00+00:00,32.774498,15.124499,24.55233,10.308831,155.03104,0.0,0.0,0.0,0.0,3.0,23.203669
2019-09-11 04:00:00+00:00,31.1245,20.574501,27.838182,11.726277,230.09746,0.0,7.0,7.5999994,7.5999994,61.0,24.864084
2019-09-12 04:00:00+00:00,29.424501,21.5245,27.47444,12.783802,301.05582,0.0,4.0,3.6,3.6,61.0,24.280752
2019-09-13 04:00:00+00:00,28.9745,19.0245,24.50869,22.065973,124.98121,0.0,2.0,0.2,0.2,51.0,23.207834
2019-09-14 04:00:00+00:00,26.9745,17.424501,23.22838,19.191748,238.56232,0.0,10.0,5.4999995,5.4999995,61.0,22.257833
2019-09-15 04:00:00+00:00,27.574501,13.7745,21.594208,6.4096174,196.47049,0.0,0.0,0.0,0.0,3.0,20.572416
2019-09-16 04:00:00+00:00,28.7745,17.674501,24.224585,15.876775,321.59277,0.0,0.0,0.0,0.0,3.0,22.882833
2019-09-17 04:00:00+00:00,26.7745,17.424501,21.864721,13.18308,41.154366,0.0,0.0,0.0,0.0,3.0,21.326584
2019-09-18 04:00:00+00:00,24.9745,13.7245,17.670486,12.959999,70.68603,0.0,0.0,0.0,0.0,0.0,18.936998
2019-09-19 04:00:00+00:00,25.7245,12.7745,17.332014,12.43434,115.26591,0.0,0.0,0.0,0.0,3.0,18.709913
2019-09-20 04:00:00+00:00,27.924501,13.8245,20.187498,9.0,138.92842,0.0,0.0,0.0,0.0,3.0,20.018248
2019-09-21 04:00:00+00:00,29.2245,17.924501,24.910994,10.00256,202.89989,0.0,1.0,0.1,0.1,51.0,22.897417
2019-09-22 04:00:00+00:00,31.5245,19.2745,26.188559,15.575981,207.82863,0.0,0.0,0.0,0.0,3.0,24.820335
2019-09-23 04:00:00+00:00,25.924501,18.1245,22.244139,23.263912,239.63908,0.0,4.0,0.6,0.6,51.0,22.241167
2019-09-24 04:00:00+00:00,22.324501,14.0245,17.338268,15.986593,299.81406,0.0,0.0,0.0,0.0,3.0,18.232832
2019-09-25 04:00:00+00:00,26.574501,12.624499,18.228497,12.43434,194.0879,0.0,0.0,0.0,0.0,3.0,19.072416
2019-09-26 04:00:00+00:00,25.574501,14.9244995,18.899706,20.082708,272.4725,0.0,7.0,3.4999998,3.4999998,61.0,19.964083
2019-09-27 04:00:00+00:00,27.8745,11.4244995,18.11207,12.849528,148.57603,0.0,0.0,0.0,0.0,2.0,19.076584
2019-09-28 04:00:00+00:00,29.674501,19.824501,24.59655,18.03237,228.56529,0.0,4.0,5.4,5.4,63.0,23.466166
2019-09-29 04:00:00+00:00,25.924501,17.824501,22.846807,9.9571085,41.37603,0.0,1.0,0.4,0.4,51.0,21.228666
2019-09-30 04:00:00+00:00,26.2245,19.674501,24.784111,9.72,159.52992,0.0,12.0,7.7999997,7.7999997,61.0,22.049501
2019-10-01 04:00:00+00:00,31.574501,20.1245,27.259535,15.542662,227.91089,0.0,0.0,0.0,0.0,3.0,25.082834
2019-10-02 04:00:00+00:00,30.574501,21.074501,27.060806,16.454008,260.14322,0.0,0.0,0.0,0.0,3.0,25.114084
2019-10-03 04:00:00+00:00,31.3745,20.2745,27.088043,20.898611,268.126,0.0,6.0,1.2,1.2,51.0,24.701584
2019-10-04 04:00:00+00:00,19.7245,10.6744995,14.126084,17.477621,339.5776,0.0,1.0,0.1,0.1,51.0,16.080751
2019-10-05 04:00:00+00:00,19.924501,7.7245,10.263581,18.0,107.658844,0.0,0.0,0.0,0.0,3.0,13.132832
2019-10-06 04:00:00+00:00,22.7745,13.6744995,18.14702,18.39878,186.85274,0.0,4.0,3.2,3.2,61.0,18.422419
2019-10-07 04:00:00+00:00,18.0245,12.2245,14.598614,13.979872,352.08594,0.0,20.0,37.899998,37.899998,63.0,14.378665
2019-10-08 04:00:00+00:00,19.5245,10.0745,12.602303,11.988594,59.190174,0.0,0.0,0.0,0.0,3.0,13.7995
2019-10-09 04:00:00+00:00,20.2745,8.2745,12.043548,12.287555,77.432014,0.0,0.0,0.0,0.0,2.0,13.930751
2019-10-10 04:00:00+00:00,22.0245,9.2745,13.9067545,10.703569,79.99207,0.0,0.0,0.0,0.0,3.0,14.970332
2019-10-11 04:00:00+00:00,23.574501,10.5745,15.840252,11.367109,106.7297,0.0,0.0,0.0,0.0,3.0,16.714083
2019-10-12 04:00:00+00:00,16.3745,7.1245003,10.786269,19.319628,245.82855,0.0,5.0,0.90000004,0.90000004,51.0,13.3932495
2019-10-13 04:00:00+00:00,17.674501,4.5245004,7.460953,12.6462,187.6831,0.0,0.0,0.0,0.0,3.0,10.31825
2019-10-14 04:00:00+00:00,16.9745,8.7745,8.957589,16.87398,248.01181,0.0,0.0,0.0,0.0,1.0,12.055751
2019-10-15 04:00:00+00:00,19.924501,5.7245,10.007018,14.332341,138.9867,0.0,0.0,0.0,0.0,2.0,12.162
2019-10-16 04:00:00+00:00,14.4745,8.7745,8.742177,24.119999,234.09018,0.0,12.0,21.9,21.9,63.0,11.964082
2019-10-17 04:00:00+00:00,10.374499,6.9245,3.7809076,29.644857,289.25363,0.0,8.0,1.6000001,1.6000001,51.0,8.582833
2019-10-18 04:00:00+00:00,13.1744995,5.8745003,6.1983876,15.281989,305.34824,0.0,0.0,0.0,0.0,3.0,8.916167
2019-10-19 04:00:00+00:00,17.924501,3.1245,7.9183464,10.44,115.729095,0.0,0.0,0.0,0.0,3.0,10.055751
2019-10-20 04:00:00+00:00,17.7745,9.874499,11.860753,12.015589,131.41531,0.0,0.0,0.0,0.0,3.0,12.968251
2019-10-21 04:00:00+00:00,22.0245,6.7245,12.292266,17.57744,121.506424,0.0,0.0,0.0,0.0,3.0,13.98075
2019-10-22 04:00:00+00:00,17.2745,11.0245,13.616195,16.595179,184.91168,0.0,12.0,15.9,15.9,63.0,14.651584
2019-10-23 04:00:00+00:00,14.4745,7.0745,6.985138,22.26477,242.40979,0.0,0.0,0.0,0.0,1.0,10.526583
2019-10-24 04:00:00+00:00,19.574501,6.2745004,9.035148,13.237038,205.20647,0.0,0.0,0.0,0.0,1.0,11.9995
2019-10-25 04:00:00+00:00,16.8745,6.0745,9.354574,9.0,296.81625,0.0,0.0,0.0,0.0,3.0,10.85575
2019-10-26 04:00:00+00:00,14.4745,8.2745,9.475303,20.466246,99.1592,0.0,11.0,8.9,8.9,63.0,11.2369995
2019-10-27 04:00:00+00:00,17.3745,10.4244995,12.263087,25.772078,221.67247,0.0,11.0,15.400002,15.400002,63.0,14.4349165
2019-10-28 04:00:00+00:00,19.5245,5.9745,10.784553,10.464797,158.71353,0.0,0.0,0.0,0.0,3.0,12.089082
2019-10-29 04:00:00+00:00,21.674501,10.4745,14.009708,20.898613,204.50737,0.0,0.0,0.0,0.0,3.0,15.33075
2019-10-30 04:00:00+00:00,18.7745,10.2745,13.757538,11.246759,105.09812,0.0,7.0,8.7,8.7,63.0,13.997415
2019-10-31 04:00:00+00:00,21.174501,4.2745,14.225956,34.936695,209.82115,0.0,18.0,25.1,25.1,63.0,15.453666
2019-11-01 04:00:00+00:00,6.9745,2.4245,-1.013291,39.001472,261.10718,0.0,0.0,0.0,0.0,3.0,4.145334
2019-11-02 04:00:00+00:00,9.874499,-0.37550002,0.8688514,16.73516,223.39774,0.0,1.0,0.1,0.1,51.0,4.6703334
2019-11-03 04:00:00+00:00,8.9745,2.3745,0.87266177,17.643673,253.87062,0.0,0.0,0.0,0.0,3.0,5.0265837
2019-11-04 04:00:00+00:00,13.3245,1.4245,3.2580988,19.652176,185.93037,0.0,0.0,0.0,0.0,3.0,7.103667
2019-11-05 04:00:00+00:00,9.5745,4.6745,4.713901,15.03835,233.81824,0.0,9.0,4.4,4.4,53.0,7.855751
2019-11-06 04:00:00+00:00,10.624499,0.5245,1.7262086,9.565437,224.90884,0.0,0.0,0.0,0.0,3.0,5.15575
2019-11-07 04:00:00+00:00,8.3745,1.0745001,2.7548122,16.418526,300.73254,0.0,17.0,12.5,12.5,61.0,5.724499
2019-11-08 04:00:00+00:00,2.2245,-1.7755,-4.577193,16.323528,295.3912,0.0,0.0,0.0,0.0,3.0,0.15575002
2019-11-09 04:00:00+00:00,5.9745,-3.0755,-3.3485918,14.372974,196.78271,0.0,0.0,0.0,0.0,3.0,0.8099167
2019-11-10 04:00:00+00:00,11.624499,0.7745,2.4915402,15.124284,220.66579,0.0,0.0,0.0,0.0,3.0,6.239084
2019-11-11 04:00:00+00:00,15.6744995,4.1745,6.582638,17.373497,218.11252,0.0,2.0,0.8,0.8,53.0,9.0286665
2019-11-12 04:00:00+00:00,5.1745,-7.2254996,-6.418114,25.189713,310.6352,2.8000002,21.0,5.899999,1.9,73.0,-1.2234167
2019-11-13 04:00:00+00:00,-2.0755,-11.125501,-11.181366,10.182337,224.35632,0.0,0.0,0.0,0.0,3.0,-6.890084
2019-11-14 04:00:00+00:00,4.8245,-6.5255,-4.948955,12.55879,211.21294,0.0,0.0,0.0,0.0,3.0,-0.59216654
2019-11-15 04:00:00+00:00,6.8745003,-2.9755,-2.7251027,12.904882,271.00003,0.0,0.0,0.0,0.0,3.0,1.1203333
2019-11-16 04:00:00+00:00,5.6745,-1.5255,-3.0346196,15.042659,55.906044,0.0,0.0,0.0,0.0,3.0,1.4724165
2019-11-17 04:00:00+00:00,9.124499,-2.0255,-2.3788874,14.973577,104.44286,0.0,0.0,0.0,0.0,3.0,1.9515834
2019-11-18 04:00:00+00:00,10.9244995,-0.6255,0.954217,12.015589,99.41409,0.0,0.0,0.0,0.0,3.0,3.8328335
2019-11-19 04:00:00+00:00,8.2745,-0.3255,1.1089001,11.792404,238.54323,0.0,4.0,0.5,0.5,51.0,3.9453337
2019-11-20 04:00:00+00:00,7.5245004,2.4245,1.9122528,14.654254,304.63953,0.0,0.0,0.0,0.0,3.0,4.9890833
2019-11-21 04:00:00+00:00,11.624499,-0.72550005,1.8051949,21.38897,192.30641,0.0,3.0,0.9,0.9,51.0,5.322417
2019-11-22 04:00:00+00:00,11.3245,0.2245,2.8108923,20.972897,281.51633,0.0,8.0,5.9,5.9,61.0,6.664083
2019-11-23 04:00:00+00:00,8.5245,-2.3255,-0.50872475,11.570515,95.31844,0.0,7.0,5.8,5.8,61.0,2.6349165
2019-11-24 04:00:00+00:00,7.3745003,1.5745001,-0.00013621648,21.602999,268.25848,0.07,9.0,1.9000001,1.8000001,71.0,4.1390834
2019-11-25 04:00:00+00:00,11.624499,1.0745001,1.6468834,15.2947035,200.22493,0.0,0.0,0.0,0.0,3.0,5.2995
2019-11-26 04:00:00+00:00,14.2745,3.4245,5.208689,12.074766,179.40112,0.0,0.0,0.0,0.0,3.0,8.1995
2019-11-27 04:00:00+00:00,17.174501,4.9745,5.509056,35.06999,223.6946,0.0,10.0,3.3999999,3.3999999,55.0,9.859916
2019-11-28 04:00:00+00:00,5.1245003,2.7745,-1.5559391,28.835976,286.66962,0.0,0.0,0.0,0.0,3.0,3.8182497
2019-11-29 04:00:00+00:00,4.6245003,0.82449996,-1.0238098,10.086427,323.177,0.0,0.0,0.0,0.0,3.0,2.5161664
2019-11-30 04:00:00+00:00,6.1245003,1.7245,0.24820189,14.799459,75.45475,0.0,0.0,0.0,0.0,3.0,3.562
2019-12-01 04:00:00+00:00,8.874499,3.5744998,2.0570023,20.390114,127.33679,0.0,20.0,18.6,18.6,63.0,5.5849166
2019-12-02 04:00:00+00:00,3.5744998,-0.22549999,-2.1948652,18.335276,289.92972,0.07,8.0,1.5000001,1.4000001,71.0,1.7953334
2019-12-03 04:00:00+00:00,3.0245,0.6745,-2.8667743,16.704155,268.51303,0.28,2.0,0.4,0.0,73.0,1.5661669
2019-12-04 04:00:00+00:00,4.2745,-0.3255,-3.1499603,21.749483,244.04478,1.9600002,13.0,3.6999996,0.90000004,73.0,1.5953335
2019-12-05 04:00:00+00:00,4.6245003,0.3245,-3.078357,22.19773,277.01062,0.21000001,3.0,0.3,0.0,71.0,1.8828335
2019-12-06 04:00:00+00:00,9.7745,-0.37550002,-0.7494828,22.33161,255.47687,0.0,1.0,0.1,0.1,51.0,3.6849167
2019-12-07 04:00:00+00:00,3.5744998,-3.2255,-3.919553,9.290511,334.70444,0.0,0.0,0.0,0.0,3.0,-0.2650833
2019-12-08 04:00:00+00:00,10.2245,-2.5255,-0.61828405,17.313717,164.84433,0.0,0.0,0.0,0.0,3.0,3.6432502
2019-12-09 04:00:00+00:00,12.9244995,6.0245004,6.2580314,25.630886,194.77344,0.0,20.0,19.0,19.0,63.0,9.4140835
2019-12-10 04:00:00+00:00,12.9745,-1.6255,2.0056095,24.184391,256.5354,0.0,12.0,8.2,8.2,61.0,6.21825
2019-12-11 04:00:00+00:00,-0.22549999,-5.3255,-8.249782,27.25559,261.80154,0.0,0.0,0.0,0.0,3.0,-2.5484169
2019-12-12 04:00:00+00:00,3.9245,-5.9255,-6.04001,13.479583,134.6031,0.0,0.0,0.0,0.0,3.0,-1.8421663
2019-12-13 04:00:00+00:00,6.6245003,-1.6755002,-1.3283364,10.233123,121.39186,0.0,2.0,0.8,0.8,53.0,2.1349165
2019-12-14 04:00:00+00:00,4.7245,2.0745,0.14541818,20.570463,293.9225,0.07,22.0,14.1,14.0,71.0,3.5932503
2019-12-15 04:00:00+00:00,3.2745,-1.6755002,-3.7735329,25.812277,270.7352,0.07,5.0,0.90000004,0.8000001,71.0,1.0182501
2019-12-16 04:00:00+00:00,4.2245,-1.7255001,-3.1789234,12.984975,56.3099,2.59,17.0,10.0,6.2999997,73.0,0.63908327
2019-12-17 04:00:00+00:00,1.8245001,-1.9755001,-3.538396,18.331741,328.99548,0.42,14.0,8.600001,8.0,71.0,0.77450013
2019-12-18 04:00:00+00:00,-1.5755,-6.1755,-10.055167,26.67889,274.9391,0.07,1.0,0.1,0.0,71.0,-3.813
2019-12-19 04:00:00+00:00,-0.17549998,-8.8255005,-10.421948,19.174856,252.16739,0.0,0.0,0.0,0.0,3.0,-5.1963334
2019-12-20 04:00:00+00:00,3.3745,-6.0755,-6.246033,9.585739,141.74557,0.0,0.0,0.0,0.0,3.0,-2.2609165
2019-12-21 04:00:00+00:00,8.7745,-3.1755002,-3.3978136,11.27553,159.05116,0.0,0.0,0.0,0.0,3.0,0.42866662
2019-12-22 04:00:00+00:00,10.2245,-2.6255,-1.4314537,10.296251,211.0689,0.0,0.0,0.0,0.0,3.0,2.1349168
2019-12-23 04:00:00+00:00,12.1744995,-2.5755,-0.22037895,10.990322,212.64235,0.0,0.0,0.0,0.0,3.0,2.8099165
2019-12-24 04:00:00+00:00,9.124499,-2.3755,-1.1481117,8.209263,36.119423,0.0,0.0,0.0,0.0,3.0,1.6890832
2019-12-25 04:00:00+00:00,10.4745,-3.3755,-1.4396205,10.163227,167.81976,0.0,0.0,0.0,0.0,3.0,1.8953333
2019-12-26 04:00:00+00:00,12.1744995,0.12450001,3.4483016,12.074766,174.38423,0.0,0.0,0.0,0.0,3.0,5.9015827
2019-12-27 04:00:00+00:00,14.124499,6.7745004,8.714008,19.164717,223.62209,0.0,6.0,0.70000005,0.70000005,51.0,10.451585
2019-12-28 04:00:00+00:00,8.2745,1.3245001,2.183693,8.714677,22.922829,0.0,0.0,0.0,0.0,3.0,4.5557504
2019-12-29 04:00:00+00:00,13.374499,4.5745,7.976834,13.104198,132.5181,0.0,15.0,20.099998,20.099998,63.0,9.4974165
2019-12-30 04:00:00+00:00,15.4745,5.0745,8.177147,26.072052,219.33105,0.0,10.0,10.200001,10.200001,63.0,11.13075
2019-12-31 04:00:00+00:00,5.3745003,0.9245,-1.9598742,29.784426,241.88406,1.33,13.0,2.3000002,0.4,73.0,3.2765834
2020-01-01 04:00:00+00:00,3.8745,-1.4254999,-4.32997,22.314192,258.6454,0.42,4.0,0.6,0.0,73.0,0.75575
2020-01-02 04:00:00+00:00,9.2245,-0.72550005,0.31970933,16.923828,200.2667,0.0,3.0,0.8,0.8,51.0,4.489083
2020-01-03 04:00:00+00:00,11.2245,8.0245,8.230461,10.195057,213.72897,0.0,24.0,21.699999,21.699999,61.0,9.443252
2020-01-04 04:00:00+00:00,9.624499,1.3745,3.5820014,16.548256,302.98853,0.14,13.0,5.299999,5.0999994,71.0,6.226583
2020-01-05 04:00:00+00:00,2.2745,-0.42549998,-4.416158,19.67195,267.64322,0.7,6.0,1.0,0.1,73.0,0.65783334
2020-01-06 04:00:00+00:00,5.8245,1.4245,-1.3578247,21.96,255.06856,0.0,0.0,0.0,0.0,3.0,3.7286665
2020-01-07 04:00:00+00:00,3.6745,-2.9255002,-3.5629635,12.496718,205.5198,0.21000001,3.0,0.3,0.0,71.0,0.27241662
2020-01-08 04:00:00+00:00,1.7245,-4.7755,-6.3280826,29.01743,280.22357,0.48999998,6.0,0.70000005,0.0,71.0,-0.33591673
2020-01-09 04:00:00+00:00,7.7745004,-6.0755,-5.263884,16.946787,126.89217,0.0,0.0,0.0,0.0,3.0,-0.53383315
2020-01-10 04:00:00+00:00,12.374499,5.3745003,5.729898,19.08,188.61555,0.0,12.0,12.099999,12.099999,63.0,9.1536665
2020-01-11 04:00:00+00:00,20.424501,11.5745,13.262263,26.807312,185.83691,0.0,8.0,7.0,7.0,63.0,15.84325
2020-01-12 04:00:00+00:00,15.9244995,3.6745,5.219848,33.70377,241.02126,0.0,5.0,4.5000005,4.5000005,61.0,8.893249
2020-01-13 04:00:00+00:00,11.2745,2.1745,2.5575583,15.629971,241.80121,0.0,0.0,0.0,0.0,3.0,5.6474166
2020-01-14 04:00:00+00:00,13.9745,1.3745,4.087583,15.175612,218.5683,0.0,1.0,0.2,0.2,51.0,6.782833
2020-01-15 04:00:00+00:00,11.374499,1.7744999,3.7070827,13.53236,203.69066,0.0,4.0,3.4,3.4,63.0,6.2036667
2020-01-16 04:00:00+00:00,11.2745,-1.8755,-1.944026,30.886656,289.34555,0.98,14.0,2.1999998,0.8000001,73.0,3.5119991
2020-01-17 04:00:00+00:00,-1.1255,-4.8255,-7.798824,20.523157,347.12747,0.21000001,2.0,0.2,0.0,71.0,-2.7755
2020-01-18 04:00:00+00:00,8.4745,-3.0755,-3.1079893,27.841293,176.3087,3.7800002,17.0,19.300001,13.900001,75.0,1.5911666
2020-01-19 04:00:00+00:00,4.0745,-8.3255005,-9.24121,25.982424,274.49338,0.07,2.0,0.2,0.1,71.0,-3.0171669
2020-01-20 04:00:00+00:00,-1.3255,-8.1755,-10.180808,16.23596,313.92554,0.14,2.0,0.2,0.0,71.0,-5.054667
2020-01-21 04:00:00+00:00,-0.37550002,-7.0255,-9.037562,10.1887,294.60934,0.0,0.0,0.0,0.0,3.0,-4.615083
2020-01-22 04:00:00+00:00,4.4245,-9.125501,-7.7862935,9.085988,172.95807,0.0,0.0,0.0,0.0,3.0,-3.4338334
2020-01-23 04:00:00+00:00,8.8245,-4.9754996,-3.7098303,9.339208,119.54888,0.0,0.0,0.0,0.0,3.0,0.57450014
2020-01-24 04:00:00+00:00,7.3745003,0.5245,0.32481578,19.826164,110.7904,0.0,12.0,17.699999,17.699999,63.0,4.103667
2020-01-25 04:00:00+00:00,6.3245,1.4245,0.9648202,18.11841,221.05208,0.0,17.0,13.500003,13.500003,63.0,4.301584
2020-01-26 04:00:00+00:00,3.0744998,0.6745,-3.189885,20.150354,244.57698,0.56,7.0,0.9000001,0.1,71.0,1.6244999
2020-01-27 04:00:00+00:00,3.1745,0.7245,-2.5950081,16.676977,274.87997,0.97999996,12.0,1.4000001,0.0,71.0,1.6557498
2020-01-28 04:00:00+00:00,3.1245,0.4245,-2.6179,14.494192,286.53488,0.07,1.0,0.1,0.0,71.0,1.487
2020-01-29 04:00:00+00:00,2.9245,-3.6255,-3.5915616,11.5199995,339.71152,0.07,1.0,0.1,0.0,71.0,0.15366657
2020-01-30 04:00:00+00:00,4.5245004,-4.8255,-4.6534333,8.14587,51.126904,0.0,0.0,0.0,0.0,3.0,-0.9380002
2020-01-31 04:00:00+00:00,4.0745,-2.7755,-2.2066092,5.771239,55.08541,0.35000002,10.0,3.0,2.4999998,73.0,0.6724166
2020-02-01 04:00:00+00:00,4.1745,-0.3255,-1.775024,12.10157,281.2739,0.90999997,5.0,1.4000001,0.099999994,73.0,1.4411665
2020-02-02 04:00:00+00:00,11.3245,0.62450004,0.34253958,26.865265,246.34502,1.33,6.0,1.9,0.0,73.0,5.166167
2020-02-03 04:00:00+00:00,16.074501,2.4245,6.1234055,18.998314,228.25339,0.0,0.0,0.0,0.0,3.0,9.314084
2020-02-04 04:00:00+00:00,13.7745,2.8244998,7.7613997,20.456745,256.54773,0.0,23.0,13.1,13.1,61.0,10.387
2020-02-05 04:00:00+00:00,3.7245,-0.0255,-2.5465648,18.03237,33.96611,0.0,7.0,1.6,1.6,51.0,1.7995
2020-02-06 04:00:00+00:00,7.0745,1.8745,2.285394,12.218805,3.8505785,0.0,17.0,9.400001,9.400001,61.0,4.6328335
2020-02-07 04:00:00+00:00,1.5244999,-2.6255,-5.8785152,26.208395,291.48965,8.609999,19.0,13.800002,1.5,75.0,-0.8192501
2020-02-08 04:00:00+00:00,1.5244999,-5.5255,-6.2383943,16.263872,233.07861,0.56,7.0,0.8000001,0.0,71.0,-1.8692502
2020-02-09 04:00:00+00:00,4.1745,-5.6254997,-3.9776342,13.905509,185.33807,0.84000003,5.0,1.6,0.4,73.0,-0.11299995
2020-02-10 04:00:00+00:00,8.1245,3.5245,2.6647232,22.473343,217.66792,0.48999998,23.0,14.9,14.2,73.0,5.978667
2020-02-11 04:00:00+00:00,4.7245,1.6245,-0.004097581,15.484185,293.6362,0.7,7.0,1.2,0.2,73.0,3.287
2020-02-12 04:00:00+00:00,5.1245003,-1.6255,-2.1385257,14.05845,221.42358,2.6599998,7.0,8.5,4.7,73.0,1.7182498
2020-02-13 04:00:00+00:00,3.8244998,0.7245,-1.5207281,19.64228,292.8925,0.90999997,17.0,13.6,12.3,73.0,2.3953335
2020-02-14 04:00:00+00:00,-0.6255,-8.125501,-10.571595,19.35314,316.8068,0.0,0.0,0.0,0.0,3.0,-5.1150837
2020-02-15 04:00:00+00:00,5.3245,-8.5755005,-8.001105,15.034041,179.18155,0.0,0.0,0.0,0.0,3.0,-2.8880005
2020-02-16 04:00:00+00:00,5.6745,-1.6755002,-1.8886517,11.988594,225.84915,0.0,2.0,0.2,0.2,51.0,2.2765832
2020-02-17 04:00:00+00:00,8.5245,-4.1755,-1.0755593,14.386494,78.61739,0.0,0.0,0.0,0.0,3.0,2.4036667
2020-02-18 04:00:00+00:00,10.624499,3.7245,4.1018662,19.09358,210.12303,0.0,12.0,5.4999995,5.4999995,55.0,7.7640834
2020-02-19 04:00:00+00:00,5.0245004,-2.9755,-4.1013207,16.78156,307.91675,0.0,0.0,0.0,0.0,3.0,0.56616664
2020-02-20 04:00:00+00:00,0.6745,-6.4255,-7.335158,16.1198,329.0534,0.0,0.0,0.0,0.0,3.0,-2.7338333
2020-02-21 04:00:00+00:00,3.0744998,-8.0255,-8.417747,13.324863,268.5427,0.0,0.0,0.0,0.0,0.0,-3.5546672
2020-02-22 04:00:00+00:00,8.0245,-4.9754996,-4.611689,17.873556,228.3824,0.0,0.0,0.0,0.0,1.0,0.5953334
2020-02-23 04:00:00+00:00,11.4244995,-2.9755,-0.99607426,19.881649,213.10622,0.0,0.0,0.0,0.0,3.0,3.7578335
2020-02-24 04:00:00+00:00,12.3245,0.62450004,3.3125675,14.4,203.67642,0.0,0.0,0.0,0.0,3.0,6.755749
2020-02-25 04:00:00+00:00,8.3745,4.6245003,4.769915,8.14587,36.326923,0.0,17.0,5.5,5.5,53.0,6.626583
2020-02-26 04:00:00+00:00,9.7245,2.4745,5.2612305,22.881956,244.95937,0.07,13.0,13.099999,13.0,71.0,7.309917
2020-02-27 04:00:00+00:00,1.6745,-4.8754997,-9.19359,30.141266,271.11792,0.98,9.0,1.6000001,0.3,73.0,-2.3546667
2020-02-28 04:00:00+00:00,0.87450004,-5.5255,-8.55894,24.717085,266.35092,0.21000001,2.0,0.2,0.0,71.0,-2.7213333
2020-02-29 04:00:00+00:00,0.2745,-6.4255,-9.654227,24.795612,280.92105,0.0,0.0,0.0,0.0,3.0,-3.6400833
2020-03-01 04:00:00+00:00,9.3245,-5.3754997,-3.6566145,15.0038395,215.82991,0.0,0.0,0.0,0.0,3.0,0.9536667
2020-03-02 04:00:00+00:00,14.7745,3.9745,4.692121,30.037897,206.2592,0.0,12.0,3.8999999,3.8999999,55.0,8.7495
2020-03-03 04:00:00+00:00,13.374499,5.9745,6.6346555,28.082308,225.40271,0.0,10.0,8.700001,8.700001,63.0,9.420332
2020-03-04 04:00:00+00:00,12.124499,2.1245,1.8702145,28.664682,262.72882,0.0,2.0,0.4,0.4,51.0,6.318249
2020-03-05 04:00:00+00:00,11.6744995,-2.6755002,0.78672767,12.88981,84.644325,0.0,0.0,0.0,0.0,3.0,4.062
2020-03-06 04:00:00+00:00,8.0245,0.87450004,-0.5429349,24.458813,301.8404,0.28,6.0,1.8000001,1.4000001,73.0,3.8619998
2020-03-07 04:00:00+00:00,7.4245,-1.0755,-2.3955057,19.09358,308.32663,0.07,1.0,0.1,0.0,71.0,2.0995002
2020-03-08 04:00:00+00:00,15.3245,-2.0755,1.7101895,15.277749,211.17044,0.0,0.0,0.0,0.0,3.0,5.8286667
2020-03-09 04:00:00+00:00,17.924501,5.6245003,7.324967,20.592503,206.71498,0.0,0.0,0.0,0.0,3.0,11.151584
2020-03-10 04:00:00+00:00,13.7745,4.0745,7.248324,26.493652,232.53648,0.0,13.0,8.200001,8.200001,55.0,10.670333
2020-03-11 04:00:00+00:00,10.124499,1.4245,3.1573992,9.47012,98.47108,0.0,4.0,0.8,0.8,51.0,5.470333
2020-03-12 04:00:00+00:00,16.574501,3.8745,8.232134,17.015474,158.25253,0.0,2.0,1.1,1.1,53.0,10.182833
2020-03-13 04:00:00+00:00,13.624499,6.0745,7.2927475,25.199999,258.3988,0.0,9.0,4.2,4.2,61.0,11.451584
2020-03-14 04:00:00+00:00,7.9745,0.4245,0.2683171,16.171976,303.69012,0.98,8.0,3.7000003,2.3,73.0,3.9328337
2020-03-15 04:00:00+00:00,10.374499,0.9745,1.0957674,13.18308,24.704266,0.42000002,4.0,0.9000001,0.3,73.0,4.7369995
2020-03-16 04:00:00+00:00,8.874499,-0.4755,0.6297299,14.565548,125.279854,0.0,3.0,1.3,1.3,53.0,4.6370006
2020-03-17 04:00:00+00:00,9.0245,4.6245003,4.2413554,15.034041,263.68198,0.0,9.0,2.8999999,2.8999999,53.0,7.039083
2020-03-18 04:00:00+00:00,15.6744995,0.12450001,4.5924935,17.651016,134.15755,0.0,7.0,15.700001,15.700001,63.0,7.5453324
2020-03-19 04:00:00+00:00,18.7745,10.9745,13.361232,20.858265,211.07567,0.0,13.0,12.099999,12.099999,61.0,14.459916
2020-03-20 04:00:00+00:00,21.7245,7.3245,14.566142,30.096085,247.05849,0.0,14.0,8.499999,8.499999,61.0,16.649498
2020-03-21 04:00:00+00:00,6.8245,-1.1255,-1.6677738,19.137648,346.55136,0.0,0.0,0.0,0.0,3.0,2.5515835
2020-03-22 04:00:00+00:00,10.624499,-2.6755002,-0.6673065,18.875126,94.687485,0.0,2.0,0.5,0.5,51.0,3.6244996
2020-03-23 04:00:00+00:00,9.4745,5.1245003,3.472147,19.09358,150.45294,0.0,12.0,12.2,12.2,63.0,6.872417
2020-03-24 04:00:00+00:00,12.2745,3.0744998,4.0989633,13.049689,29.744753,0.0,0.0,0.0,0.0,3.0,6.832833
2020-03-25 04:00:00+00:00,11.9244995,5.6745,5.4390965,15.484185,93.5072,0.0,9.0,4.5,4.5,55.0,8.316166
2020-03-26 04:00:00+00:00,19.8745,3.5744998,8.843567,15.542662,202.4175,0.0,4.0,0.70000005,0.70000005,51.0,11.276584
2020-03-27 04:00:00+00:00,17.324501,7.5245004,10.7675705,13.276144,10.922748,0.0,6.0,3.5999997,3.5999997,61.0,12.2057495
2020-03-28 04:00:00+00:00,22.924501,10.4745,16.375063,17.786331,177.55182,0.0,20.0,25.100002,25.100002,63.0,16.311998
2020-03-29 04:00:00+00:00,24.1245,14.2245,16.151758,37.249126,223.20544,0.0,15.0,14.700002,14.700002,63.0,18.3495
2020-03-30 04:00:00+00:00,13.2745,6.7245,5.755263,26.932714,262.83963,0.0,0.0,0.0,0.0,3.0,10.341166
2020-03-31 04:00:00+00:00,8.874499,4.4745,4.0239725,12.181625,21.906866,0.0,5.0,0.90000004,0.90000004,51.0,6.918249
2020-04-01 04:00:00+00:00,11.9745,4.2745,4.8796964,19.272614,345.19025,0.0,14.0,3.6000001,3.6000001,61.0,7.8182507
2020-04-02 04:00:00+00:00,13.874499,1.0245,2.5015233,26.064596,315.66525,0.0,0.0,0.0,0.0,3.0,7.2369995
2020-04-03 04:00:00+00:00,14.6744995,1.5244999,3.6371596,22.148046,315.67392,0.0,0.0,0.0,0.0,2.0,8.087
2020-04-04 04:00:00+00:00,15.4745,3.2245,7.0306706,10.948973,338.06598,0.0,0.0,0.0,0.0,3.0,9.2745
2020-04-05 04:00:00+00:00,18.5245,6.6745,9.822314,13.237039,293.43997,0.0,1.0,0.5,0.5,53.0,11.764085
2020-04-06 04:00:00+00:00,17.2745,1.1745,7.702894,8.891344,5.946736,0.0,0.0,0.0,0.0,3.0,9.737
2020-04-07 04:00:00+00:00,19.2245,8.7745,11.753358,16.075521,218.81618,0.0,8.0,4.7999997,4.7999997,61.0,13.003667
2020-04-08 04:00:00+00:00,20.7745,11.3245,13.991059,23.444265,286.5907,0.0,6.0,3.1,3.1,61.0,15.6744995
2020-04-09 04:00:00+00:00,12.7745,4.1245003,4.785133,30.378967,282.77972,0.0,14.0,11.100001,11.100001,63.0,9.322415
2020-04-10 04:00:00+00:00,6.2245,1.0245,-2.2443216,33.092598,292.30267,0.48999998,7.0,0.8000001,0.1,71.0,3.8099165
2020-04-11 04:00:00+00:00,12.374499,0.2745,2.218303,19.386591,266.374,0.0,0.0,0.0,0.0,3.0,6.301583
2020-04-12 04:00:00+00:00,20.824501,3.6245,8.70099,22.415602,164.90443,0.0,5.0,5.0,5.0,63.0,11.561999
2020-04-13 04:00:00+00:00,16.2745,6.3745003,10.398294,32.59939,238.593,0.0,15.0,17.5,17.5,63.0,13.180751
2020-04-14 04:00:00+00:00,8.1744995,3.5744998,1.2633063,18.440998,255.14282,0.0,2.0,0.2,0.2,51.0,5.632833
2020-04-15 04:00:00+00:00,9.9745,-1.6255,-0.33872893,25.509243,266.00128,0.35000002,8.0,1.9000001,1.4,71.0,4.0245004
2020-04-16 04:00:00+00:00,6.0745,-1.4254999,-2.6358345,25.516865,276.81693,1.33,7.0,2.0,0.1,73.0,2.3869998
2020-04-17 04:00:00+00:00,8.1245,-0.7755,0.97717404,17.566378,168.64674,0.0,11.0,9.5,9.5,61.0,4.2307496
2020-04-18 04:00:00+00:00,8.8245,1.7744999,1.3968401,20.466246,301.18185,0.0,5.0,3.8999999,3.8999999,61.0,5.662
2020-04-19 04:00:00+00:00,13.8245,1.3245001,4.0608993,20.018072,216.18349,0.0,0.0,0.0,0.0,3.0,8.082833
2020-04-20 04:00:00+00:00,14.5745,3.2745,5.8014965,13.202726,329.6435,0.0,0.0,0.0,0.0,3.0,8.799499
2020-04-21 04:00:00+00:00,10.4244995,2.0245,1.8901234,33.231335,279.20605,0.0,3.0,0.90000004,0.90000004,51.0,7.259917
2020-04-22 04:00:00+00:00,9.9244995,-1.6755002,-0.40061548,17.902534,286.86298,0.07,3.0,0.7,0.6,71.0,3.9099166
2020-04-23 04:00:00+00:00,16.4745,3.5245,7.502403,14.565548,125.51905,0.0,12.0,4.7999997,4.7999997,61.0,9.693251
2020-04-24 04:00:00+00:00,16.674501,9.0245,9.859833,14.84318,19.484758,0.0,9.0,4.3,4.3,53.0,11.655749
2020-04-25 04:00:00+00:00,19.674501,4.2245,10.125386,18.584509,101.793434,0.0,5.0,2.7,2.7,61.0,12.03075
2020-04-26 04:00:00+00:00,11.7245,5.8245,7.1563797,21.915693,55.09452,0.0,24.0,37.999996,37.999996,63.0,9.707833
2020-04-27 04:00:00+00:00,15.124499,3.4245,5.5608964,20.018072,338.53867,0.0,0.0,0.0,0.0,3.0,9.087001
2020-04-28 04:00:00+00:00,15.4244995,6.7245,8.484834,14.973576,156.63329,0.0,11.0,2.2000003,2.2000003,51.0,10.607833
2020-04-29 04:00:00+00:00,22.2745,9.4745,13.399822,25.984919,137.84448,0.0,6.0,5.6,5.6,61.0,15.372417
2020-04-30 04:00:00+00:00,15.7745,9.5245,10.371592,23.132626,207.05496,0.0,13.0,10.000001,10.000001,63.0,12.445334
2020-05-01 04:00:00+00:00,12.7245,7.2245,7.4721622,21.868332,293.24445,0.0,1.0,0.1,0.1,51.0,10.082833
2020-05-02 04:00:00+00:00,19.1245,4.2245,10.348321,17.49615,202.51125,0.0,0.0,0.0,0.0,3.0,12.566167
2020-05-03 04:00:00+00:00,24.0245,14.374499,18.121582,20.056877,258.3208,0.0,5.0,4.2999997,4.2999997,61.0,18.784914
2020-05-04 04:00:00+00:00,15.0245,6.8245,7.4389815,20.808498,317.71463,0.0,1.0,0.2,0.2,51.0,10.8495
2020-05-05 04:00:00+00:00,10.5245,2.8745,4.0666127,14.003028,53.798233,0.0,3.0,1.6000001,1.6000001,55.0,7.376583
2020-05-06 04:00:00+00:00,8.8245,3.8244998,3.3036616,20.326454,357.98907,0.0,19.0,8.6,8.6,53.0,6.578666
2020-05-07 04:00:00+00:00,16.6245,1.0745001,5.533731,27.25559,264.12817,0.0,0.0,0.0,0.0,3.0,9.409917
2020-05-08 04:00:00+00:00,9.9745,0.5245,2.675871,22.545315,339.0183,0.0,10.0,6.6,6.6,61.0,5.7495003
2020-05-09 04:00:00+00:00,5.6745,-2.5755,-3.233162,28.829233,279.14218,0.35,3.0,0.5,0.0,73.0,2.1515834
2020-05-10 04:00:00+00:00,14.9244995,1.3745,4.1705136,22.159746,231.58662,0.0,3.0,1.7,1.7,53.0,8.284917
2020-05-11 04:00:00+00:00,7.5745,4.4245,1.6550512,28.236486,271.73257,0.0,10.0,1.6000001,1.6000001,51.0,6.1057506
2020-05-12 04:00:00+00:00,10.9745,2.4745,3.1202507,22.751316,271.32776,0.0,0.0,0.0,0.0,3.0,7.207833
2020-05-13 04:00:00+00:00,16.4245,2.2245,7.443354,11.631956,294.35303,0.0,0.0,0.0,0.0,3.0,9.766168
2020-05-14 04:00:00+00:00,22.7245,5.6245003,12.577069,19.406637,192.43956,0.0,3.0,1.3,1.3,53.0,14.030749
2020-05-15 04:00:00+00:00,25.174501,15.4745,19.541471,24.693481,228.05757,0.0,16.0,9.7,9.7,61.0,19.559916
2020-05-16 04:00:00+00:00,22.0245,13.0245,17.699213,11.043261,48.35426,0.0,2.0,2.0,2.0,55.0,17.689083
2020-05-17 04:00:00+00:00,27.0245,14.5245,19.33172,15.349684,117.99011,0.0,3.0,2.8,2.8,61.0,19.478666
2020-05-18 04:00:00+00:00,25.074501,15.2745,19.231293,21.749483,117.31145,0.0,1.0,0.1,0.1,51.0,19.68283
2020-05-19 04:00:00+00:00,20.2745,14.4745,13.853745,25.96496,106.238075,0.0,0.0,0.0,0.0,3.0,17.070333
2020-05-20 04:00:00+00:00,17.924501,10.7745,9.752589,19.914217,101.32061,0.0,0.0,0.0,0.0,3.0,13.918248
2020-05-21 04:00:00+00:00,22.7745,9.1744995,13.820888,19.406637,110.806854,0.0,0.0,0.0,0.0,3.0,15.828666
2020-05-22 04:00:00+00:00,20.674501,14.2245,17.372778,9.422101,77.5549,0.0,20.0,10.5,10.5,55.0,16.766165
2020-05-23 04:00:00+00:00,22.674501,12.6744995,18.90293,8.12197,307.875,0.0,0.0,0.0,0.0,3.0,18.101583
2020-05-24 04:00:00+00:00,25.574501,13.8245,21.28586,13.684735,148.17535,0.0,0.0,0.0,0.0,3.0,20.455751
2020-05-25 04:00:00+00:00,28.9745,15.7745,24.382286,15.124284,138.68915,0.0,1.0,0.2,0.2,51.0,22.45575
2020-05-26 04:00:00+00:00,31.174501,16.574501,24.782629,17.826363,132.77193,0.0,0.0,0.0,0.0,3.0,23.98908
2020-05-27 04:00:00+00:00,29.4745,17.2245,23.302473,20.08916,145.50237,0.0,0.0,0.0,0.0,3.0,23.166166
2020-05-28 04:00:00+00:00,27.174501,18.8745,23.88108,24.912935,185.46013,0.0,12.0,8.800001,8.800001,63.0,22.616165
2020-05-29 04:00:00+00:00,25.5245,16.9745,22.546486,24.29133,216.86996,0.0,11.0,6.3999996,6.3999996,61.0,21.576584
2020-05-30 04:00:00+00:00,21.174501,11.2245,15.42863,21.794127,292.61258,0.0,4.0,0.90000004,0.90000004,51.0,16.539083
2020-05-31 04:00:00+00:00,17.574501,10.4745,11.633698,15.408671,330.09595,0.0,0.0,0.0,0.0,3.0,13.928668
2020-06-01 04:00:00+00:00,21.324501,7.8245,13.111302,11.885453,266.92856,0.0,0.0,0.0,0.0,3.0,14.745334
2020-06-02 04:00:00+00:00,27.5245,13.3245,19.304773,20.730501,231.54622,0.0,4.0,2.1,2.1,55.0,20.476583
2020-06-03 04:00:00+00:00,28.674501,17.9745,23.610968,24.033876,249.86702,0.0,6.0,4.2,4.2,61.0,23.5995
2020-06-04 04:00:00+00:00,30.2245,18.7245,25.10547,14.007655,212.3445,0.0,5.0,0.8000001,0.8000001,51.0,23.1745
2020-06-05 04:00:00+00:00,26.8745,19.424501,24.885658,9.504273,209.45828,0.0,8.0,3.6999998,3.6999998,55.0,22.50367
2020-06-06 04:00:00+00:00,28.324501,19.4745,23.989897,19.008545,300.14133,0.0,0.0,0.0,0.0,3.0,23.27658
2020-06-07 04:00:00+00:00,25.074501,12.9244995,18.761429,11.792404,344.7273,0.0,0.0,0.0,0.0,3.0,19.470331
2020-06-08 04:00:00+00:00,27.824501,12.4244995,20.131376,9.178235,46.576454,0.0,0.0,0.0,0.0,2.0,20.316168
2020-06-09 04:00:00+00:00,33.9245,15.624499,26.387293,13.084402,153.49306,0.0,0.0,0.0,0.0,3.0,24.976583
2020-06-10 04:00:00+00:00,32.824497,23.9745,29.43141,24.850431,193.11342,0.0,3.0,2.7,2.7,61.0,27.789083
2020-06-11 04:00:00+00:00,26.574501,18.574501,22.001894,20.870687,257.12497,0.0,4.0,12.700001,12.700001,63.0,22.4745
2020-06-12 04:00:00+00:00,26.2245,15.0245,19.420023,20.929594,299.94406,0.0,0.0,0.0,0.0,1.0,20.691166
2020-06-13 04:00:00+00:00,22.9745,12.7745,15.720159,11.183201,34.193226,0.0,2.0,0.6,0.6,51.0,17.376581
2020-06-14 04:00:00+00:00,23.924501,12.874499,15.126147,15.716793,83.50843,0.0,1.0,0.1,0.1,51.0,17.397417
2020-06-15 04:00:00+00:00,25.5245,14.5745,19.045454,11.525623,86.883064,0.0,0.0,0.0,0.0,3.0,19.94325
2020-06-16 04:00:00+00:00,27.9745,14.0245,20.76137,11.792404,70.346085,0.0,0.0,0.0,0.0,3.0,21.251583
2020-06-17 04:00:00+00:00,26.4745,15.2245,20.241795,13.698934,88.27881,0.0,1.0,0.1,0.1,51.0,21.372416
2020-06-18 04:00:00+00:00,25.9745,17.2745,22.202013,16.263872,98.017006,0.0,7.0,4.7000003,4.7000003,61.0,21.762
2020-06-19 04:00:00+00:00,28.174501,17.0245,23.458221,18.39878,186.99667,0.0,3.0,1.0,1.0,53.0,21.578667
2020-06-20 04:00:00+00:00,28.324501,17.0245,25.17962,8.4963045,86.33231,0.0,2.0,0.2,0.2,51.0,22.991167
2020-06-21 04:00:00+00:00,31.6245,18.424501,27.087044,11.525623,213.51804,0.0,0.0,0.0,0.0,2.0,25.307833
2020-06-22 04:00:00+00:00,29.424501,20.1245,26.421959,17.902534,189.75238,0.0,10.0,9.400001,9.400001,63.0,23.85575
2020-06-23 04:00:00+00:00,26.3745,19.3745,24.285896,27.238941,204.09201,0.0,14.0,14.099999,14.099999,63.0,22.595331
2020-06-24 04:00:00+00:00,23.9745,14.4745,19.356318,23.319553,263.16605,0.0,8.0,1.7000002,1.7000002,53.0,19.745335
2020-06-25 04:00:00+00:00,27.8745,14.3245,21.070211,16.58346,236.16481,0.0,2.0,1.0,1.0,53.0,21.034918
2020-06-26 04:00:00+00:00,29.5245,17.0245,23.066221,20.519999,254.40556,0.0,0.0,0.0,0.0,3.0,23.3995
2020-06-27 04:00:00+00:00,24.324501,20.6245,24.15523,24.144167,235.59282,0.0,12.0,12.099998,12.099998,63.0,22.362
2020-06-28 04:00:00+00:00,28.0245,20.324501,25.809786,16.071491,273.01736,0.0,10.0,3.2999997,3.2999997,55.0,23.899498
2020-06-29 04:00:00+00:00,30.924501,17.2245,25.66642,10.390226,345.31583,0.0,0.0,0.0,0.0,3.0,24.0495
2020-06-30 04:00:00+00:00,30.2245,17.9745,25.916346,13.441071,10.42443,0.0,2.0,0.2,0.2,51.0,24.422415
2020-07-01 04:00:00+00:00,29.574501,18.1245,24.547777,15.484185,27.352657,0.0,0.0,0.0,0.0,3.0,23.911997
2020-07-02 04:00:00+00:00,32.1745,18.0245,26.017931,13.5515,353.8449,0.0,0.0,0.0,0.0,3.0,25.145332
2020-07-03 04:00:00+00:00,34.7245,19.174501,27.884909,16.327497,319.9166,0.0,0.0,0.0,0.0,3.0,26.80783
2020-07-04 04:00:00+00:00,34.3745,21.174501,29.415812,13.783817,336.5214,0.0,1.0,0.1,0.1,51.0,27.614084
2020-07-05 04:00:00+00:00,34.9745,20.2745,29.190536,9.422101,22.324492,0.0,0.0,0.0,0.0,3.0,27.659918
2020-07-06 04:00:00+00:00,35.8745,21.324501,29.918205,11.013882,284.85388,0.0,0.0,0.0,0.0,3.0,28.541166
2020-07-07 04:00:00+00:00,35.6745,21.574501,29.747236,13.479583,174.82518,0.0,3.0,2.2,2.2,61.0,27.057833
2020-07-08 04:00:00+00:00,34.324497,22.7245,30.959852,12.7279215,176.84204,0.0,1.0,0.3,0.3,51.0,27.774504
2020-07-09 04:00:00+00:00,34.774498,23.174501,31.50588,16.923828,154.1791,0.0,3.0,0.3,0.3,51.0,28.295334
2020-07-10 04:00:00+00:00,33.824497,22.8745,29.64743,17.283749,162.7117,0.0,5.0,4.2,4.2,63.0,26.712
2020-07-11 04:00:00+00:00,27.3745,21.174501,24.736885,25.277023,260.7473,0.0,16.0,7.7999988,7.7999988,61.0,23.701584
2020-07-12 04:00:00+00:00,27.574501,20.0245,24.863111,11.753876,266.56915,0.0,4.0,0.4,0.4,51.0,23.380747
2020-07-13 04:00:00+00:00,27.7745,18.2245,23.896795,15.281989,337.36234,0.0,2.0,0.2,0.2,51.0,22.818253
2020-07-14 04:00:00+00:00,28.0245,16.074501,22.954865,12.7279215,343.5169,0.0,0.0,0.0,0.0,3.0,22.359917
2020-07-15 04:00:00+00:00,33.4745,17.574501,26.675476,9.449572,127.68733,0.0,0.0,0.0,0.0,3.0,25.37242
2020-07-16 04:00:00+00:00,31.4745,22.5245,28.649475,20.724247,181.55652,0.0,8.0,2.1000001,2.1000001,53.0,27.312004
2020-07-17 04:00:00+00:00,32.1745,22.4745,29.63926,15.315873,267.4677,0.0,5.0,0.70000005,0.70000005,51.0,26.928665
2020-07-18 04:00:00+00:00,35.8745,20.424501,30.107798,9.387651,228.27777,0.0,0.0,0.0,0.0,3.0,27.970335
2020-07-19 04:00:00+00:00,36.1745,23.5245,31.220434,19.483284,235.72829,0.0,2.0,0.4,0.4,51.0,29.468252
2020-07-20 04:00:00+00:00,34.024498,23.2245,29.891464,14.799459,267.10605,0.0,5.0,1.2,1.2,53.0,28.057833
2020-07-21 04:00:00+00:00,30.2745,22.7745,28.820028,12.819235,144.18874,0.0,5.0,9.8,9.8,63.0,25.695333
2020-07-22 04:00:00+00:00,30.5245,21.8745,28.301338,17.072504,221.19681,0.0,5.0,1.1,1.1,53.0,25.534914
2020-07-23 04:00:00+00:00,29.1245,22.4745,27.801126,16.363178,237.30145,0.0,12.0,5.5,5.5,61.0,24.818253
2020-07-24 04:00:00+00:00,31.2745,21.5245,28.426353,12.397806,317.92505,0.0,3.0,1.6,1.6,61.0,25.545334
2020-07-25 04:00:00+00:00,31.7745,19.9745,28.025736,9.107359,307.63327,0.0,0.0,0.0,0.0,3.0,25.720335
2020-07-26 04:00:00+00:00,34.024498,20.2745,28.938547,13.979871,253.9345,0.0,0.0,0.0,0.0,3.0,27.114084
2020-07-27 04:00:00+00:00,33.4245,22.2245,29.110748,20.082708,247.99301,0.0,10.0,3.3,3.3,61.0,27.18075
2020-07-28 04:00:00+00:00,31.324501,22.4745,27.734682,16.24394,261.7379,0.0,7.0,2.4,2.4,53.0,25.909918
2020-07-29 04:00:00+00:00,32.7245,19.924501,26.860535,13.979871,249.09583,0.0,0.0,0.0,0.0,3.0,26.270332
2020-07-30 04:00:00+00:00,29.1245,20.924501,27.186087,8.647496,232.17165,0.0,2.0,0.4,0.4,51.0,24.980751
2020-07-31 04:00:00+00:00,31.574501,19.924501,27.656454,12.682018,38.41811,0.0,3.0,0.5,0.5,51.0,25.611998
2020-08-01 04:00:00+00:00,26.3745,20.824501,26.000414,11.542478,120.80139,0.0,11.0,7.8,7.8,61.0,23.655748
2020-08-02 04:00:00+00:00,27.2745,21.0245,24.90919,28.673721,219.03862,0.0,10.0,3.0999994,3.0999994,61.0,23.957834
2020-08-03 04:00:00+00:00,28.924501,18.2745,25.00605,12.849528,196.83757,0.0,7.0,1.1,1.1,51.0,23.44117
2020-08-04 04:00:00+00:00,27.4745,19.1245,24.31706,17.377226,274.85754,0.0,11.0,3.6999998,3.6999998,61.0,22.2745
2020-08-05 04:00:00+00:00,26.5245,16.2245,21.703558,10.239453,279.67618,0.0,2.0,0.2,0.2,51.0,21.089083
2020-08-06 04:00:00+00:00,28.074501,16.0245,22.425247,13.896187,73.88656,0.0,0.0,0.0,0.0,3.0,21.81408
2020-08-07 04:00:00+00:00,29.424501,18.574501,25.215693,13.679999,7.0136523,0.0,4.0,0.6,0.6,51.0,23.999498
2020-08-08 04:00:00+00:00,30.7745,18.074501,24.87766,9.360001,318.03946,0.0,0.0,0.0,0.0,3.0,24.020334
2020-08-09 04:00:00+00:00,33.074497,17.9745,26.900267,9.107359,234.57411,0.0,0.0,0.0,0.0,3.0,25.595335
2020-08-10 04:00:00+00:00,33.024498,20.0245,28.286034,10.538843,194.06613,0.0,1.0,0.1,0.1,51.0,26.961998
2020-08-11 04:00:00+00:00,32.9745,21.2245,28.019701,15.379206,225.61014,0.0,3.0,0.4,0.4,51.0,26.587
2020-08-12 04:00:00+00:00,32.524498,22.324501,29.260185,13.084402,7.1661434,0.0,2.0,0.2,0.2,51.0,27.170332
2020-08-13 04:00:00+00:00,33.324497,22.2245,28.590998,15.2947035,86.827255,0.0,7.0,3.4,3.4,61.0,27.084915
2020-08-14 04:00:00+00:00,32.6745,21.2745,28.287565,11.212135,96.45676,0.0,0.0,0.0,0.0,3.0,26.670334
2020-08-15 04:00:00+00:00,25.0245,19.174501,23.695452,13.755579,125.036285,0.0,10.0,6.2000003,6.2000003,55.0,21.874502
2020-08-16 04:00:00+00:00,30.1245,17.424501,23.898224,14.021525,155.19318,0.0,0.0,0.0,0.0,3.0,23.051582
2020-08-17 04:00:00+00:00,29.674501,18.2245,24.023584,18.03237,281.09366,0.0,5.0,0.70000005,0.70000005,51.0,23.593252
2020-08-18 04:00:00+00:00,27.9745,17.9745,22.483538,17.10284,302.9648,0.0,0.0,0.0,0.0,3.0,22.639084
2020-08-19 04:00:00+00:00,27.2745,15.9244995,20.020956,14.689589,348.0542,0.0,0.0,0.0,0.0,3.0,21.497416
2020-08-20 04:00:00+00:00,30.3745,14.374499,21.715704,9.83268,76.71517,0.0,0.0,0.0,0.0,3.0,22.30575
2020-08-21 04:00:00+00:00,31.574501,17.824501,24.654837,18.94024,196.51576,0.0,1.0,0.1,0.1,51.0,24.124502
2020-08-22 04:00:00+00:00,32.3745,19.574501,27.866896,11.631956,210.00484,0.0,1.0,0.1,0.1,51.0,25.832834
2020-08-23 04:00:00+00:00,30.574501,20.5245,27.24311,10.041354,212.49477,0.0,10.0,12.300001,12.300001,65.0,24.122416
2020-08-24 04:00:00+00:00,29.424501,20.5245,27.555824,15.281989,237.48349,0.0,8.0,6.6,6.6,61.0,25.139086
2020-08-25 04:00:00+00:00,31.9745,20.5245,26.9498,23.675303,283.12384,0.0,11.0,9.299999,9.299999,61.0,25.330748
2020-08-26 04:00:00+00:00,29.6245,17.2745,24.044886,15.119999,257.03772,0.0,2.0,0.3,0.3,51.0,23.124502
2020-08-27 04:00:00+00:00,30.8745,23.2245,28.639917,21.096123,247.95093,0.0,7.0,5.3,5.3,61.0,26.222418
2020-08-28 04:00:00+00:00,29.2245,21.174501,27.252111,16.92383,226.98737,0.0,20.0,14.499999,14.499999,61.0,24.332832
2020-08-29 04:00:00+00:00,27.7745,19.674501,24.932398,23.510508,264.0436,0.0,9.0,4.7,4.7,55.0,23.545334
2020-08-30 04:00:00+00:00,25.8745,16.6245,20.91036,13.479583,316.7806,0.0,0.0,0.0,0.0,3.0,21.032835
2020-08-31 04:00:00+00:00,25.2245,15.8245,20.888681,17.782686,129.67642,0.0,1.0,0.2,0.2,51.0,20.589085
2020-09-01 04:00:00+00:00,28.7245,19.174501,25.171867,12.324414,155.1135,0.0,19.0,5.899999,5.899999,55.0,22.970331
2020-09-02 04:00:00+00:00,27.3745,21.6245,26.590498,19.373219,215.22926,0.0,20.0,8.599998,8.599998,61.0,23.830748
2020-09-03 04:00:00+00:00,24.9745,19.5245,25.036688,11.480557,214.99208,0.0,11.0,10.900001,10.900001,63.0,21.76825
2020-09-04 04:00:00+00:00,25.8745,16.7245,21.897194,15.575981,295.03857,0.0,0.0,0.0,0.0,3.0,21.868248
2020-09-05 04:00:00+00:00,26.7245,13.0745,19.030087,17.106628,249.11974,0.0,0.0,0.0,0.0,2.0,19.8495
2020-09-06 04:00:00+00:00,26.824501,16.074501,21.048302,14.277983,215.84695,0.0,0.0,0.0,0.0,3.0,21.328667
2020-09-07 04:00:00+00:00,30.3745,17.6245,22.945269,21.261345,192.67265,0.0,3.0,1.1,1.1,53.0,23.247416
2020-09-08 04:00:00+00:00,31.574501,18.2245,25.956583,11.631956,164.44794,0.0,0.0,0.0,0.0,3.0,24.124502
2020-09-09 04:00:00+00:00,31.574501,17.824501,25.93352,10.028439,135.86015,0.0,0.0,0.0,0.0,0.0,24.447416
2020-09-10 04:00:00+00:00,32.1245,18.824501,26.742922,15.2947035,16.647743,0.0,0.0,0.0,0.0,3.0,24.703667
2020-09-11 04:00:00+00:00,27.174501,18.074501,22.615396,12.313893,4.179493,0.0,0.0,0.0,0.0,3.0,21.639082
2020-09-12 04:00:00+00:00,28.0245,17.424501,22.698372,17.826363,132.2523,0.0,3.0,0.3,0.3,51.0,22.307833
2020-09-13 04:00:00+00:00,25.824501,19.674501,23.122564,15.856354,200.15947,0.0,9.0,3.0,3.0,53.0,21.93075
2020-09-14 04:00:00+00:00,22.8745,13.9244995,17.91833,16.42247,347.2454,0.0,0.0,0.0,0.0,3.0,18.732834
2020-09-15 04:00:00+00:00,22.3745,9.374499,13.850726,10.144082,72.53597,0.0,0.0,0.0,0.0,0.0,15.1995
2020-09-16 04:00:00+00:00,26.7745,11.0245,17.24845,11.440979,181.22406,0.0,0.0,0.0,0.0,3.0,17.757833
2020-09-17 04:00:00+00:00,25.2745,14.124499,19.521387,13.32,340.48398,0.0,1.0,0.1,0.1,51.0,18.837
2020-09-18 04:00:00+00:00,19.174501,11.124499,13.664073,18.25026,357.28574,0.0,0.0,0.0,0.0,3.0,15.914085
2020-09-19 04:00:00+00:00,17.5245,6.5745,9.176366,12.303366,49.236473,0.0,0.0,0.0,0.0,0.0,11.857833
2020-09-20 04:00:00+00:00,19.574501,6.3245,10.334018,10.163227,63.435,0.0,0.0,0.0,0.0,1.0,12.843249
2020-09-21 04:00:00+00:00,19.824501,7.5245004,10.748887,10.538843,112.89283,0.0,0.0,0.0,0.0,2.0,13.232834
2020-09-22 04:00:00+00:00,21.9745,7.1245003,12.143426,11.681987,263.93515,0.0,0.0,0.0,0.0,2.0,13.739083
2020-09-23 04:00:00+00:00,25.8745,10.4745,16.401352,12.287555,254.01027,0.0,0.0,0.0,0.0,3.0,17.489084
2020-09-24 04:00:00+00:00,26.2245,13.8245,19.064405,9.449572,219.70363,0.0,0.0,0.0,0.0,3.0,19.130749
2020-09-25 04:00:00+00:00,27.674501,12.3245,19.528238,11.681987,133.35303,0.0,0.0,0.0,0.0,0.0,19.614082
2020-09-26 04:00:00+00:00,25.4745,13.874499,19.736456,10.483357,182.92586,0.0,0.0,0.0,0.0,3.0,19.572418
2020-09-27 04:00:00+00:00,27.1245,15.0745,20.641338,16.42247,189.97359,0.0,0.0,0.0,0.0,3.0,20.703669
2020-09-28 04:00:00+00:00,27.3745,16.7245,21.452814,20.991426,190.5145,0.0,3.0,0.5,0.5,51.0,21.814085
2020-09-29 04:00:00+00:00,20.2745,13.2245,14.763935,17.068707,251.56494,0.0,19.0,12.3,12.3,61.0,15.151584
2020-09-30 04:00:00+00:00,19.824501,10.0245,11.770043,32.664917,234.47878,0.0,7.0,2.3000002,2.3000002,53.0,14.759915
2020-10-01 04:00:00+00:00,17.8745,8.9244995,11.171657,20.620806,255.2875,0.0,1.0,0.1,0.1,51.0,13.845333
2020-10-02 04:00:00+00:00,15.5745,6.8745003,8.025302,16.23596,272.7783,0.0,5.0,0.70000005,0.70000005,51.0,10.905749
2020-10-03 04:00:00+00:00,15.7745,6.2245,9.226032,10.028439,209.35765,0.0,0.0,0.0,0.0,3.0,11.305751
2020-10-04 04:00:00+00:00,18.174501,8.5745,10.818188,17.208603,180.40729,0.0,4.0,4.9,4.9,61.0,12.912
2020-10-05 04:00:00+00:00,15.6744995,8.7245,9.727419,13.584932,273.9938,0.0,1.0,0.2,0.2,51.0,11.639084
2020-10-06 04:00:00+00:00,20.3745,5.1245003,10.256736,16.279802,208.63629,0.0,0.0,0.0,0.0,3.0,12.787
2020-10-07 04:00:00+00:00,23.924501,12.4244995,14.390377,31.780067,254.61398,0.0,0.0,0.0,0.0,3.0,17.337
2020-10-08 04:00:00+00:00,17.424501,8.7745,11.060558,15.856354,308.2822,0.0,0.0,0.0,0.0,3.0,13.184917
2020-10-09 04:00:00+00:00,23.7245,8.624499,13.419239,13.1041975,191.77574,0.0,0.0,0.0,0.0,3.0,15.4995
2020-10-10 04:00:00+00:00,24.9745,15.5745,18.758808,21.30093,221.8225,0.0,2.0,0.2,0.2,51.0,19.491167
2020-10-11 04:00:00+00:00,22.2745,15.374499,19.302555,13.202726,91.69292,0.0,9.0,1.0000001,1.0000001,51.0,18.328665
2020-10-12 04:00:00+00:00,20.424501,14.4745,16.078558,20.68356,104.64945,0.0,4.0,0.6,0.6,51.0,17.001581
2020-10-13 04:00:00+00:00,18.674501,11.1744995,12.870347,22.406927,289.8396,0.0,4.0,1.3000001,1.3000001,53.0,14.899499
2020-10-14 04:00:00+00:00,20.824501,9.2745,11.835685,14.113653,218.67497,0.0,0.0,0.0,0.0,3.0,14.336999
2020-10-15 04:00:00+00:00,21.2745,10.8245,13.4837885,28.954834,225.66174,0.0,9.0,5.2,5.2,61.0,16.2745
2020-10-16 04:00:00+00:00,13.5745,6.7745004,7.3153076,14.512064,296.80774,0.0,9.0,5.5,5.5,53.0,10.10575
2020-10-17 04:00:00+00:00,15.0245,3.1245,5.6811204,14.973577,217.72699,0.0,0.0,0.0,0.0,1.0,8.966166
2020-10-18 04:00:00+00:00,17.4745,5.9745,8.167242,17.148247,176.59727,0.0,2.0,0.3,0.3,51.0,11.493251
2020-10-19 04:00:00+00:00,13.7745,11.5745,11.651532,11.720751,164.05455,0.0,15.0,8.9,8.9,61.0,12.686999
2020-10-20 04:00:00+00:00,16.924501,13.9244995,15.580176,13.556282,202.21042,0.0,17.0,3.6,3.6,53.0,15.359918
2020-10-21 04:00:00+00:00,24.3745,14.5745,18.538626,21.868332,212.28499,0.0,5.0,1.1,1.1,51.0,18.31825
2020-10-22 04:00:00+00:00,25.9745,14.374499,19.984457,9.726664,184.28369,0.0,0.0,0.0,0.0,3.0,19.347416
2020-10-23 04:00:00+00:00,24.924501,15.124499,19.232203,19.33639,191.85472,0.0,0.0,0.0,0.0,3.0,19.599499
2020-10-24 04:00:00+00:00,19.174501,6.6245003,9.473202,18.947083,323.25726,0.0,7.0,4.5,4.5,61.0,11.8495
2020-10-25 04:00:00+00:00,10.7245,4.7245,4.1715794,14.182355,69.245094,0.0,5.0,1.3,1.3,51.0,7.5640826
2020-10-26 04:00:00+00:00,15.2245,8.874499,10.224819,12.682018,238.66116,0.0,14.0,2.5999997,2.5999997,53.0,11.5494995
2020-10-27 04:00:00+00:00,12.3245,7.7245,8.216903,9.220499,336.1342,0.0,6.0,0.90000004,0.90000004,51.0,9.707833
2020-10-28 04:00:00+00:00,13.7245,9.4244995,9.652385,10.966713,246.76154,0.0,14.0,6.2999997,6.2999997,53.0,10.889083
2020-10-29 04:00:00+00:00,10.7745,8.4745,7.974343,17.377226,31.781597,0.0,24.0,22.300001,22.300001,61.0,9.8745
2020-10-30 04:00:00+00:00,8.1744995,4.3745003,3.5288265,19.734436,328.39252,0.0,10.0,6.8999996,6.8999996,61.0,6.747416
2020-10-31 04:00:00+00:00,10.5245,1.5745001,2.4588985,13.661038,167.49069,0.0,0.0,0.0,0.0,2.0,5.5745006
2020-11-01 04:00:00+00:00,12.7245,0.7745,2.2950969,30.77105,246.6704,0.07,8.0,3.2999997,3.1999998,71.0,7.4015822
2020-11-02 04:00:00+00:00,6.0245004,0.2745,-3.0054724,23.510508,271.33618,0.28,4.0,0.4,0.0,71.0,2.8474166
2020-11-03 04:00:00+00:00,12.9745,2.2745,2.3106363,21.068459,244.17368,0.0,0.0,0.0,0.0,2.0,6.95575
2020-11-04 04:00:00+00:00,18.7245,4.4245,7.4336514,14.458382,192.96504,0.0,0.0,0.0,0.0,0.0,10.720333
2020-11-05 04:00:00+00:00,19.2745,7.9245,10.151005,14.336861,197.51776,0.0,0.0,0.0,0.0,3.0,12.951583
2020-11-06 04:00:00+00:00,20.3745,7.5245004,10.970673,12.181624,220.72543,0.0,0.0,0.0,0.0,3.0,13.149499
2020-11-07 04:00:00+00:00,21.8745,5.3745003,11.5765295,6.9899354,189.40416,0.0,0.0,0.0,0.0,1.0,13.218249
2020-11-08 04:00:00+00:00,22.924501,5.3245,11.562585,9.255571,121.759415,0.0,0.0,0.0,0.0,0.0,12.895332
2020-11-09 04:00:00+00:00,23.2745,7.7245,13.332578,10.009036,153.05008,0.0,0.0,0.0,0.0,0.0,14.351584
2020-11-10 04:00:00+00:00,24.674501,12.5245,16.647589,17.414476,183.02863,0.0,0.0,0.0,0.0,1.0,17.670332
2020-11-11 04:00:00+00:00,19.5245,10.624499,17.305983,17.654688,221.2335,0.0,18.0,17.599998,17.599998,63.0,17.191168
2020-11-12 04:00:00+00:00,12.0245,5.6245003,5.464049,13.556282,7.1913195,0.0,0.0,0.0,0.0,3.0,8.4661665
2020-11-13 04:00:00+00:00,12.5745,3.0744998,3.867072,18.792551,267.1646,0.0,0.0,0.0,0.0,2.0,7.051583
2020-11-14 04:00:00+00:00,10.2245,-0.57549995,1.5043879,11.435313,224.9999,0.0,0.0,0.0,0.0,3.0,4.741166
2020-11-15 04:00:00+00:00,17.0245,6.0745,6.20092,39.389984,208.56062,0.0,8.0,3.7,3.7,61.0,11.039085
2020-11-16 04:00:00+00:00,8.9244995,4.9245,0.90183353,25.764534,252.68547,0.0,3.0,0.3,0.3,51.0,6.2515836
2020-11-17 04:00:00+00:00,5.3245,0.4745,-1.6450883,28.357855,286.648,0.56,8.0,1.7000002,0.90000004,73.0,3.2536666
2020-11-18 04:00:00+00:00,5.3245,0.2245,-2.2823992,13.37825,282.1549,0.0,0.0,0.0,0.0,3.0,1.987
2020-11-19 04:00:00+00:00,15.7745,0.12450001,3.239998,21.578989,194.47206,0.0,0.0,0.0,0.0,3.0,8.1536665
2020-11-20 04:00:00+00:00,16.4245,9.1744995,8.809434,22.159746,225.36438,0.0,0.0,0.0,0.0,3.0,12.997417
2020-11-21 04:00:00+00:00,11.2745,5.0245004,6.882651,10.990322,319.0254,0.0,6.0,0.9,0.9,51.0,8.991167
2020-11-22 04:00:00+00:00,15.124499,4.0245,6.238098,23.469128,127.50241,0.0,11.0,15.200001,15.200001,63.0,9.34325
2020-11-23 04:00:00+00:00,8.5245,3.4745,0.96505505,19.969458,286.85687,0.0,2.0,0.90000004,0.90000004,53.0,5.320334
2020-11-24 04:00:00+00:00,6.3245,0.12450001,0.50445443,10.97262,129.86742,0.0,0.0,0.0,0.0,3.0,3.7536666
2020-11-25 04:00:00+00:00,12.624499,4.6745,5.1579065,14.336861,166.00305,0.0,12.0,4.8,4.8,61.0,8.293249
2020-11-26 04:00:00+00:00,13.374499,9.7745,9.157485,23.400002,230.2209,0.0,6.0,4.6,4.6,61.0,11.605748
2020-11-27 04:00:00+00:00,11.9745,6.4745,7.423288,12.429127,258.53784,0.0,0.0,0.0,0.0,3.0,9.397416
2020-11-28 04:00:00+00:00,8.1744995,2.7245,1.9291416,16.1198,270.65958,0.0,0.0,0.0,0.0,3.0,5.489084
2020-11-29 04:00:00+00:00,11.5245,-0.17549998,1.447841,9.028754,180.29997,0.0,0.0,0.0,0.0,3.0,4.7953334
2020-11-30 04:00:00+00:00,7.7745004,3.0744998,2.9489622,17.377226,311.71066,0.0,19.0,13.099999,13.099999,61.0,6.0120006
2020-12-01 04:00:00+00:00,2.5744998,-0.97550005,-5.2065187,26.200977,256.65683,8.120001,24.0,13.5999975,2.0,75.0,0.14950001
2020-12-02 04:00:00+00:00,4.0245,-1.9255002,-4.6601405,23.78453,255.48016,0.35,3.0,0.5,0.0,71.0,0.5182499
2020-12-03 04:00:00+00:00,5.1245003,-4.2755,-3.9430578,15.893093,209.36595,0.0,0.0,0.0,0.0,3.0,0.46408343
2020-12-04 04:00:00+00:00,8.0245,1.0745001,0.45959362,20.12461,219.4343,0.63,2.0,0.9,0.0,73.0,4.316167
2020-12-05 04:00:00+00:00,5.1245003,1.0745001,-0.9786792,18.668005,309.78738,0.07,2.0,0.2,0.1,71.0,2.9474165
2020-12-06 04:00:00+00:00,1.5745001,-0.57549995,-3.8193834,13.246826,312.90393,0.0,0.0,0.0,0.0,3.0,0.29325
2020-12-07 04:00:00+00:00,0.6745,-1.6755002,-4.932994,15.1884165,328.89432,0.07,1.0,0.1,0.0,71.0,-0.6609167
2020-12-08 04:00:00+00:00,2.7245,-0.97550005,-3.9769447,17.873556,285.9156,0.0,0.0,0.0,0.0,3.0,0.6640833
2020-12-09 04:00:00+00:00,6.2745004,-2.0255,-3.1320095,19.191748,233.77432,0.48999998,1.0,0.7,0.0,73.0,1.4536667
2020-12-10 04:00:00+00:00,9.5245,-1.8255,0.34433183,10.009036,188.09322,0.0,0.0,0.0,0.0,3.0,3.295333
2020-12-11 04:00:00+00:00,15.0745,1.6745,4.08705,14.168641,188.9635,0.0,0.0,0.0,0.0,3.0,7.364083
2020-12-12 04:00:00+00:00,15.8245,5.2245,6.562411,19.523155,185.58925,0.0,4.0,2.7,2.7,55.0,9.641166
2020-12-13 04:00:00+00:00,11.4745,3.9245,3.1263027,20.240198,254.94565,0.0,3.0,0.8,0.8,53.0,6.526583
2020-12-14 04:00:00+00:00,4.3745003,-0.37550002,-1.5887972,20.771093,298.8031,0.98,7.0,2.8,1.4000001,73.0,2.3140833
2020-12-15 04:00:00+00:00,1.8245001,-2.6255,-4.9259167,11.609651,349.45676,0.0,0.0,0.0,0.0,3.0,-0.6879999
2020-12-16 04:00:00+00:00,-0.5255,-2.1755002,-5.718693,15.725037,93.84655,11.200001,14.0,15.999999,0.0,75.0,-1.0921667
2020-12-17 04:00:00+00:00,0.2745,-2.2255,-4.130694,10.636766,42.87888,4.9699993,17.0,6.999999,0.0,75.0,-1.0359167
2020-12-18 04:00:00+00:00,1.3745,-1.5255,-3.9791267,10.464797,280.0231,0.56,8.0,0.8000001,0.0,71.0,-0.40049997
2020-12-19 04:00:00+00:00,3.5744998,-5.5755,-4.4311523,10.464797,171.49327,0.0,0.0,0.0,0.0,3.0,-0.7129998
2020-12-20 04:00:00+00:00,3.0245,0.62450004,-1.5300798,13.363711,195.85313,3.3600001,9.0,5.4,0.59999996,73.0,1.8890833
2020-12-21 04:00:00+00:00,5.7745004,-1.0255,-1.3641196,19.296135,218.82274,0.0,3.0,1.6,1.6,53.0,2.3661666
2020-12-22 04:00:00+00:00,5.3745003,0.4245,-1.3906865,23.598541,276.0152,0.14,11.0,1.8000002,1.6000001,71.0,2.8203332
2020-12-23 04:00:00+00:00,11.7245,-2.2255,-0.044461887,18.692286,159.21768,0.0,1.0,0.1,0.1,51.0,4.1078334
2020-12-24 04:00:00+00:00,10.6744995,-1.6755002,3.5558167,24.86868,187.97293,1.47,21.0,29.300001,27.199999,75.0,7.4557495
2020-12-25 04:00:00+00:00,-2.1755002,-8.9755,-12.364402,23.241617,253.96336,6.79,23.0,9.700001,0.0,75.0,-6.4254994
2020-12-26 04:00:00+00:00,-4.3255,-10.9255,-13.91819,19.67195,233.1877,0.7,9.0,0.9000001,0.0,71.0,-8.310918
2020-12-27 04:00:00+00:00,5.4245,-13.7755,-8.066461,15.725037,169.39195,0.0,0.0,0.0,0.0,3.0,-3.7421665
2020-12-28 04:00:00+00:00,7.7745004,0.7745,0.02368325,23.042812,245.35939,0.0,2.0,0.3,0.3,51.0,4.818249
2020-12-29 04:00:00+00:00,0.9245,-4.5255,-6.0467057,14.4,301.24088,0.0,1.0,0.1,0.1,51.0,-1.5775837
2020-12-30 04:00:00+00:00,10.8245,-1.4755001,0.35783648,24.640942,180.66539,0.0,6.0,5.3999996,5.3999996,61.0,4.9578333
2020-12-31 04:00:00+00:00,9.4745,-1.2755,-1.4971862,19.66536,305.39484,1.4,9.0,8.299999,6.299999,73.0,2.1057498
2021-01-01 04:00:00+00:00,4.5245004,-3.5255,-3.5990608,15.484185,93.61157,0.0,10.0,13.599998,13.599998,63.0,0.57241666
2021-01-02 04:00:00+00:00,10.0245,2.8745,2.5267537,22.45315,271.51022,0.0,3.0,1.9000001,1.9000001,55.0,5.9995
2021-01-03 04:00:00+00:00,5.2245,1.9745,0.5993775,14.113653,269.99933,0.0,13.0,9.100001,9.100001,61.0,3.5724165
2021-01-04 04:00:00+00:00,3.4745,0.5745,-0.7309962,9.746631,265.63992,0.0,0.0,0.0,0.0,3.0,2.1265833
2021-01-05 04:00:00+00:00,3.3745,0.62450004,-1.4579798,10.144082,295.7504,0.21000001,3.0,0.3,0.0,71.0,1.7557501
2021-01-06 04:00:00+00:00,3.5245,-0.6255,-2.5650322,16.055355,311.1934,0.0,0.0,0.0,0.0,3.0,1.4120002
2021-01-07 04:00:00+00:00,3.7245,-1.2255001,-2.9492748,12.57426,343.18576,0.0,0.0,0.0,0.0,3.0,0.87241656
2021-01-08 04:00:00+00:00,2.4245,-3.4255002,-5.182981,12.57426,6.960295,0.0,0.0,0.0,0.0,3.0,-1.06925
2021-01-09 04:00:00+00:00,4.9245,-5.1755,-5.7999997,11.753877,312.9332,0.0,0.0,0.0,0.0,3.0,-1.4963331
2021-01-10 04:00:00+00:00,4.8745003,-3.0755,-3.9132035,9.885262,259.1238,0.0,0.0,0.0,0.0,3.0,-0.41716668
2021-01-11 04:00:00+00:00,5.3245,-2.6755002,-3.3633568,13.854155,237.58087,0.0,0.0,0.0,0.0,3.0,0.3515832
2021-01-12 04:00:00+00:00,3.0245,-4.4754996,-6.0553665,15.349684,236.30988,0.0,0.0,0.0,0.0,3.0,-1.6025835
2021-01-13 04:00:00+00:00,6.2245,-3.3255,-3.6995203,16.179987,210.5682,0.0,0.0,0.0,0.0,3.0,0.8182499
2021-01-14 04:00:00+00:00,7.9745,-0.4755,-0.63459325,11.631956,188.94429,0.84,4.0,1.2,0.0,73.0,3.1015837
2021-01-15 04:00:00+00:00,8.6744995,-0.4755,-0.5339418,22.691423,149.30034,0.0,7.0,3.9000003,3.9000003,55.0,3.491166
2021-01-16 04:00:00+00:00,2.9745,-2.3255,-3.985523,16.279802,240.6252,2.24,10.0,3.2999997,0.100000024,73.0,-0.48591685
2021-01-17 04:00:00+00:00,4.8745003,-1.3255,-3.2307508,20.082708,242.00293,0.90999997,12.0,1.5000002,0.2,71.0,1.3495001
2021-01-18 04:00:00+00:00,1.9745,-1.0255,-4.47063,20.617662,249.72432,0.84,8.0,1.3000001,0.10000001,73.0,0.36200002
2021-01-19 04:00:00+00:00,4.2245,-1.2755,-4.251821,20.240196,243.81781,0.0,0.0,0.0,0.0,3.0,0.76616675
2021-01-20 04:00:00+00:00,0.62450004,-5.0755,-6.8930135,21.175837,275.67654,0.7,6.0,1.0000001,0.0,73.0,-1.7484168
2021-01-21 04:00:00+00:00,6.9745,-4.7254996,-3.9830818,23.510508,234.40436,0.0,0.0,0.0,0.0,3.0,1.5140835
2021-01-22 04:00:00+00:00,2.5744998,-2.4255002,-4.871912,22.725668,270.8774,0.0,0.0,0.0,0.0,3.0,0.54325
2021-01-23 04:00:00+00:00,-1.2255001,-6.7755,-9.687081,19.008545,308.73926,0.0,0.0,0.0,0.0,3.0,-4.198417
2021-01-24 04:00:00+00:00,-0.9255,-7.8255,-8.435029,8.287822,100.36624,0.0,0.0,0.0,0.0,3.0,-4.296334
2021-01-25 04:00:00+00:00,3.3244998,-2.6755002,-3.706557,13.979871,74.30341,0.77,6.0,1.1,0.0,73.0,-0.29425016
2021-01-26 04:00:00+00:00,7.8245,0.2245,-0.97558147,24.344624,196.65016,0.0,14.0,4.5999994,4.5999994,61.0,3.1995
2021-01-27 04:00:00+00:00,2.3745,-3.0255,-4.8454733,15.137133,324.98898,0.0,1.0,0.1,0.1,51.0,-0.35258332
2021-01-28 04:00:00+00:00,-2.8755,-6.2254996,-10.075955,22.45315,322.7977,0.0,0.0,0.0,0.0,3.0,-4.0650835
2021-01-29 04:00:00+00:00,-1.3755,-7.1755,-10.68253,18.089775,299.83997,0.0,0.0,0.0,0.0,3.0,-5.046334
2021-01-30 04:00:00+00:00,1.4745,-8.875501,-8.689679,12.496719,18.21721,0.0,0.0,0.0,0.0,3.0,-4.2921667
2021-01-31 04:00:00+00:00,0.62450004,-2.1255,-5.7479835,17.902534,98.00933,7.8399997,21.0,11.199999,0.0,73.0,-0.8379998
2021-02-01 04:00:00+00:00,1.0745001,-2.4255002,-5.2335935,15.5843,62.5775,4.27,20.0,6.0999994,0.0,73.0,-0.9609167
2021-02-02 04:00:00+00:00,-0.37550002,-4.0255,-7.439411,20.371038,323.09756,1.6100003,11.0,2.3999999,0.1,73.0,-2.1588337
2021-02-03 04:00:00+00:00,1.9245,-6.8255,-7.8703494,20.3774,299.85974,0.07,1.0,0.1,0.0,71.0,-2.4755
2021-02-04 04:00:00+00:00,2.7245,-15.2255,-9.588439,16.09969,182.00679,0.49,2.0,0.70000005,0.0,73.0,-5.2463326
2021-02-05 04:00:00+00:00,4.1745,-1.9755001,-4.6880274,25.071098,231.89392,0.77,7.0,2.8000002,1.6999999,73.0,0.7057498
2021-02-06 04:00:00+00:00,-0.6255,-9.0255,-8.528814,17.935081,249.2857,0.42,3.0,0.6,0.0,73.0,-3.3734162
2021-02-07 04:00:00+00:00,-2.5255,-13.6755,-11.088809,15.844089,288.786,0.35,5.0,0.5,0.0,71.0,-6.135917
2021-02-08 04:00:00+00:00,-1.3255,-14.875501,-11.812302,10.630672,61.189342,0.14,1.0,0.2,0.0,71.0,-7.4505005
2021-02-09 04:00:00+00:00,-0.6755,-8.9755,-6.770346,10.1887,322.4651,5.88,16.0,8.4,0.0,73.0,-3.1338332
2021-02-10 04:00:00+00:00,-2.3755,-10.2255,-10.05254,12.287555,20.231476,2.8,9.0,4.0,0.0,73.0,-5.792166
2021-02-11 04:00:00+00:00,-1.6255,-6.6254997,-8.819127,13.779114,1.4731946,0.97999996,9.0,1.4000002,0.0,73.0,-4.2463336
2021-02-12 04:00:00+00:00,-0.5255,-8.375501,-9.111656,15.137133,49.707947,0.0,0.0,0.0,0.0,3.0,-4.6567507
2021-02-13 04:00:00+00:00,-0.82549995,-5.3754997,-7.1455703,14.044615,60.682133,0.0,0.0,0.0,0.0,3.0,-2.9296665
2021-02-14 04:00:00+00:00,-0.5255,-4.5755,-6.784378,11.013882,340.35724,0.0,0.0,0.0,0.0,3.0,-2.8463337
2021-02-15 04:00:00+00:00,1.7245,-5.1254997,-6.725382,16.595179,29.2669,1.7500001,12.0,10.8,8.3,73.0,-2.5255
2021-02-16 04:00:00+00:00,5.0745,-7.3255,-6.429651,22.963936,247.968,0.35,11.0,4.9999995,4.5,71.0,-1.1650833
2021-02-17 04:00:00+00:00,-2.0255,-15.6755,-11.701076,14.84318,340.8801,0.07,1.0,0.1,0.0,71.0,-7.356749
2021-02-18 04:00:00+00:00,-1.6255,-4.9754996,-7.4084992,13.441071,77.23285,3.2199998,18.0,4.5999994,0.1,73.0,-3.25675
2021-02-19 04:00:00+00:00,-0.17549998,-4.6254997,-6.271176,14.759999,277.21164,0.97999996,8.0,1.2,0.0,71.0,-2.138
2021-02-20 04:00:00+00:00,-3.4755,-10.625501,-12.187976,18.792551,269.2689,0.21000001,3.0,0.3,0.0,71.0,-6.8525834
2021-02-21 04:00:00+00:00,2.0245,-15.3255005,-10.529157,13.5515,161.4639,0.0,0.0,0.0,0.0,3.0,-6.108834
2021-02-22 04:00:00+00:00,6.1745,-1.6255,-2.8435469,28.1169,218.44989,1.54,11.0,5.5,3.3000002,73.0,2.2495
2021-02-23 04:00:00+00:00,8.1744995,-0.5255,-1.3873931,29.16,249.68887,0.21000001,3.0,0.3,0.0,71.0,3.6015832
2021-02-24 04:00:00+00:00,17.324501,-1.9755001,2.3395884,25.959969,223.19131,0.0,3.0,0.5,0.5,51.0,6.5765834
2021-02-25 04:00:00+00:00,7.5245004,-1.6755002,-1.668972,17.786331,303.33545,0.0,0.0,0.0,0.0,3.0,2.5724168
2021-02-26 04:00:00+00:00,8.0745,-3.1255,-1.8558273,16.78156,125.02319,0.0,0.0,0.0,0.0,3.0,2.3036666
2021-02-27 04:00:00+00:00,13.874499,3.2745,4.091389,15.941944,200.81276,0.0,4.0,1.3000001,1.3000001,53.0,7.207834
2021-02-28 04:00:00+00:00,13.874499,3.3745,5.2596793,15.94601,127.69429,0.0,17.0,20.8,20.8,63.0,7.687
2021-03-01 04:00:00+00:00,14.4244995,-1.7755,1.3494495,30.113304,293.2044,0.0,9.0,6.8999996,6.8999996,61.0,6.08075
2021-03-02 04:00:00+00:00,5.1745,-6.7254996,-6.139914,16.78156,293.21368,0.0,0.0,0.0,0.0,0.0,-1.5463333
2021-03-03 04:00:00+00:00,12.6744995,-2.7755,0.007957578,19.130875,244.18367,0.0,0.0,0.0,0.0,2.0,4.29325
2021-03-04 04:00:00+00:00,3.2245,-3.5755002,-3.9649878,22.218153,317.43753,0.0,0.0,0.0,0.0,3.0,0.9432501
2021-03-05 04:00:00+00:00,4.3245,-6.5755,-7.802597,24.569836,303.63043,0.0,0.0,0.0,0.0,2.0,-2.2359169
2021-03-06 04:00:00+00:00,3.7745,-3.8255002,-6.11437,18.899143,304.0301,0.0,0.0,0.0,0.0,3.0,-0.96508336
2021-03-07 04:00:00+00:00,5.8745003,-5.5255,-4.6670976,13.009903,327.31943,0.0,0.0,0.0,0.0,1.0,-0.7567499
2021-03-08 04:00:00+00:00,12.1744995,-5.4255,-1.5192133,14.84318,221.02634,0.0,0.0,0.0,0.0,3.0,2.6703331
2021-03-09 04:00:00+00:00,17.1245,6.1245003,7.347734,14.05845,235.32088,0.0,0.0,0.0,0.0,3.0,10.75575
2021-03-10 04:00:00+00:00,19.674501,2.9245,7.558529,20.188908,184.28728,0.0,0.0,0.0,0.0,3.0,11.262
2021-03-11 04:00:00+00:00,17.4745,11.7745,11.221131,23.540806,209.1471,0.0,6.0,4.0,4.0,55.0,14.609917
2021-03-12 04:00:00+00:00,15.0245,4.9745,7.400087,21.407139,284.76807,0.0,5.0,7.8,7.8,63.0,10.876584
2021-03-13 04:00:00+00:00,9.374499,-2.5755,-0.8697128,16.981165,313.40146,0.0,0.0,0.0,0.0,3.0,3.4203331
2021-03-14 04:00:00+00:00,11.1744995,-0.97550005,-0.46290007,25.133053,304.86224,0.0,0.0,0.0,0.0,3.0,4.64325
2021-03-15 04:00:00+00:00,6.6245003,-5.5255,-4.0548606,15.484185,50.760082,0.0,0.0,0.0,0.0,3.0,0.66408324
2021-03-16 04:00:00+00:00,16.0245,3.3745,5.4625916,15.905319,139.08571,0.0,7.0,1.5000001,1.5000001,51.0,8.3995
2021-03-17 04:00:00+00:00,18.924501,2.5744998,8.296144,12.783802,101.8793,0.0,0.0,0.0,0.0,3.0,10.214084
2021-03-18 04:00:00+00:00,10.0245,4.6245003,5.1454215,25.922499,56.729668,0.0,22.0,36.70001,36.70001,63.0,8.2245
2021-03-19 04:00:00+00:00,8.7745,-1.4254999,-1.9183916,24.20314,23.790236,0.0,1.0,0.1,0.1,51.0,3.24325
2021-03-20 04:00:00+00:00,13.624499,-3.3255,1.0614071,11.090103,65.232475,0.0,0.0,0.0,0.0,0.0,4.841167
2021-03-21 04:00:00+00:00,17.174501,-0.2755,4.8746305,11.808878,121.968094,0.0,0.0,0.0,0.0,0.0,8.180751
2021-03-22 04:00:00+00:00,18.424501,1.1745,6.71993,13.527572,133.3177,0.0,0.0,0.0,0.0,3.0,9.951582
2021-03-23 04:00:00+00:00,18.424501,3.1245,7.999656,19.296135,131.82008,0.0,0.0,0.0,0.0,3.0,11.128667
2021-03-24 04:00:00+00:00,21.6245,10.6744995,14.102912,17.414476,158.22731,0.0,9.0,3.1999998,3.1999998,61.0,15.651582
2021-03-25 04:00:00+00:00,22.324501,9.7745,15.019055,15.893093,170.87952,0.0,4.0,0.8,0.8,51.0,15.905747
2021-03-26 04:00:00+00:00,16.7245,8.9244995,10.547926,37.63679,239.83943,0.0,5.0,6.3,6.3,61.0,13.964081
2021-03-27 04:00:00+00:00,20.924501,6.5745,11.505447,12.783802,194.71968,0.0,0.0,0.0,0.0,3.0,13.132833
2021-03-28 04:00:00+00:00,16.1745,4.2745,8.18118,31.421213,243.41103,0.0,17.0,15.000002,15.000002,63.0,11.6119995
2021-03-29 04:00:00+00:00,11.5745,2.3745,1.7804236,27.181787,268.28168,0.14,2.0,0.2,0.0,71.0,6.020333
2021-03-30 04:00:00+00:00,21.4745,2.8244998,8.323251,21.398056,179.49689,0.0,0.0,0.0,0.0,3.0,12.118251
2021-03-31 04:00:00+00:00,15.124499,5.7745004,9.66726,18.03237,237.11873,0.0,12.0,14.099999,14.099999,63.0,12.234916
2021-04-01 04:00:00+00:00,5.0745,-2.9755,-3.9189863,26.729847,313.27533,1.4000002,11.0,2.6999998,0.70000005,73.0,1.6661667
2021-04-02 04:00:00+00:00,5.2745004,-4.2254996,-5.4040465,23.333443,318.07266,0.0,0.0,0.0,0.0,3.0,-0.008833438
2021-04-03 04:00:00+00:00,11.2245,-3.6255,-0.021775305,14.618837,222.1548,0.0,0.0,0.0,0.0,3.0,4.0765834
2021-04-04 04:00:00+00:00,18.3745,5.2745004,7.9036407,17.072504,292.38455,0.0,0.0,0.0,0.0,2.0,11.666165
2021-04-05 04:00:00+00:00,20.4745,3.7245,9.316363,9.422101,354.95752,0.0,1.0,0.1,0.1,51.0,11.582833
2021-04-06 04:00:00+00:00,23.7745,6.9745,14.503963,10.661107,262.69415,0.0,0.0,0.0,0.0,3.0,15.684915
2021-04-07 04:00:00+00:00,25.2245,10.4244995,17.287912,11.298495,257.29062,0.0,2.0,0.5,0.5,51.0,17.987
2021-04-08 04:00:00+00:00,25.4745,12.0745,17.665422,22.476227,140.55997,0.0,3.0,1.6,1.6,55.0,18.945333
2021-04-09 04:00:00+00:00,23.1245,12.7245,15.567855,17.826363,160.24391,0.0,3.0,1.2,1.2,53.0,17.222418
2021-04-10 04:00:00+00:00,26.0245,11.4745,16.598421,22.218153,136.64148,0.0,3.0,6.0,6.0,63.0,18.070333
2021-04-11 04:00:00+00:00,19.424501,12.7245,14.602905,21.129883,213.77502,0.0,7.0,22.600002,22.600002,63.0,15.968249
2021-04-12 04:00:00+00:00,14.9745,9.374499,9.52736,18.25026,243.90462,0.0,10.0,9.900001,9.900001,63.0,11.4995
2021-04-13 04:00:00+00:00,20.4745,6.5745,11.834771,10.853866,269.84842,0.0,1.0,0.2,0.2,51.0,13.334916
2021-04-14 04:00:00+00:00,18.6245,8.5245,10.1392975,16.746773,245.59018,0.0,1.0,0.3,0.3,51.0,12.526584
2021-04-15 04:00:00+00:00,9.5745,4.4245,3.628106,20.570463,284.50418,0.0,10.0,1.9,1.9,51.0,7.6411667
2021-04-16 04:00:00+00:00,10.0245,3.9245,3.067705,20.61766,288.61926,0.0,12.0,2.6,2.6,53.0,6.8869996
2021-04-17 04:00:00+00:00,12.0245,3.6245,4.962152,13.237039,313.6637,0.0,0.0,0.0,0.0,3.0,7.6411667
2021-04-18 04:00:00+00:00,14.8245,2.2745,6.8879414,9.504273,280.93378,0.0,2.0,0.4,0.4,51.0,9.09325
2021-04-19 04:00:00+00:00,17.424501,3.9245,8.809796,18.345877,238.16913,0.0,0.0,0.0,0.0,3.0,11.311999
2021-04-20 04:00:00+00:00,18.0245,5.7745004,8.358285,18.875126,279.61615,0.0,4.0,1.1,1.1,53.0,11.491168
2021-04-21 04:00:00+00:00,6.2745004,0.5745,-1.7258667,25.762016,314.5313,1.6100001,9.0,2.6999998,0.39999995,73.0,3.4495
2021-04-22 04:00:00+00:00,7.9745,-0.7755,-1.3164397,24.312662,284.43857,0.84,7.0,1.4000001,0.2,73.0,3.712
2021-04-23 04:00:00+00:00,15.2745,0.3745,4.330855,19.803272,254.85422,0.0,0.0,0.0,0.0,3.0,8.291166
2021-04-24 04:00:00+00:00,16.574501,2.7245,7.4663234,13.202726,171.55565,0.0,7.0,3.9,3.9,53.0,10.057834
2021-04-25 04:00:00+00:00,16.4245,5.3245,7.9982567,23.847115,314.6936,0.0,6.0,1.6000001,1.6000001,51.0,10.782833
2021-04-26 04:00:00+00:00,17.074501,0.87450004,6.167191,11.019764,336.95642,0.0,0.0,0.0,0.0,2.0,8.722416
2021-04-27 04:00:00+00:00,27.2745,6.9745,15.944183,19.08,215.36253,0.0,2.0,0.5,0.5,51.0,17.841166
2021-04-28 04:00:00+00:00,26.574501,15.374499,20.26395,21.461555,239.19453,0.0,6.0,1.0,1.0,51.0,21.055752
2021-04-29 04:00:00+00:00,20.424501,11.374499,17.55601,27.248455,238.12509,0.0,22.0,33.899998,33.899998,63.0,17.597418
2021-04-30 04:00:00+00:00,14.7745,6.0745,6.5409436,33.043606,295.05658,0.0,9.0,3.9,3.9,55.0,10.7682495
2021-05-01 04:00:00+00:00,17.074501,2.2745,6.4811053,19.694992,246.76517,0.0,0.0,0.0,0.0,3.0,9.9495
2021-05-02 04:00:00+00:00,25.9745,12.5245,16.541237,20.63023,227.74527,0.0,0.0,0.0,0.0,3.0,18.947418
2021-05-03 04:00:00+00:00,20.574501,13.624499,17.177,12.24,183.22797,0.0,18.0,21.300001,21.300001,63.0,17.01825
2021-05-04 04:00:00+00:00,24.074501,16.1245,19.689402,23.269482,233.39896,0.0,9.0,12.4,12.4,63.0,19.009918
2021-05-05 04:00:00+00:00,16.2245,8.4244995,9.5728655,20.380579,318.54712,0.0,10.0,6.9999995,6.9999995,61.0,11.930749
2021-05-06 04:00:00+00:00,14.374499,4.1245003,7.1694074,12.768586,302.59576,0.0,0.0,0.0,0.0,3.0,9.799499
2021-05-07 04:00:00+00:00,12.2745,6.3245,6.00238,19.373219,317.4045,0.0,8.0,4.8,4.8,55.0,8.714083
2021-05-08 04:00:00+00:00,11.4745,5.5745,4.962544,22.768396,291.611,0.0,9.0,2.3,2.3,53.0,8.234918
2021-05-09 04:00:00+00:00,10.3245,5.5245004,4.269559,19.483284,68.702576,0.0,16.0,24.499998,24.499998,63.0,6.999499
2021-05-10 04:00:00+00:00,14.9244995,3.6745,5.9379888,19.8,314.08493,0.0,0.0,0.0,0.0,3.0,8.899501
2021-05-11 04:00:00+00:00,13.7745,4.8745003,5.770125,21.434364,296.86182,0.0,2.0,0.4,0.4,51.0,9.151583
2021-05-12 04:00:00+00:00,16.2245,2.4745,6.4811063,15.39184,333.20398,0.0,3.0,0.3,0.3,51.0,9.416166
2021-05-13 04:00:00+00:00,17.2245,3.7745,8.700988,11.27553,355.70117,0.0,0.0,0.0,0.0,3.0,11.153668
2021-05-14 04:00:00+00:00,19.2745,5.1245003,10.81788,6.9527545,344.2638,0.0,0.0,0.0,0.0,3.0,12.441167
2021-05-15 04:00:00+00:00,19.9745,6.9245,12.660314,7.386582,232.30556,0.0,0.0,0.0,0.0,3.0,13.991166
2021-05-16 04:00:00+00:00,20.1245,9.4745,13.632455,8.557102,130.60124,0.0,0.0,0.0,0.0,3.0,14.791167
2021-05-17 04:00:00+00:00,22.2245,8.9745,14.922891,6.792466,123.52136,0.0,0.0,0.0,0.0,3.0,15.680749
2021-05-18 04:00:00+00:00,25.2745,9.5245,17.916006,7.7043357,115.51381,0.0,0.0,0.0,0.0,3.0,17.897417
2021-05-19 04:00:00+00:00,28.324501,11.124499,20.369173,7.0911775,142.72653,0.0,0.0,0.0,0.0,3.0,20.034916
2021-05-20 04:00:00+00:00,29.6245,14.4745,22.071283,10.24578,162.90723,0.0,0.0,0.0,0.0,3.0,22.103668
2021-05-21 04:00:00+00:00,30.7745,15.8245,23.068026,12.181625,202.33281,0.0,0.0,0.0,0.0,3.0,23.512001
2021-05-22 04:00:00+00:00,29.2245,16.0245,22.49586,15.629971,273.51776,0.0,0.0,0.0,0.0,3.0,22.837
2021-05-23 04:00:00+00:00,30.9745,19.174501,24.816168,19.09358,303.62585,0.0,3.0,0.70000005,0.70000005,51.0,24.72658
2021-05-24 04:00:00+00:00,24.2745,19.324501,24.294561,8.707237,25.506908,0.0,15.0,10.400002,10.400002,63.0,21.668251
2021-05-25 04:00:00+00:00,30.0245,17.9745,25.269094,16.923828,208.67307,0.0,2.0,0.2,0.2,51.0,23.920332
2021-05-26 04:00:00+00:00,28.8745,18.8745,23.751276,23.762726,237.30392,0.0,7.0,1.6000001,1.6000001,53.0,23.34533
2021-05-27 04:00:00+00:00,24.9745,15.9244995,20.101343,12.819235,326.99237,0.0,2.0,0.4,0.4,51.0,19.91825
2021-05-28 04:00:00+00:00,20.424501,13.5245,16.872866,16.09969,78.62393,0.0,13.0,17.700003,17.700003,63.0,17.120333
2021-05-29 04:00:00+00:00,12.624499,9.874499,8.433267,19.008545,38.002956,0.0,16.0,4.299999,4.299999,55.0,11.134915
2021-05-30 04:00:00+00:00,13.1744995,9.0745,9.210174,12.413477,40.338882,0.0,1.0,0.1,0.1,51.0,11.176582
2021-05-31 04:00:00+00:00,21.324501,6.3245,14.044846,9.085988,222.87889,0.0,0.0,0.0,0.0,3.0,14.737
2021-06-01 04:00:00+00:00,24.2745,11.124499,17.715864,7.386582,150.8695,0.0,0.0,0.0,0.0,3.0,17.7745
2021-06-02 04:00:00+00:00,23.5245,14.2245,19.034826,10.440001,141.89902,0.0,6.0,1.5,1.5,53.0,18.593248
2021-06-03 04:00:00+00:00,22.0245,16.674501,20.067743,21.67487,202.16107,0.0,17.0,11.2,11.2,61.0,19.384918
2021-06-04 04:00:00+00:00,26.674501,16.0245,22.154472,17.81909,248.96237,0.0,5.0,1.7,1.7,53.0,21.107832
2021-06-05 04:00:00+00:00,30.574501,18.074501,24.819038,14.57889,230.1838,0.0,0.0,0.0,0.0,2.0,24.157835
2021-06-06 04:00:00+00:00,31.9745,16.924501,25.773613,12.57426,222.0426,0.0,0.0,0.0,0.0,3.0,24.501585
2021-06-07 04:00:00+00:00,31.074501,21.574501,28.847021,10.137692,194.82214,0.0,3.0,1.5000001,1.5000001,53.0,25.89533
2021-06-08 04:00:00+00:00,29.8745,21.674501,28.472414,12.682018,243.7833,0.0,15.0,3.5999992,3.5999992,53.0,24.978662
2021-06-09 04:00:00+00:00,26.574501,21.2745,27.0637,11.298495,254.37254,0.0,8.0,2.1,2.1,53.0,23.651583
2021-06-10 04:00:00+00:00,28.924501,20.3745,26.693727,13.75558,84.129425,0.0,12.0,6.7999997,6.7999997,63.0,23.42867
2021-06-11 04:00:00+00:00,25.7745,19.5245,24.549685,14.154915,92.7906,0.0,20.0,20.400002,20.400002,63.0,22.132835
2021-06-12 04:00:00+00:00,27.924501,15.8245,24.550842,8.766573,58.284943,0.0,2.0,0.4,0.4,51.0,21.97242
2021-06-13 04:00:00+00:00,28.8745,19.8745,26.649668,9.1641035,219.77774,0.0,10.0,17.0,17.0,63.0,23.051584
2021-06-14 04:00:00+00:00,26.7245,14.874499,21.462221,12.387348,291.8664,0.0,5.0,16.5,16.5,63.0,20.15158
2021-06-15 04:00:00+00:00,23.074501,14.0745,17.601702,16.992609,318.8453,0.0,3.0,0.5,0.5,51.0,18.597416
2021-06-16 04:00:00+00:00,22.924501,10.8245,15.041223,14.4,328.70837,0.0,0.0,0.0,0.0,3.0,16.816168
2021-06-17 04:00:00+00:00,25.1245,10.7245,17.660027,8.049845,268.38644,0.0,0.0,0.0,0.0,2.0,18.059916
2021-06-18 04:00:00+00:00,27.9745,14.5245,21.24586,23.157824,203.68715,0.0,3.0,3.5,3.5,61.0,21.822412
2021-06-19 04:00:00+00:00,25.074501,20.424501,24.459312,18.581022,237.9789,0.0,18.0,10.400002,10.400002,63.0,22.36825
2021-06-20 04:00:00+00:00,29.8745,19.3745,27.05417,14.345898,211.76645,0.0,10.0,3.6,3.6,55.0,24.139084
2021-06-21 04:00:00+00:00,28.2745,19.5245,25.517668,25.812277,222.7688,0.0,11.0,8.499999,8.499999,63.0,23.501581
2021-06-22 04:00:00+00:00,19.7245,13.0745,15.275219,16.1198,319.05197,0.0,8.0,2.1,2.1,53.0,16.670334
2021-06-23 04:00:00+00:00,23.674501,9.8245,16.49972,11.753877,188.7675,0.0,0.0,0.0,0.0,3.0,17.209917
2021-06-24 04:00:00+00:00,27.2745,13.374499,19.89021,17.698677,159.75671,0.0,0.0,0.0,0.0,3.0,20.684916
2021-06-25 04:00:00+00:00,28.424501,16.324501,22.494255,19.164719,171.22855,0.0,0.0,0.0,0.0,3.0,22.624502
2021-06-26 04:00:00+00:00,30.1245,19.5245,25.20607,20.730501,191.93875,0.0,1.0,0.2,0.2,51.0,24.751581
2021-06-27 04:00:00+00:00,31.2745,20.6245,27.46369,20.570463,207.16417,0.0,5.0,1.2,1.2,53.0,26.026583
2021-06-28 04:00:00+00:00,32.9245,21.424501,30.565748,10.308831,199.8553,0.0,3.0,0.3,0.3,51.0,27.276583
2021-06-29 04:00:00+00:00,33.824497,22.924501,32.107777,12.904882,207.65959,0.0,1.0,1.0,1.0,55.0,28.15992
2021-06-30 04:00:00+00:00,27.924501,22.2745,28.58925,13.004921,228.25198,0.0,9.0,10.099999,10.099999,63.0,24.907831
2021-07-01 04:00:00+00:00,23.2745,19.574501,24.293444,14.021525,252.72618,0.0,17.0,24.100002,24.100002,63.0,21.5245
2021-07-02 04:00:00+00:00,21.5245,14.2745,17.474665,18.089775,317.66202,0.0,5.0,1.1,1.1,53.0,18.264086
2021-07-03 04:00:00+00:00,25.2245,15.0245,19.361288,16.992609,308.94925,0.0,1.0,0.1,0.1,51.0,19.703665
2021-07-04 04:00:00+00:00,25.924501,16.8745,22.689062,9.83268,216.13339,0.0,10.0,2.3999999,2.3999999,53.0,21.326582
2021-07-05 04:00:00+00:00,29.7245,17.174501,26.897028,13.044722,213.14699,0.0,3.0,0.4,0.4,51.0,24.191168
2021-07-06 04:00:00+00:00,33.074497,22.074501,30.566286,15.937878,246.91197,0.0,2.0,0.2,0.2,51.0,27.339087
2021-07-07 04:00:00+00:00,31.424501,22.8745,30.031656,15.807239,210.85413,0.0,7.0,3.1000001,3.1000001,55.0,26.405748
2021-07-08 04:00:00+00:00,24.5245,20.924501,25.200996,14.869351,184.73334,0.0,18.0,26.999998,26.999998,65.0,22.35575
2021-07-09 04:00:00+00:00,25.3745,17.924501,24.042883,17.713316,305.9939,0.0,15.0,4.899999,4.899999,53.0,22.270334
2021-07-10 04:00:00+00:00,25.4745,14.0745,20.774893,8.557102,11.225761,0.0,0.0,0.0,0.0,3.0,19.872417
2021-07-11 04:00:00+00:00,29.2245,17.9745,25.098372,18.089775,164.05452,0.0,12.0,7.8999996,7.8999996,61.0,22.797417
2021-07-12 04:00:00+00:00,27.7745,21.5245,28.020418,17.10284,216.6093,0.0,15.0,9.5,9.5,63.0,24.568247
2021-07-13 04:00:00+00:00,29.7745,21.574501,27.697176,19.406637,205.48465,0.0,7.0,3.1000001,3.1000001,55.0,24.953667
2021-07-14 04:00:00+00:00,27.9745,21.424501,26.737066,14.773164,235.05162,0.0,7.0,4.3999996,4.3999996,63.0,24.309914
2021-07-15 04:00:00+00:00,29.9745,20.2745,27.278913,17.339897,217.7682,0.0,5.0,0.90000004,0.90000004,51.0,25.13283
2021-07-16 04:00:00+00:00,31.674501,20.924501,28.204279,21.749483,220.0639,0.0,5.0,1.1000001,1.1000001,51.0,25.370333
2021-07-17 04:00:00+00:00,27.574501,18.0245,25.072603,19.242327,244.83083,0.0,9.0,8.2,8.2,63.0,22.734915
2021-07-18 04:00:00+00:00,27.2245,16.1245,22.36995,16.800856,328.27274,0.0,7.0,1.7,1.7,53.0,21.701582
2021-07-19 04:00:00+00:00,29.0245,16.4745,25.402945,10.00256,325.93378,0.0,1.0,0.1,0.1,51.0,23.120333
2021-07-20 04:00:00+00:00,29.7745,18.4745,26.883133,10.00256,292.9408,0.0,4.0,0.5,0.5,51.0,24.051582
2021-07-21 04:00:00+00:00,25.5245,17.8745,23.133276,18.218275,326.90424,0.0,11.0,4.999999,4.999999,61.0,21.99325
2021-07-22 04:00:00+00:00,26.5245,14.374499,21.064974,9.178235,327.91595,0.0,0.0,0.0,0.0,3.0,20.559917
2021-07-23 04:00:00+00:00,27.4745,16.3745,22.985209,9.387651,54.122776,0.0,0.0,0.0,0.0,3.0,21.718248
2021-07-24 04:00:00+00:00,29.9745,19.2245,25.689247,9.339208,194.19478,0.0,0.0,0.0,0.0,3.0,23.941164
2021-07-25 04:00:00+00:00,30.2745,20.3745,27.44478,12.599998,228.94841,0.0,8.0,5.0,5.0,61.0,24.924501
2021-07-26 04:00:00+00:00,32.4745,20.7745,27.987886,18.0,337.20932,0.0,0.0,0.0,0.0,3.0,25.614082
2021-07-27 04:00:00+00:00,32.0745,17.2245,26.277771,12.313893,291.70847,0.0,0.0,0.0,0.0,3.0,24.997416
2021-07-28 04:00:00+00:00,29.424501,19.5245,27.070005,11.435313,322.33847,0.0,5.0,1.0,1.0,51.0,24.751585
2021-07-29 04:00:00+00:00,26.924501,19.324501,25.367996,23.358423,235.68813,0.0,9.0,14.400002,14.400002,65.0,23.139082
2021-07-30 04:00:00+00:00,26.6245,18.324501,23.390326,16.87398,327.94592,0.0,1.0,0.1,0.1,51.0,22.493254
2021-07-31 04:00:00+00:00,27.074501,14.4745,21.004057,7.5942073,296.0534,0.0,0.0,0.0,0.0,3.0,20.409918
2021-08-01 04:00:00+00:00,27.2245,17.1245,21.719788,18.837322,271.816,0.0,6.0,3.0,3.0,61.0,20.976583
2021-08-02 04:00:00+00:00,25.2245,14.1744995,19.669931,11.252519,343.38266,0.0,0.0,0.0,0.0,3.0,19.659918
2021-08-03 04:00:00+00:00,26.6245,15.0745,20.881968,10.948973,50.646225,0.0,0.0,0.0,0.0,3.0,21.068249
2021-08-04 04:00:00+00:00,26.9745,17.424501,23.439505,7.42159,83.46346,0.0,2.0,0.4,0.4,51.0,21.770332
2021-08-05 04:00:00+00:00,28.824501,17.7245,24.67499,10.105681,221.26422,0.0,1.0,0.1,0.1,51.0,22.905748
2021-08-06 04:00:00+00:00,32.3745,19.0245,26.32564,15.30741,201.0682,0.0,0.0,0.0,0.0,3.0,25.068253
2021-08-07 04:00:00+00:00,30.2745,19.824501,26.734488,12.682018,211.80933,0.0,2.0,0.5,0.5,51.0,24.884918
2021-08-08 04:00:00+00:00,30.824501,19.674501,27.302162,10.315115,225.0001,0.0,2.0,0.4,0.4,51.0,24.953669
2021-08-09 04:00:00+00:00,33.1245,20.3745,28.836763,14.039999,179.30414,0.0,3.0,0.5,0.5,51.0,26.574503
2021-08-10 04:00:00+00:00,32.4245,22.0245,29.397196,23.688984,212.29202,0.0,12.0,6.4,6.4,61.0,26.9495
2021-08-11 04:00:00+00:00,32.824497,23.6245,30.506409,18.837324,218.8577,0.0,9.0,2.1,2.1,53.0,27.587
2021-08-12 04:00:00+00:00,33.1245,23.074501,30.078669,18.161278,220.5733,0.0,6.0,24.7,24.7,65.0,26.6745
2021-08-13 04:00:00+00:00,32.3245,22.424501,29.645426,14.336861,222.55064,0.0,6.0,10.3,10.3,63.0,25.897417
2021-08-14 04:00:00+00:00,28.574501,19.924501,26.332167,12.496719,328.49063,0.0,13.0,8.700002,8.700002,61.0,23.957832
2021-08-15 04:00:00+00:00,26.4745,16.9745,22.328222,11.726277,54.019245,0.0,0.0,0.0,0.0,3.0,21.518251
2021-08-16 04:00:00+00:00,24.6245,20.2245,25.048925,12.397806,133.06947,0.0,22.0,24.2,24.2,63.0,22.037
2021-08-17 04:00:00+00:00,26.7745,21.074501,27.149519,11.177405,176.31776,0.0,11.0,2.0,2.0,51.0,23.628668
2021-08-18 04:00:00+00:00,25.324501,21.7245,26.053331,23.219301,3.9515834,0.0,20.0,18.900003,18.900003,63.0,23.074501
2021-08-19 04:00:00+00:00,25.924501,19.7745,25.945793,10.182337,293.21527,0.0,10.0,3.0,3.0,53.0,22.745333
2021-08-20 04:00:00+00:00,29.0245,20.0245,26.600386,9.028754,350.98788,0.0,5.0,2.6,2.6,61.0,23.74742
2021-08-21 04:00:00+00:00,29.674501,18.5245,27.147688,7.5685663,324.4621,0.0,0.0,0.0,0.0,3.0,24.134918
2021-08-22 04:00:00+00:00,28.8745,19.6245,27.514597,8.311245,325.09744,0.0,1.0,0.1,0.1,51.0,24.222414
2021-08-23 04:00:00+00:00,30.824501,21.4745,29.117447,16.279802,293.14648,0.0,3.0,1.5000001,1.5000001,55.0,25.489084
2021-08-24 04:00:00+00:00,32.274498,19.674501,29.018951,9.793058,266.3786,0.0,0.0,0.0,0.0,3.0,25.751585
2021-08-25 04:00:00+00:00,31.3745,21.3745,30.187746,6.9527545,197.04912,0.0,3.0,0.3,0.3,51.0,25.789085
2021-08-26 04:00:00+00:00,30.3745,21.8745,30.08174,8.28,218.77905,0.0,3.0,0.4,0.4,51.0,25.728668
2021-08-27 04:00:00+00:00,30.1245,22.1245,30.18911,6.489992,237.23152,0.0,5.0,3.3999999,3.3999999,61.0,25.701584
2021-08-28 04:00:00+00:00,31.2745,22.3745,31.00843,9.178235,190.35596,0.0,8.0,13.8,13.8,63.0,26.087
2021-08-29 04:00:00+00:00,30.9745,21.9745,30.087168,11.440978,196.51674,0.0,9.0,3.0,3.0,53.0,25.709915
2021-08-30 04:00:00+00:00,27.174501,22.174501,27.80781,13.75558,247.76326,0.0,13.0,9.3,9.3,61.0,24.291168
2021-08-31 04:00:00+00:00,23.174501,20.824501,25.561554,7.729527,172.80086,0.0,16.0,34.199997,34.199997,63.0,21.926588
2021-09-01 04:00:00+00:00,21.4745,17.924501,20.732317,24.098497,30.359785,0.0,17.0,41.0,41.0,65.0,19.876585
2021-09-02 04:00:00+00:00,23.6245,13.2745,17.007532,14.480773,340.307,0.0,0.0,0.0,0.0,0.0,18.014084
2021-09-03 04:00:00+00:00,23.3745,11.5745,17.253286,12.397806,14.61094,0.0,0.0,0.0,0.0,3.0,17.087
2021-09-04 04:00:00+00:00,25.824501,13.9244995,20.606388,8.287822,162.82399,0.0,0.0,0.0,0.0,3.0,19.514084
2021-09-05 04:00:00+00:00,24.674501,17.2245,22.337164,16.676977,239.26237,0.0,20.0,18.300003,18.300003,63.0,20.584917
2021-09-06 04:00:00+00:00,24.8745,14.374499,19.706148,21.313093,274.01904,0.0,1.0,0.2,0.2,51.0,19.705751
2021-09-07 04:00:00+00:00,26.3745,14.7745,21.203608,15.856354,200.62881,0.0,3.0,0.3,0.3,51.0,20.526583
2021-09-08 04:00:00+00:00,23.3745,17.674501,20.91272,18.79255,216.35896,0.0,6.0,2.4,2.4,53.0,20.287
2021-09-09 04:00:00+00:00,21.574501,13.374499,17.684761,19.201874,289.59622,0.0,4.0,3.3000002,3.3000002,63.0,17.572416
2021-09-10 04:00:00+00:00,21.7245,12.374499,16.395298,12.984975,303.07846,0.0,2.0,0.2,0.2,51.0,16.991167
2021-09-11 04:00:00+00:00,25.1245,12.374499,17.985014,16.870138,201.15889,0.0,0.0,0.0,0.0,3.0,18.547417
2021-09-12 04:00:00+00:00,28.824501,18.424501,23.350418,20.696087,222.5071,0.0,0.0,0.0,0.0,2.0,23.14325
2021-09-13 04:00:00+00:00,28.424501,19.8745,25.202972,15.546833,228.61159,0.0,1.0,1.1,1.1,55.0,23.34117
2021-09-14 04:00:00+00:00,29.324501,18.9745,25.776773,17.447933,200.9307,0.0,2.0,0.3,0.3,51.0,23.945333
2021-09-15 04:00:00+00:00,23.2745,17.8745,23.224693,17.727943,224.77179,0.0,14.0,27.1,27.1,63.0,21.24742
2021-09-16 04:00:00+00:00,25.824501,15.374499,21.996347,11.440978,65.10778,0.0,5.0,0.9,0.9,51.0,20.35575
2021-09-17 04:00:00+00:00,27.8745,18.074501,25.307573,9.585739,142.20308,0.0,2.0,0.2,0.2,51.0,22.557833
2021-09-18 04:00:00+00:00,27.9745,18.8745,25.711296,12.287555,325.79654,0.0,4.0,0.6,0.6,51.0,22.8495
2021-09-19 04:00:00+00:00,26.7245,17.1245,22.533823,9.227524,52.012672,0.0,0.0,0.0,0.0,3.0,21.309916
2021-09-20 04:00:00+00:00,27.9745,17.4745,23.559652,16.135872,140.30373,0.0,2.0,0.4,0.4,51.0,22.289083
2021-09-21 04:00:00+00:00,23.9745,18.5245,21.842115,15.617529,148.52014,0.0,4.0,5.8999996,5.8999996,63.0,21.047419
2021-09-22 04:00:00+00:00,28.2745,16.2745,22.739103,22.963936,154.15477,0.0,16.0,19.2,19.2,63.0,21.41825
2021-09-23 04:00:00+00:00,16.0245,12.7745,12.015495,23.708124,217.59999,0.0,5.0,1.0,1.0,51.0,14.489082
2021-09-24 04:00:00+00:00,21.574501,11.6744995,13.590821,17.873554,230.64622,0.0,0.0,0.0,0.0,1.0,15.901584
2021-09-25 04:00:00+00:00,21.8745,10.5745,13.863191,18.59845,217.89262,0.0,2.0,0.2,0.2,51.0,15.397414
2021-09-26 04:00:00+00:00,22.074501,9.7245,13.675746,19.9954,245.22977,0.0,0.0,0.0,0.0,2.0,15.859917
2021-09-27 04:00:00+00:00,26.2245,13.0245,17.60154,21.479664,211.62663,0.0,0.0,0.0,0.0,3.0,19.320333
2021-09-28 04:00:00+00:00,23.6245,13.7745,19.123901,19.602652,273.1486,0.0,12.0,23.8,23.8,65.0,19.297419
2021-09-29 04:00:00+00:00,21.1245,11.0245,14.615546,10.703569,13.740064,0.0,0.0,0.0,0.0,2.0,15.4557495
2021-09-30 04:00:00+00:00,21.1245,9.624499,13.914146,11.983188,342.7304,0.0,0.0,0.0,0.0,2.0,14.811999
2021-10-01 04:00:00+00:00,20.3745,8.9244995,13.981313,6.489992,68.875206,0.0,0.0,0.0,0.0,1.0,14.447417
2021-10-02 04:00:00+00:00,23.674501,9.1744995,15.3861,8.669949,188.87529,0.0,0.0,0.0,0.0,3.0,16.01825
2021-10-03 04:00:00+00:00,22.674501,16.4245,20.332613,15.807239,203.28908,0.0,11.0,5.399999,5.399999,61.0,19.220335
2021-10-04 04:00:00+00:00,22.5245,17.674501,21.323626,11.246759,206.6783,0.0,15.0,30.500002,30.500002,65.0,19.459917
2021-10-05 04:00:00+00:00,24.824501,15.1744995,20.99877,8.891343,75.1515,0.0,1.0,0.1,0.1,51.0,19.341167
2021-10-06 04:00:00+00:00,26.2745,16.2745,22.518507,10.195057,101.26556,0.0,4.0,1.9,1.9,61.0,20.643248
2021-10-07 04:00:00+00:00,25.824501,17.174501,23.01632,7.8954163,122.31369,0.0,7.0,2.5,2.5,53.0,20.770334
2021-10-08 04:00:00+00:00,25.074501,16.9745,22.477707,7.5685663,148.32458,0.0,13.0,13.0,13.0,63.0,20.451582
2021-10-09 04:00:00+00:00,22.074501,17.174501,19.98029,18.218275,148.87634,0.0,20.0,16.2,16.2,65.0,19.172417
2021-10-10 04:00:00+00:00,25.674501,15.624499,19.84662,13.0447235,133.23003,0.0,2.0,0.2,0.2,51.0,19.399498
2021-10-11 04:00:00+00:00,25.7745,14.5745,20.04082,15.807239,124.206024,0.0,0.0,0.0,0.0,3.0,19.470331
2021-10-12 04:00:00+00:00,25.9745,14.5745,20.016815,14.408997,171.94568,0.0,2.0,0.2,0.2,51.0,19.56825
2021-10-13 04:00:00+00:00,23.924501,15.0745,19.543367,12.031756,233.93188,0.0,1.0,0.1,0.1,51.0,18.822416
2021-10-14 04:00:00+00:00,27.3745,13.0245,20.914007,9.565437,202.89058,0.0,0.0,0.0,0.0,3.0,19.562002
2021-10-15 04:00:00+00:00,27.2245,18.2245,23.57553,17.873556,199.52025,0.0,8.0,9.700001,9.700001,63.0,21.8995
2021-10-16 04:00:00+00:00,20.3745,11.874499,14.897755,23.188583,270.5868,0.0,15.0,12.400002,12.400002,63.0,16.24325
2021-10-17 04:00:00+00:00,14.6744995,9.4745,7.7972646,27.36947,281.16907,0.0,0.0,0.0,0.0,3.0,11.547416
2021-10-18 04:00:00+00:00,16.4745,7.8745003,8.458522,20.808498,286.59396,0.0,0.0,0.0,0.0,3.0,11.836999
2021-10-19 04:00:00+00:00,20.924501,6.6745,11.096245,16.263872,250.08855,0.0,0.0,0.0,0.0,0.0,13.257833
2021-10-20 04:00:00+00:00,21.174501,9.874499,13.375369,14.973577,236.63878,0.0,0.0,0.0,0.0,3.0,15.218249
2021-10-21 04:00:00+00:00,22.0245,11.5245,14.217452,25.72174,218.96367,0.0,7.0,6.8,6.8,63.0,15.768252
2021-10-22 04:00:00+00:00,13.374499,10.9244995,10.242364,13.797913,262.492,0.0,8.0,1.8000001,1.8000001,53.0,12.007833
2021-10-23 04:00:00+00:00,12.1744995,8.1245,7.916037,11.659777,271.9811,0.0,9.0,4.7,4.7,61.0,9.7245
2021-10-24 04:00:00+00:00,16.074501,8.7745,11.465408,14.480773,153.0426,0.0,10.0,7.0000005,7.0000005,63.0,12.384918
2021-10-25 04:00:00+00:00,21.0245,12.4244995,14.324395,16.563911,191.30988,0.0,5.0,2.9999998,2.9999998,61.0,15.751583
2021-10-26 04:00:00+00:00,13.0245,8.3245,6.425302,27.776047,312.28857,0.0,8.0,2.1000001,2.1000001,53.0,10.087
2021-10-27 04:00:00+00:00,14.374499,8.4244995,8.568123,17.610588,313.76617,0.0,0.0,0.0,0.0,3.0,10.739082
2021-10-28 04:00:00+00:00,19.2745,7.0245004,10.822967,17.447933,97.166145,0.0,2.0,1.1,1.1,53.0,12.678666
2021-10-29 04:00:00+00:00,13.3245,9.4745,10.161794,21.129885,83.07576,0.0,19.0,27.199999,27.199999,63.0,12.034915
2021-10-30 04:00:00+00:00,15.3245,8.1744995,10.5359535,9.885262,104.792435,0.0,14.0,8.599999,8.599999,61.0,11.282832
2021-10-31 04:00:00+00:00,15.6744995,11.0245,9.991944,22.608458,270.05905,0.0,12.0,3.4999993,3.4999993,61.0,12.457833
2021-11-01 04:00:00+00:00,11.9244995,5.9745,5.6801553,19.33639,279.51993,0.0,0.0,0.0,0.0,3.0,9.274501
2021-11-02 04:00:00+00:00,9.0745,3.8745,3.2990677,17.654688,272.00525,0.0,0.0,0.0,0.0,3.0,7.168249
2021-11-03 04:00:00+00:00,8.3245,1.1745,0.98225856,13.830749,294.61566,0.0,0.0,0.0,0.0,3.0,4.737
2021-11-04 04:00:00+00:00,8.9244995,-0.82549995,1.2072692,10.483357,5.4402094,0.0,0.0,0.0,0.0,3.0,4.284916
2021-11-05 04:00:00+00:00,8.4244995,-0.57549995,0.5785486,9.19939,43.26432,0.0,0.0,0.0,0.0,3.0,3.4453328
2021-11-06 04:00:00+00:00,11.4745,-1.0255,1.4239898,8.404285,113.31776,0.0,0.0,0.0,0.0,0.0,4.497417
2021-11-07 04:00:00+00:00,13.374499,-1.5755,2.5874717,8.217153,206.45729,0.0,0.0,0.0,0.0,0.0,5.4161663
2021-11-08 04:00:00+00:00,17.574501,2.3745,6.3664546,13.237039,211.46121,0.0,0.0,0.0,0.0,2.0,8.914084
2021-11-09 04:00:00+00:00,18.4745,6.9245,9.709616,11.298495,221.16658,0.0,0.0,0.0,0.0,3.0,11.957833
2021-11-10 04:00:00+00:00,15.0245,8.0245,8.999566,12.682018,349.60574,0.0,0.0,0.0,0.0,3.0,11.089084
2021-11-11 04:00:00+00:00,20.1245,8.5245,11.272611,25.455843,137.19435,0.0,2.0,1.0,1.0,53.0,14.116166
2021-11-12 04:00:00+00:00,17.2745,6.7245,7.7005496,25.72174,221.49458,0.0,7.0,7.7,7.7,63.0,11.1849165
2021-11-13 04:00:00+00:00,7.9745,2.4245,0.30688143,26.727423,254.48637,0.0,6.0,1.4000001,1.4000001,51.0,5.0432506
2021-11-14 04:00:00+00:00,4.5745,1.2745,-1.6953226,20.140705,218.97029,1.19,10.0,3.7,2.0,73.0,2.614083
2021-11-15 04:00:00+00:00,5.4745,1.0745001,-2.0442588,25.006397,260.48236,0.42,12.0,1.5000002,0.9000001,71.0,2.9786663
2021-11-16 04:00:00+00:00,9.2745,-0.7755,0.63117635,8.891344,229.81696,0.0,0.0,0.0,0.0,3.0,3.73075
2021-11-17 04:00:00+00:00,19.6245,2.4745,9.375649,25.305208,193.68465,0.0,3.0,0.4,0.4,51.0,11.655749
2021-11-18 04:00:00+00:00,14.9745,3.7245,6.9914975,19.376562,239.89952,0.0,8.0,7.1,7.1,63.0,10.191167
2021-11-19 04:00:00+00:00,3.6245,-1.3255,-3.1478722,19.839235,276.43927,0.0,0.0,0.0,0.0,3.0,1.61825
2021-11-20 04:00:00+00:00,8.9745,-2.6255,-0.9626619,13.363711,159.29485,0.0,0.0,0.0,0.0,3.0,2.88075
2021-11-21 04:00:00+00:00,7.5245004,2.0245,1.9585291,13.684735,193.21004,0.0,10.0,4.1,4.1,53.0,5.287
2021-11-22 04:00:00+00:00,6.6245003,0.4745,-1.0578718,19.319628,292.75687,0.0,1.0,0.1,0.1,51.0,3.3432503
2021-11-23 04:00:00+00:00,3.5245,-3.4755,-4.622346,14.512064,283.7878,0.0,0.0,0.0,0.0,3.0,-0.12758343
2021-11-24 04:00:00+00:00,8.0245,-3.0755,-2.5977414,11.212135,187.08788,0.0,0.0,0.0,0.0,3.0,1.4953333
2021-11-25 04:00:00+00:00,9.5245,3.4245,2.6486254,17.148247,213.65196,0.0,8.0,2.0,2.0,53.0,6.559917
2021-11-26 04:00:00+00:00,6.8245,-1.7755,-4.692516,28.241077,283.4469,0.0,5.0,2.6000001,2.6000001,55.0,1.0307502
2021-11-27 04:00:00+00:00,3.5245,-2.1255,-4.435644,17.294992,249.41113,0.84000003,6.0,1.1000001,0.0,73.0,0.08074993
2021-11-28 04:00:00+00:00,5.6245003,-0.3255,-1.5477039,20.957443,258.63364,1.19,9.0,2.2,0.6,73.0,2.8849165
2021-11-29 04:00:00+00:00,4.0245,-1.5255,-3.2325191,17.373497,277.89365,0.07,1.0,0.1,0.0,71.0,1.3245
2021-11-30 04:00:00+00:00,8.874499,0.2245,-0.41524398,21.26744,234.00357,0.56,3.0,0.8,0.0,73.0,3.98075
2021-12-01 04:00:00+00:00,8.9244995,1.7744999,2.3011057,14.154915,193.69005,0.0,5.0,1.9000001,1.9000001,53.0,5.3557506
2021-12-02 04:00:00+00:00,14.1744995,6.7245,6.6099725,32.730316,243.09093,0.0,5.0,2.7,2.7,55.0,10.4036665
2021-12-03 04:00:00+00:00,6.0245004,1.8745,1.0215721,15.0038395,287.4159,0.0,2.0,0.3,0.3,51.0,4.3474164
2021-12-04 04:00:00+00:00,9.5245,0.12450001,1.2694899,15.5843,297.10938,0.0,0.0,0.0,0.0,3.0,4.7515836
2021-12-05 04:00:00+00:00,10.8245,-0.2755,1.5356601,20.418695,137.48218,0.0,0.0,0.0,0.0,3.0,5.3182497
2021-12-06 04:00:00+00:00,12.4244995,-0.5255,4.2071643,28.082308,228.65677,0.0,9.0,13.8,13.8,63.0,8.609916
2021-12-07 04:00:00+00:00,0.7245,-4.2755,-6.2183266,16.563911,259.233,0.0,0.0,0.0,0.0,3.0,-1.6171666
2021-12-08 04:00:00+00:00,0.87450004,-2.8255,-5.033917,16.919998,246.59283,0.35,5.0,0.5,0.0,71.0,-0.89425
2021-12-09 04:00:00+00:00,4.3745003,-3.3755,-3.5453327,15.141414,149.49393,0.0,0.0,0.0,0.0,3.0,0.2786666
2021-12-10 04:00:00+00:00,14.4745,4.1745,7.00073,12.4811535,184.07104,0.0,4.0,1.9000001,1.9000001,55.0,9.587
2021-12-11 04:00:00+00:00,17.8745,3.5245,8.902447,37.641953,221.98398,0.0,18.0,18.500002,18.500002,63.0,12.493248
2021-12-12 04:00:00+00:00,7.2245,-0.6755,-2.0765758,19.45333,246.9232,0.0,0.0,0.0,0.0,0.0,2.7828333
2021-12-13 04:00:00+00:00,9.5245,-1.0255,-0.81531507,15.7908325,213.41194,0.0,0.0,0.0,0.0,3.0,3.5349166
2021-12-14 04:00:00+00:00,9.874499,-1.2255001,0.8968277,12.43434,105.65584,0.0,0.0,0.0,0.0,3.0,4.03075
2021-12-15 04:00:00+00:00,12.7745,3.9745,4.461723,15.188415,156.10486,0.0,2.0,0.3,0.3,51.0,8.243249
2021-12-16 04:00:00+00:00,17.574501,10.9244995,10.44202,22.104116,210.87106,0.0,2.0,0.3,0.3,51.0,14.043248
2021-12-17 04:00:00+00:00,13.2745,1.9245,2.815544,18.0,278.75626,0.0,1.0,0.1,0.1,51.0,6.2599177
2021-12-18 04:00:00+00:00,13.7245,4.1245003,5.3425465,20.371038,267.7321,0.0,22.0,14.899999,14.899999,63.0,7.6390834
2021-12-19 04:00:00+00:00,3.8745,-0.6755,-3.159299,19.406637,335.57776,0.0,0.0,0.0,0.0,3.0,1.3953334
2021-12-20 04:00:00+00:00,5.0245004,-3.0255,-3.4679444,10.383987,189.49156,0.0,0.0,0.0,0.0,3.0,0.23908328
2021-12-21 04:00:00+00:00,6.3745003,-2.8755,-2.95924,12.682018,186.09996,0.0,0.0,0.0,0.0,3.0,0.6119999
2021-12-22 04:00:00+00:00,1.9745,-4.1755,-5.3583074,24.033876,274.01517,0.0,0.0,0.0,0.0,3.0,-0.2650833
2021-12-23 04:00:00+00:00,6.0245004,-5.1755,-5.7445965,19.33639,208.88649,0.0,0.0,0.0,0.0,3.0,-1.0609162
2021-12-24 04:00:00+00:00,13.0745,6.7745004,5.914864,18.947083,207.75844,0.0,1.0,0.1,0.1,51.0,9.712
2021-12-25 04:00:00+00:00,15.374499,8.0745,10.470874,22.961115,242.654,0.0,18.0,12.5,12.5,63.0,12.728665
2021-12-26 04:00:00+00:00,9.9745,1.5745001,2.2169948,12.10157,308.43732,0.0,0.0,0.0,0.0,3.0,5.38075
2021-12-27 04:00:00+00:00,12.8245,-0.4755,2.017635,21.734581,111.06353,0.07,15.0,17.5,17.4,71.0,5.2495
2021-12-28 04:00:00+00:00,11.8245,3.2245,2.8173933,18.971008,340.73062,0.0,7.0,13.6,13.6,63.0,5.93075
2021-12-29 04:00:00+00:00,10.4745,4.8245,6.1353717,18.581022,252.55774,0.0,4.0,7.2,7.2,63.0,8.045333
2021-12-30 04:00:00+00:00,13.124499,5.7245,6.9080386,12.538134,250.17744,0.0,6.0,1.2,1.2,51.0,8.4974165
2021-12-31 04:00:00+00:00,12.4745,5.1245003,7.2128253,12.313894,204.46385,0.0,3.0,0.4,0.4,51.0,9.164083
2022-01-01 04:00:00+00:00,13.4745,11.0245,11.417815,17.208603,199.13847,0.0,23.0,32.6,32.6,63.0,12.205749
2022-01-02 04:00:00+00:00,10.374499,-1.1754999,1.1652122,17.826363,310.8375,0.0,4.0,0.90000004,0.90000004,53.0,4.609916
2022-01-03 04:00:00+00:00,-0.5255,-4.7254996,-7.7705846,18.0036,337.9918,0.0,0.0,0.0,0.0,3.0,-2.81925
2022-01-04 04:00:00+00:00,4.2245,-5.1254997,-5.7001586,16.62249,186.9603,0.0,0.0,0.0,0.0,3.0,-1.2921664
2022-01-05 04:00:00+00:00,9.9244995,1.5244999,-0.63001615,36.656414,218.70834,0.0,0.0,0.0,0.0,3.0,5.176584
2022-01-06 04:00:00+00:00,0.7745,-7.2755,-9.053354,20.188908,262.69034,2.7299998,7.0,3.8,0.0,73.0,-4.1025834
2022-01-07 04:00:00+00:00,-4.1254997,-7.2254996,-11.924011,23.241617,277.59454,0.98,5.0,1.4000001,0.0,73.0,-5.821333
2022-01-08 04:00:00+00:00,3.3244998,-10.4255,-9.171123,12.768586,167.44363,0.0,0.0,0.0,0.0,3.0,-4.302583
2022-01-09 04:00:00+00:00,5.2745004,-1.8755,-0.92212695,20.620806,232.14984,0.0,15.0,13.6,13.6,63.0,3.322417
2022-01-10 04:00:00+00:00,-2.6255,-7.6754994,-11.491109,22.682856,274.323,0.0,0.0,0.0,0.0,3.0,-5.3379993
2022-01-11 04:00:00+00:00,-2.7255,-9.7255,-12.187682,21.09305,267.88715,0.07,1.0,0.1,0.0,71.0,-6.648416
2022-01-12 04:00:00+00:00,7.1745,-4.1755,-4.2297807,20.592503,221.61926,0.0,0.0,0.0,0.0,3.0,1.2765834
2022-01-13 04:00:00+00:00,6.5245004,-1.1754999,-1.218756,9.9571085,180.16049,0.21000001,12.0,4.2999997,4.0000005,71.0,2.0036666
2022-01-14 04:00:00+00:00,2.0245,-2.6755002,-3.6518106,15.39184,345.8104,0.0,0.0,0.0,0.0,3.0,0.6078333
2022-01-15 04:00:00+00:00,-3.4255002,-9.4255,-11.751273,12.7279215,29.080927,0.0,0.0,0.0,0.0,3.0,-6.6650834
2022-01-16 04:00:00+00:00,0.2245,-8.7255,-10.939731,20.316889,78.063866,5.8099995,8.0,8.5,0.19999993,75.0,-5.365083
2022-01-17 04:00:00+00:00,0.17449999,-5.0255,-8.605248,33.00436,294.06442,8.469999,16.0,12.099999,0.0,75.0,-2.5734167
2022-01-18 04:00:00+00:00,0.7245,-6.5255,-7.8413734,18.72346,250.6776,0.21000001,2.0,0.3,0.0,71.0,-2.8109167
2022-01-19 04:00:00+00:00,7.6245003,-6.6254997,-2.2177398,18.837322,220.05952,0.0,1.0,0.1,0.1,51.0,2.2870002
2022-01-20 04:00:00+00:00,1.1245,-11.8255005,-10.160274,16.73516,344.38583,0.42,6.0,0.6,0.0,71.0,-5.2505
2022-01-21 04:00:00+00:00,-6.9754996,-18.075499,-17.515078,11.808878,41.134422,0.0,0.0,0.0,0.0,3.0,-12.598418
2022-01-22 04:00:00+00:00,-2.6755002,-16.075499,-13.092183,14.57889,200.24057,0.0,0.0,0.0,0.0,3.0,-8.340085
2022-01-23 04:00:00+00:00,-1.4254999,-6.7755,-9.025514,16.981165,238.72807,2.94,12.0,4.2000003,0.0,73.0,-4.2046666
2022-01-24 04:00:00+00:00,-0.12550002,-9.2755,-9.692605,13.830749,209.8633,2.4499998,9.0,3.5000002,0.0,73.0,-5.221333
2022-01-25 04:00:00+00:00,0.024500012,-12.0255,-8.697259,14.904173,296.0186,0.56,6.0,0.8000001,0.0,71.0,-4.146333
2022-01-26 04:00:00+00:00,-7.0755,-16.7755,-16.08896,11.966954,270.36108,0.0,0.0,0.0,0.0,3.0,-11.402583
2022-01-27 04:00:00+00:00,0.7745,-22.5255,-15.3105545,11.440979,195.45697,0.28,3.0,0.4,0.0,71.0,-10.448417
2022-01-28 04:00:00+00:00,-0.5255,-9.0755005,-7.241913,15.2947035,319.35428,1.9600004,15.0,2.7999995,0.0,73.0,-3.0609167
2022-01-29 04:00:00+00:00,-7.1254997,-17.4755,-17.778667,15.496736,321.95013,0.0,0.0,0.0,0.0,3.0,-12.463001
2022-01-30 04:00:00+00:00,-3.2255,-21.2255,-16.981474,10.383987,136.18845,0.07,1.0,0.1,0.0,71.0,-12.412999
2022-01-31 04:00:00+00:00,2.8745,-17.325499,-12.265506,10.315115,55.634693,0.0,0.0,0.0,0.0,3.0,-8.021335
2022-02-01 04:00:00+00:00,8.0245,-9.6755,-6.244112,14.689588,135.39151,0.0,0.0,0.0,0.0,3.0,-1.9317502
2022-02-02 04:00:00+00:00,5.8745003,-4.9255,-2.2231472,14.044615,153.63467,0.0,4.0,2.5,2.5,55.0,1.3994999
2022-02-03 04:00:00+00:00,5.9745,0.4245,-0.40926254,17.654686,332.6634,0.0,24.0,32.799995,32.799995,63.0,2.9995003
2022-02-04 04:00:00+00:00,-0.07550001,-5.4255,-8.389835,15.39184,332.84195,5.7400007,24.0,19.300005,11.1,75.0,-3.7025836
2022-02-05 04:00:00+00:00,-4.9255,-9.875501,-12.159256,14.799459,285.69968,0.42,5.0,0.6,0.0,71.0,-7.3755
2022-02-06 04:00:00+00:00,4.3745003,-13.2755,-9.640045,10.464797,146.51932,0.0,0.0,0.0,0.0,3.0,-5.0255
2022-02-07 04:00:00+00:00,6.6245003,-8.2755,-5.9389133,11.367109,205.6456,0.0,0.0,0.0,0.0,3.0,-1.6400833
2022-02-08 04:00:00+00:00,0.6745,-5.8255,-7.8887267,14.689589,253.30066,0.07,1.0,0.1,0.0,71.0,-3.2734165
2022-02-09 04:00:00+00:00,11.5745,-5.1254997,-0.9628415,22.183128,201.82483,0.0,1.0,0.8,0.8,53.0,3.641167
2022-02-10 04:00:00+00:00,6.2245,-1.5755,-1.7187375,26.903828,246.19858,0.07,2.0,0.2,0.1,71.0,3.05575
2022-02-11 04:00:00+00:00,15.0245,-2.9755,0.8205487,29.810522,211.08665,0.0,0.0,0.0,0.0,3.0,5.551583
2022-02-12 04:00:00+00:00,7.8745003,-3.0755,-1.7906843,21.605999,277.40326,0.0,5.0,0.8,0.8,51.0,2.9265835
2022-02-13 04:00:00+00:00,-2.1255,-6.8255,-8.744834,15.408671,311.69653,0.28,4.0,0.4,0.0,71.0,-4.2192497
2022-02-14 04:00:00+00:00,-3.3755,-9.125501,-11.8810425,16.704155,302.40118,0.07,1.0,0.1,0.0,71.0,-6.7359166
2022-02-15 04:00:00+00:00,3.6745,-8.0755005,-7.533337,11.923557,156.96315,0.0,0.0,0.0,0.0,3.0,-3.292167
2022-02-16 04:00:00+00:00,15.624499,-2.0255,2.3052585,26.7565,183.81396,0.0,0.0,0.0,0.0,3.0,7.184916
2022-02-17 04:00:00+00:00,13.874499,10.8245,8.719157,28.594517,193.41331,0.0,15.0,35.399998,35.399998,63.0,12.195333
2022-02-18 04:00:00+00:00,15.7745,-4.9754996,-6.093565,39.047966,279.088,0.21000001,6.0,4.6,4.3,71.0,-0.5067501
2022-02-19 04:00:00+00:00,-0.42549998,-7.4754996,-10.312293,34.152596,261.8245,0.49,3.0,0.7,0.0,73.0,-3.9317496
2022-02-20 04:00:00+00:00,10.0745,-7.7755,-5.4578533,19.386593,196.4016,0.0,0.0,0.0,0.0,3.0,-0.07133317
2022-02-21 04:00:00+00:00,16.0245,1.3745,4.2754607,16.071491,187.76508,0.0,0.0,0.0,0.0,3.0,8.264083
2022-02-22 04:00:00+00:00,16.1245,7.5745,8.801484,29.05983,194.60521,0.0,14.0,18.300001,18.300001,63.0,11.678666
2022-02-23 04:00:00+00:00,15.3245,-1.3255,2.5179706,24.522314,285.82965,0.0,6.0,1.3000001,1.3000001,53.0,6.5890827
2022-02-24 04:00:00+00:00,3.5245,-3.3755,-5.0182896,15.893093,56.740883,0.0,5.0,5.3,5.3,63.0,-0.4755
2022-02-25 04:00:00+00:00,4.8745003,-3.2255,-3.3518333,26.478973,277.90704,0.07,11.0,20.300001,20.2,71.0,1.5245003
2022-02-26 04:00:00+00:00,3.4745,-4.0255,-6.3405094,15.328561,265.4938,0.0,0.0,0.0,0.0,3.0,-1.3880001
2022-02-27 04:00:00+00:00,8.2245,-4.0255,-4.315596,26.64,259.1977,0.0,0.0,0.0,0.0,3.0,1.05575
2022-02-28 04:00:00+00:00,6.1745,-3.9754999,-2.9879906,12.57426,314.80954,0.0,0.0,0.0,0.0,3.0,0.6974166
2022-03-01 04:00:00+00:00,13.2245,-0.12550002,2.0064876,19.64228,233.06006,0.0,4.0,1.7,1.7,53.0,6.1911674
2022-03-02 04:00:00+00:00,11.5245,-1.1255,2.833065,15.496736,274.59668,0.0,5.0,2.7,2.7,61.0,5.89325
2022-03-03 04:00:00+00:00,8.3245,-4.9754996,-3.968608,20.808498,332.18573,0.14,6.0,3.4999995,3.2999997,71.0,0.6807503
2022-03-04 04:00:00+00:00,6.9745,-6.1755,-4.633264,9.504273,43.427658,0.0,0.0,0.0,0.0,3.0,-0.8234165
2022-03-05 04:00:00+00:00,20.924501,-0.6255,4.7524548,16.93531,131.31187,0.0,0.0,0.0,0.0,3.0,8.093249
2022-03-06 04:00:00+00:00,20.2745,13.9745,13.525786,32.839027,220.6437,0.0,10.0,3.7999997,3.7999997,61.0,16.54325
2022-03-07 04:00:00+00:00,18.4745,3.6245,10.369834,33.50128,239.40605,0.0,19.0,16.1,16.1,63.0,12.909916
2022-03-08 04:00:00+00:00,6.4245,1.1245,-0.92911226,18.455048,300.27957,0.49,6.0,1.1,0.40000004,71.0,3.05575
2022-03-09 04:00:00+00:00,5.3245,0.3245,-1.1306802,14.081477,326.62436,3.1499999,13.0,6.8999996,2.3999999,75.0,2.2890837
2022-03-10 04:00:00+00:00,10.8245,-3.0755,0.2722704,9.0,257.71167,0.0,0.0,0.0,0.0,3.0,3.2099168
2022-03-11 04:00:00+00:00,14.124499,-0.72550005,2.1817038,22.476227,254.49606,0.35,1.0,0.8,0.3,73.0,5.776584
2022-03-12 04:00:00+00:00,1.3745,-8.5755005,-10.583638,31.151962,308.08704,10.36,14.0,15.000002,0.20000005,75.0,-4.3525834
2022-03-13 04:00:00+00:00,2.0245,-13.5255,-11.1501,22.751316,223.03683,0.14,2.0,0.2,0.0,71.0,-5.6275845
2022-03-14 04:00:00+00:00,11.5245,-2.7255,0.5976766,16.055355,208.21054,0.0,0.0,0.0,0.0,3.0,4.497416
2022-03-15 04:00:00+00:00,16.2745,2.8745,6.160394,18.089775,221.36171,0.0,0.0,0.0,0.0,3.0,9.328667
2022-03-16 04:00:00+00:00,19.8745,3.1245,9.689332,11.090103,166.08601,0.0,0.0,0.0,0.0,3.0,11.787
2022-03-17 04:00:00+00:00,19.324501,7.0745,11.823482,11.212135,190.49745,0.0,1.0,0.1,0.1,51.0,13.307836
2022-03-18 04:00:00+00:00,21.4745,7.3745003,12.785728,16.343367,169.79366,0.0,3.0,9.5,9.5,63.0,14.537
2022-03-19 04:00:00+00:00,17.4745,8.3745,9.937493,32.35997,227.52084,0.0,5.0,2.3,2.3,61.0,13.0182495
2022-03-20 04:00:00+00:00,11.7745,4.3745003,2.258979,24.881702,283.54907,0.0,11.0,2.2000003,2.2000003,51.0,6.939083
2022-03-21 04:00:00+00:00,17.7745,2.4745,6.6270847,14.345898,274.14127,0.0,0.0,0.0,0.0,3.0,9.555751
2022-03-22 04:00:00+00:00,11.7245,4.5245004,5.59619,16.575644,59.484818,0.0,3.0,0.8000001,0.8000001,53.0,8.553668
2022-03-23 04:00:00+00:00,15.4745,7.1245003,7.1642017,25.35637,116.87089,0.0,11.0,9.700001,9.700001,63.0,10.787
2022-03-24 04:00:00+00:00,16.674501,7.2745004,9.711843,20.188908,225.96725,0.0,6.0,3.1,3.1,55.0,12.3932495
2022-03-25 04:00:00+00:00,8.1245,3.1245,1.8928415,23.34455,243.0559,0.0,8.0,2.0,2.0,51.0,5.9995008
2022-03-26 04:00:00+00:00,5.9745,1.1745,-1.931367,29.59235,264.6326,2.59,15.0,4.7999997,1.1,75.0,3.49325
2022-03-27 04:00:00+00:00,1.0745001,-3.8755,-7.502627,26.758923,284.4447,0.97999996,11.0,1.4000001,0.0,71.0,-1.288
2022-03-28 04:00:00+00:00,-1.5755,-6.0755,-10.005893,31.682043,307.01135,1.05,11.0,1.5000001,0.0,71.0,-4.0296664
2022-03-29 04:00:00+00:00,6.2745004,-6.9754996,-5.1942706,11.885453,298.2209,0.0,0.0,0.0,0.0,3.0,-1.1630002
2022-03-30 04:00:00+00:00,23.924501,-0.8755,6.6481767,22.476227,138.48944,0.0,2.0,1.9,1.9,55.0,9.9745
2022-03-31 04:00:00+00:00,20.5245,8.0745,12.92247,31.160282,221.11078,0.0,12.0,8.5,8.5,63.0,16.189085
2022-04-01 04:00:00+00:00,7.6245003,2.5245,-0.575677,29.374763,276.8326,0.14,12.0,1.9000001,1.7000002,71.0,4.822417
2022-04-02 04:00:00+00:00,10.8245,-0.6255,2.6383908,12.397806,247.38002,0.0,0.0,0.0,0.0,3.0,5.2640834
2022-04-03 04:00:00+00:00,7.9245,2.3245,1.046057,26.486313,291.8843,0.0,9.0,3.1999996,3.1999996,55.0,5.474499
2022-04-04 04:00:00+00:00,8.3745,-1.8755,0.5959981,10.086427,177.03517,0.0,2.0,0.70000005,0.70000005,51.0,3.6432502
2022-04-05 04:00:00+00:00,17.424501,1.1745,6.8505034,13.392774,142.56963,0.0,7.0,8.799999,8.799999,63.0,8.93075
2022-04-06 04:00:00+00:00,18.3745,8.7745,10.905193,21.67487,127.09295,0.0,14.0,19.700003,19.700003,63.0,12.9557495
2022-04-07 04:00:00+00:00,14.0745,6.6745,8.468322,21.398056,222.85622,0.0,19.0,20.800001,20.800001,63.0,10.443249
2022-04-08 04:00:00+00:00,11.0245,1.5244999,2.6379416,19.228851,228.23747,0.28,6.0,1.8,1.4,73.0,5.9245
2022-04-09 04:00:00+00:00,7.7245,1.8245001,0.7402646,16.1198,253.17253,0.84000003,15.0,4.8,3.6,73.0,4.557834
2022-04-10 04:00:00+00:00,11.374499,1.2745,0.49487945,23.277834,288.75092,0.14,7.0,0.90000004,0.70000005,71.0,4.987
2022-04-11 04:00:00+00:00,18.4745,1.4245,7.194715,19.85556,175.93013,0.0,9.0,9.6,9.6,63.0,9.5245
2022-04-12 04:00:00+00:00,20.8745,9.624499,13.496101,16.299694,198.18094,0.0,6.0,2.6,2.6,53.0,14.549502
2022-04-13 04:00:00+00:00,25.4745,11.624499,17.257492,23.090569,189.8397,0.0,3.0,1.0,1.0,53.0,18.397415
2022-04-14 04:00:00+00:00,18.174501,9.7745,11.341264,30.248568,241.34718,0.0,6.0,2.0,2.0,53.0,14.237
2022-04-15 04:00:00+00:00,19.7745,5.0245004,8.518849,29.28418,220.17049,0.0,0.0,0.0,0.0,3.0,13.114083
2022-04-16 04:00:00+00:00,14.8245,6.0745,7.99106,22.45315,277.0558,0.0,15.0,9.700001,9.700001,61.0,11.170331
2022-04-17 04:00:00+00:00,8.3245,1.8245001,0.78794175,17.917007,345.6752,0.14,2.0,0.2,0.0,71.0,4.653667
2022-04-18 04:00:00+00:00,5.4745,1.9745,-0.9606955,21.413193,127.06318,0.77,12.0,15.799999,14.7,73.0,3.637
2022-04-19 04:00:00+00:00,8.0245,1.1245,-1.5385585,27.77838,274.51846,0.84,11.0,1.9000001,0.70000005,73.0,3.657833
2022-04-20 04:00:00+00:00,13.6744995,-1.3755,3.6228325,12.55879,189.46228,0.0,0.0,0.0,0.0,3.0,6.297416
2022-04-21 04:00:00+00:00,17.1245,7.7745004,9.4470415,21.203358,201.28644,0.0,8.0,5.099999,5.099999,63.0,12.118249
2022-04-22 04:00:00+00:00,18.324501,5.6745,11.666791,11.792404,343.62396,0.0,0.0,0.0,0.0,3.0,12.974499
2022-04-23 04:00:00+00:00,27.3745,9.2245,17.072172,15.137133,145.90121,0.0,1.0,0.5,0.5,53.0,17.716167
2022-04-24 04:00:00+00:00,27.5245,14.0245,20.691996,16.075521,209.9472,0.0,0.0,0.0,0.0,3.0,20.712
2022-04-25 04:00:00+00:00,27.0245,14.124499,20.565248,21.599998,208.6169,0.0,4.0,4.6,4.6,61.0,20.678669
2022-04-26 04:00:00+00:00,16.2245,7.5745,9.520104,19.966211,293.50436,0.0,8.0,2.8999999,2.8999999,61.0,11.878667
2022-04-27 04:00:00+00:00,7.1245003,0.7245,-0.072542734,22.79684,296.54367,0.0,0.0,0.0,0.0,3.0,5.1495
2022-04-28 04:00:00+00:00,12.2245,-1.5755,1.3271949,14.081477,329.88162,0.0,0.0,0.0,0.0,3.0,4.837
2022-04-29 04:00:00+00:00,16.2745,-0.42549998,5.599457,9.107359,37.297302,0.0,0.0,0.0,0.0,3.0,8.087
2022-04-30 04:00:00+00:00,19.6245,4.0245,9.00011,12.599998,70.172745,0.0,1.0,0.9,0.9,53.0,11.870334
2022-05-01 04:00:00+00:00,20.0245,10.124499,14.20393,18.391735,151.67265,0.0,14.0,28.800003,28.800003,63.0,14.932834
2022-05-02 04:00:00+00:00,18.2245,10.3245,11.873291,16.93531,277.64154,0.0,0.0,0.0,0.0,3.0,13.69325
2022-05-03 04:00:00+00:00,24.324501,9.2745,15.300205,14.693999,111.124756,0.0,8.0,14.0,14.0,63.0,15.88075
2022-05-04 04:00:00+00:00,17.1245,13.2745,14.987126,18.278645,281.02707,0.0,9.0,3.3,3.3,61.0,16.007833
2022-05-05 04:00:00+00:00,20.2745,8.5745,13.674671,10.538843,48.172874,0.0,1.0,0.1,0.1,51.0,14.774501
2022-05-06 04:00:00+00:00,14.7745,11.2745,12.560964,22.427162,64.517,0.0,24.0,53.6,53.6,65.0,13.65575
2022-05-07 04:00:00+00:00,11.7745,8.9745,7.271505,24.312662,64.23076,0.0,20.0,21.400002,21.400002,63.0,10.303666
2022-05-08 04:00:00+00:00,17.6245,4.1745,9.235245,12.864649,71.59708,0.0,0.0,0.0,0.0,3.0,11.214082
2022-05-09 04:00:00+00:00,20.2245,5.9245,11.24319,13.0447235,103.87199,0.0,0.0,0.0,0.0,3.0,13.434917
2022-05-10 04:00:00+00:00,23.074501,8.7745,13.808376,12.371645,108.520515,0.0,0.0,0.0,0.0,3.0,15.874501
2022-05-11 04:00:00+00:00,24.7745,8.7745,16.277575,11.983188,73.44641,0.0,0.0,0.0,0.0,3.0,17.282833
2022-05-12 04:00:00+00:00,27.424501,10.124499,18.39946,18.455048,107.702545,0.0,0.0,0.0,0.0,3.0,18.895332
2022-05-13 04:00:00+00:00,25.8745,14.9745,20.676033,17.906157,114.40895,0.0,8.0,2.1000001,2.1000001,55.0,19.95575
2022-05-14 04:00:00+00:00,25.924501,13.624499,21.393692,10.009036,143.81635,0.0,4.0,3.5,3.5,61.0,19.832834
2022-05-15 04:00:00+00:00,25.924501,14.9745,21.592806,9.422101,221.60017,0.0,7.0,0.90000004,0.90000004,51.0,20.114084
2022-05-16 04:00:00+00:00,20.674501,12.5745,16.16778,21.2522,271.78693,0.0,9.0,10.900001,10.900001,63.0,16.778666
2022-05-17 04:00:00+00:00,21.174501,10.7245,13.555409,23.068108,294.36734,0.0,0.0,0.0,0.0,3.0,15.626583
2022-05-18 04:00:00+00:00,17.7245,8.624499,12.600612,12.0694,114.17559,0.0,8.0,7.1000004,7.1000004,61.0,13.732833
2022-05-19 04:00:00+00:00,24.2745,14.0745,18.578947,23.319553,242.62717,0.0,8.0,1.7000002,1.7000002,53.0,18.826582
2022-05-20 04:00:00+00:00,28.2245,16.3745,22.057602,22.077717,192.40477,0.0,3.0,11.9,11.9,63.0,21.539083
2022-05-21 04:00:00+00:00,30.924501,19.5245,26.160894,19.469976,224.7968,0.0,0.0,0.0,0.0,3.0,24.862001
2022-05-22 04:00:00+00:00,25.2245,13.0745,20.301245,21.986542,270.59064,0.0,6.0,5.9,5.9,63.0,19.709915
2022-05-23 04:00:00+00:00,17.324501,11.1744995,13.109058,11.525623,39.193253,0.0,0.0,0.0,0.0,3.0,14.420334
2022-05-24 04:00:00+00:00,21.6245,11.124499,16.044054,12.641076,90.89827,0.0,0.0,0.0,0.0,3.0,16.709917
2022-05-25 04:00:00+00:00,24.4745,12.6744995,17.344538,19.969458,123.7637,0.0,0.0,0.0,0.0,3.0,18.101582
2022-05-26 04:00:00+00:00,26.0245,15.2245,20.505716,15.137133,166.68193,0.0,9.0,8.900001,8.900001,63.0,19.705751
2022-05-27 04:00:00+00:00,23.824501,16.1245,20.056408,15.905319,198.22945,0.0,15.0,22.999998,22.999998,65.0,19.184917
2022-05-28 04:00:00+00:00,22.424501,14.4244995,17.327856,16.311613,274.6974,0.0,9.0,3.4999998,3.4999998,61.0,17.457832
2022-05-29 04:00:00+00:00,26.3745,12.624499,20.692703,8.4963045,183.55609,0.0,0.0,0.0,0.0,3.0,19.7245
2022-05-30 04:00:00+00:00,30.324501,16.3745,24.853716,12.413477,194.99327,0.0,0.0,0.0,0.0,3.0,23.178665
2022-05-31 04:00:00+00:00,29.7745,17.4745,26.104475,16.595179,232.29779,0.0,2.0,0.4,0.4,51.0,24.118248
2022-06-01 04:00:00+00:00,30.924501,20.174501,26.57763,18.214718,250.89088,0.0,5.0,11.0,11.0,65.0,24.764084
2022-06-02 04:00:00+00:00,23.5245,14.7245,21.921463,13.237038,286.5458,0.0,17.0,21.600004,21.600004,63.0,20.051584
2022-06-03 04:00:00+00:00,24.174501,11.0245,17.607685,11.681987,279.6854,0.0,1.0,0.1,0.1,51.0,17.916166
2022-06-04 04:00:00+00:00,23.324501,12.3245,16.969778,11.090103,319.4829,0.0,0.0,0.0,0.0,3.0,17.939083
2022-06-05 04:00:00+00:00,24.8745,11.124499,17.797518,8.714677,68.157715,0.0,0.0,0.0,0.0,3.0,18.295334
2022-06-06 04:00:00+00:00,28.174501,14.5245,20.64793,18.792551,184.56711,0.0,0.0,0.0,0.0,3.0,21.382833
2022-06-07 04:00:00+00:00,25.174501,17.9745,20.391735,20.466246,206.88416,0.0,13.0,27.500002,27.500002,65.0,20.339083
2022-06-08 04:00:00+00:00,24.5245,13.5245,20.66752,21.322214,68.9272,0.0,2.0,4.0,4.0,63.0,19.468248
2022-06-09 04:00:00+00:00,21.2745,15.4745,17.524813,22.065973,294.14343,0.0,7.0,1.5000001,1.5000001,53.0,18.295332
2022-06-10 04:00:00+00:00,23.2745,13.0745,17.87943,11.019764,273.7768,0.0,0.0,0.0,0.0,3.0,18.457836
2022-06-11 04:00:00+00:00,23.074501,14.4745,18.783209,11.298495,194.31596,0.0,9.0,1.4000002,1.4000002,51.0,18.48075
2022-06-12 04:00:00+00:00,26.6245,15.7745,21.761225,13.084402,213.50346,0.0,10.0,2.2,2.2,53.0,20.61825
2022-06-13 04:00:00+00:00,28.674501,18.924501,27.106455,14.458382,272.25772,0.0,9.0,6.9999995,6.9999995,63.0,23.622414
2022-06-14 04:00:00+00:00,27.5245,20.7745,27.06984,13.910169,233.25752,0.0,9.0,29.400003,29.400003,65.0,23.797417
2022-06-15 04:00:00+00:00,31.174501,19.924501,28.600067,14.934577,191.5573,0.0,3.0,17.1,17.1,65.0,24.755747
2022-06-16 04:00:00+00:00,32.3745,21.2245,30.482018,21.566973,228.63304,0.0,5.0,7.2,7.2,63.0,27.203669
2022-06-17 04:00:00+00:00,28.924501,21.324501,25.964882,24.535526,282.29523,0.0,1.0,1.6,1.6,61.0,25.2745
2022-06-18 04:00:00+00:00,21.6245,12.8245,14.219806,24.162947,324.20422,0.0,0.0,0.0,0.0,3.0,17.251585
2022-06-19 04:00:00+00:00,23.2245,10.1744995,14.07441,19.734436,321.35056,0.0,0.0,0.0,0.0,3.0,16.564081
2022-06-20 04:00:00+00:00,23.0245,14.874499,17.370714,9.47012,237.63762,0.0,0.0,0.0,0.0,3.0,18.299501
2022-06-21 04:00:00+00:00,32.824497,15.5245,24.164923,17.026896,222.91628,0.0,2.0,0.2,0.2,51.0,23.666166
2022-06-22 04:00:00+00:00,31.7745,20.924501,28.095,13.896187,236.58769,0.0,8.0,28.699999,28.699999,65.0,24.728666
2022-06-23 04:00:00+00:00,29.4745,17.9745,23.921125,13.608762,326.57513,0.0,0.0,0.0,0.0,3.0,23.264084
2022-06-24 04:00:00+00:00,30.074501,15.2745,24.389374,9.531505,323.13004,0.0,0.0,0.0,0.0,3.0,23.041166
2022-06-25 04:00:00+00:00,33.1245,16.2745,26.582846,10.966713,120.69963,0.0,0.0,0.0,0.0,3.0,25.122414
2022-06-26 04:00:00+00:00,29.9745,21.074501,26.484522,16.279802,204.90164,0.0,9.0,16.1,16.1,63.0,23.749496
2022-06-27 04:00:00+00:00,25.324501,17.324501,20.969736,16.92383,309.33853,0.0,3.0,3.3999999,3.3999999,63.0,21.241167
2022-06-28 04:00:00+00:00,25.674501,13.1744995,19.742401,9.746631,327.26474,0.0,0.0,0.0,0.0,3.0,19.439087
2022-06-29 04:00:00+00:00,29.4745,14.3245,22.035635,10.661107,241.38962,0.0,0.0,0.0,0.0,3.0,21.701584
2022-06-30 04:00:00+00:00,31.6245,15.5745,24.296152,10.587917,182.62901,0.0,0.0,0.0,0.0,0.0,23.599497
2022-07-01 04:00:00+00:00,31.1245,18.6245,26.072676,19.855558,211.14928,0.0,3.0,4.0,4.0,61.0,24.528666
2022-07-02 04:00:00+00:00,30.174501,20.6245,25.998396,14.241629,275.53854,0.0,7.0,4.1,4.1,61.0,24.307833
2022-07-03 04:00:00+00:00,30.324501,19.1245,24.413523,13.246826,344.96426,0.0,0.0,0.0,0.0,3.0,24.086998
2022-07-04 04:00:00+00:00,30.5245,16.2745,24.67936,10.144082,134.59077,0.0,0.0,0.0,0.0,3.0,23.905748
2022-07-05 04:00:00+00:00,30.2245,20.174501,25.990967,22.608458,229.3469,0.0,8.0,9.700002,9.700002,63.0,24.56825
2022-07-06 04:00:00+00:00,29.424501,22.3745,28.04403,18.278645,288.43503,0.0,10.0,7.1999993,7.1999993,63.0,24.778666
2022-07-07 04:00:00+00:00,31.2745,19.424501,27.224207,13.324863,345.6038,0.0,2.0,0.2,0.2,51.0,24.772415
2022-07-08 04:00:00+00:00,26.424501,18.5245,23.85399,8.350138,356.3218,0.0,1.0,0.1,0.1,51.0,22.30575
2022-07-09 04:00:00+00:00,29.924501,18.574501,25.912386,10.799999,51.56073,0.0,4.0,0.4,0.4,51.0,24.234915
2022-07-10 04:00:00+00:00,30.674501,17.6245,24.472837,12.10157,62.00294,0.0,1.0,0.1,0.1,51.0,23.986998
2022-07-11 04:00:00+00:00,31.674501,18.674501,25.857262,17.377226,213.04652,0.0,1.0,0.1,0.1,51.0,25.13283
2022-07-12 04:00:00+00:00,32.0745,21.5245,26.946318,22.033648,249.38239,0.0,9.0,2.7999997,2.7999997,55.0,26.093252
2022-07-13 04:00:00+00:00,29.9745,19.1245,25.15909,14.145756,278.78302,0.0,3.0,11.5,11.5,63.0,23.918251
2022-07-14 04:00:00+00:00,28.424501,17.8745,23.669205,11.013882,320.66122,0.0,1.0,0.1,0.1,51.0,22.539083
2022-07-15 04:00:00+00:00,29.6245,16.0245,23.421242,7.8625183,17.538631,0.0,0.0,0.0,0.0,3.0,22.936998
2022-07-16 04:00:00+00:00,27.674501,19.3745,23.94271,12.682018,220.55992,0.0,8.0,1.9,1.9,53.0,22.280748
2022-07-17 04:00:00+00:00,28.7745,19.924501,26.013884,14.84318,183.41475,0.0,16.0,21.8,21.8,63.0,23.299501
2022-07-18 04:00:00+00:00,26.2245,21.174501,24.601662,22.545315,224.86365,0.0,15.0,18.1,18.1,61.0,22.5995
2022-07-19 04:00:00+00:00,30.174501,19.574501,27.196243,11.841756,247.40308,0.0,1.0,0.2,0.2,51.0,24.512001
2022-07-20 04:00:00+00:00,32.3745,20.5245,28.815653,20.00512,205.77559,0.0,1.0,0.1,0.1,51.0,26.478668
2022-07-21 04:00:00+00:00,31.2245,22.3745,28.432768,22.065973,259.4377,0.0,8.0,1.7,1.7,53.0,26.25158
2022-07-22 04:00:00+00:00,32.3245,20.174501,27.540596,19.35314,243.27272,0.0,2.0,0.3,0.3,51.0,25.709917
2022-07-23 04:00:00+00:00,33.024498,19.5245,27.845901,21.434364,207.02068,0.0,2.0,0.4,0.4,51.0,25.378668
2022-07-24 04:00:00+00:00,33.274498,21.4745,28.405159,21.758419,208.47408,0.0,1.0,0.1,0.1,51.0,25.707834
2022-07-25 04:00:00+00:00,29.6245,20.424501,27.20533,20.570463,275.64728,0.0,6.0,11.3,11.3,63.0,25.534918
2022-07-26 04:00:00+00:00,27.3745,17.9745,23.813982,11.27553,220.46213,0.0,0.0,0.0,0.0,3.0,22.5745
2022-07-27 04:00:00+00:00,27.2745,20.5245,25.696259,17.873556,223.33885,0.0,15.0,14.8,14.8,65.0,23.030752
2022-07-28 04:00:00+00:00,28.574501,20.6245,26.49691,17.84816,245.66699,0.0,6.0,0.9000001,0.9000001,51.0,24.151583
2022-07-29 04:00:00+00:00,27.2745,20.3745,25.146177,12.7279215,266.68228,0.0,1.0,0.1,0.1,51.0,23.284918
2022-07-30 04:00:00+00:00,27.7745,16.924501,23.74003,9.885262,302.14893,0.0,2.0,0.2,0.2,51.0,22.389086
2022-07-31 04:00:00+00:00,26.174501,17.424501,23.289995,10.464797,94.30097,0.0,2.0,0.7,0.7,53.0,21.332834
2022-08-01 04:00:00+00:00,28.3745,16.1245,23.215662,20.730501,214.02911,0.0,6.0,1.9000001,1.9000001,53.0,21.51825
2022-08-02 04:00:00+00:00,28.7745,19.924501,25.965446,14.4,282.94434,0.0,5.0,1.3000001,1.3000001,53.0,23.774504
2022-08-03 04:00:00+00:00,32.6245,17.824501,27.937128,13.708391,180.43297,0.0,0.0,0.0,0.0,3.0,25.209917
2022-08-04 04:00:00+00:00,32.1745,21.574501,28.169754,17.193533,212.41699,0.0,6.0,13.1,13.1,63.0,24.876585
2022-08-05 04:00:00+00:00,30.6245,21.5245,28.26546,14.007655,207.64586,0.0,12.0,24.4,24.4,63.0,24.232834
2022-08-06 04:00:00+00:00,28.7745,21.3745,27.67276,13.1041975,189.8378,0.0,7.0,4.8,4.8,61.0,24.022415
2022-08-07 04:00:00+00:00,31.2245,21.3745,28.973877,11.792404,212.88545,0.0,7.0,1.1,1.1,51.0,25.36825
2022-08-08 04:00:00+00:00,30.174501,21.824501,29.11228,16.485485,218.00613,0.0,2.0,0.2,0.2,51.0,25.778664
2022-08-09 04:00:00+00:00,27.5245,21.8745,28.030579,13.004922,272.0363,0.0,12.0,21.3,21.3,63.0,24.59117
2022-08-10 04:00:00+00:00,26.8745,20.3745,25.410192,9.227524,355.16672,0.0,0.0,0.0,0.0,3.0,22.89325
2022-08-11 04:00:00+00:00,27.324501,15.2245,22.351252,15.978484,326.69766,0.0,3.0,0.6,0.6,51.0,21.420332
2022-08-12 04:00:00+00:00,25.824501,14.8245,20.080532,12.7279215,356.68912,0.0,0.0,0.0,0.0,0.0,20.195335
2022-08-13 04:00:00+00:00,25.5245,13.4745,19.360386,9.0,37.507877,0.0,0.0,0.0,0.0,3.0,19.63075
2022-08-14 04:00:00+00:00,25.7745,16.1745,20.166039,16.375053,149.2923,0.0,0.0,0.0,0.0,3.0,19.864084
2022-08-15 04:00:00+00:00,25.324501,14.8245,20.437113,13.358861,65.401695,0.0,6.0,1.9000001,1.9000001,53.0,19.36825
2022-08-16 04:00:00+00:00,26.1245,16.2245,21.209908,14.658676,83.175835,0.0,2.0,0.2,0.2,51.0,20.864084
2022-08-17 04:00:00+00:00,26.6245,16.4745,21.768768,10.464797,33.407852,0.0,2.0,0.5,0.5,51.0,20.495333
2022-08-18 04:00:00+00:00,27.674501,15.3245,23.105356,6.638072,217.87502,0.0,0.0,0.0,0.0,3.0,21.362001
2022-08-19 04:00:00+00:00,29.7245,16.4745,24.495024,8.311245,160.8733,0.0,0.0,0.0,0.0,3.0,22.926584
2022-08-20 04:00:00+00:00,30.424501,18.3745,25.423836,12.387348,189.27895,0.0,2.0,4.3999996,4.3999996,63.0,23.514086
2022-08-21 04:00:00+00:00,29.324501,19.1245,24.824888,14.081477,181.75758,0.0,12.0,21.600002,21.600002,65.0,22.66825
2022-08-22 04:00:00+00:00,25.574501,18.9745,23.441557,12.7279215,266.7731,0.0,19.0,19.1,19.1,63.0,21.259916
2022-08-23 04:00:00+00:00,27.2745,18.2745,23.299118,14.20062,293.48468,0.0,3.0,0.3,0.3,51.0,22.030752
2022-08-24 04:00:00+00:00,27.674501,17.4745,24.807165,6.12,171.02733,0.0,1.0,0.1,0.1,51.0,22.545334
2022-08-25 04:00:00+00:00,29.174501,16.924501,25.425138,8.766573,212.0956,0.0,0.0,0.0,0.0,1.0,23.230751
2022-08-26 04:00:00+00:00,29.2245,18.9745,25.577927,14.84318,262.6737,0.0,8.0,1.6000001,1.6000001,53.0,23.753668
2022-08-27 04:00:00+00:00,27.7745,17.2245,24.20916,7.10031,358.3634,0.0,1.0,0.1,0.1,51.0,22.122416
2022-08-28 04:00:00+00:00,32.1745,17.2245,26.199625,9.9571085,151.06554,0.0,0.0,0.0,0.0,2.0,24.399504
2022-08-29 04:00:00+00:00,32.2245,21.074501,27.867311,17.581125,190.02396,0.0,7.0,3.9,3.9,61.0,25.455751
2022-08-30 04:00:00+00:00,24.7745,19.324501,23.77369,18.39878,227.45036,0.0,11.0,21.8,21.8,63.0,21.616167
2022-08-31 04:00:00+00:00,25.7245,17.324501,21.124018,15.778518,272.25156,0.0,0.0,0.0,0.0,3.0,21.2745
2022-09-01 04:00:00+00:00,28.0245,16.0245,22.755045,11.525623,279.18686,0.0,0.0,0.0,0.0,3.0,21.79325
2022-09-02 04:00:00+00:00,29.2245,15.624499,23.702171,11.928989,95.85592,0.0,0.0,0.0,0.0,3.0,22.3495
2022-09-03 04:00:00+00:00,27.174501,18.824501,24.688784,14.05845,168.87466,0.0,5.0,0.5,0.5,51.0,22.584915
2022-09-04 04:00:00+00:00,27.7245,19.3745,25.628387,9.290511,161.20004,0.0,8.0,10.0,10.0,63.0,22.178665
2022-09-05 04:00:00+00:00,23.074501,19.674501,23.835403,11.609651,184.36673,0.0,24.0,32.1,32.1,63.0,20.884916
2022-09-06 04:00:00+00:00,26.324501,18.924501,24.109968,15.077082,319.42703,0.0,19.0,6.9,6.9,63.0,21.472418
2022-09-07 04:00:00+00:00,24.8745,18.2745,22.054983,12.371645,353.28506,0.0,11.0,2.6,2.6,53.0,20.628668
2022-09-08 04:00:00+00:00,25.574501,16.6245,21.612535,10.685391,28.425884,0.0,4.0,0.8000001,0.8000001,51.0,20.301584
2022-09-09 04:00:00+00:00,27.424501,15.6744995,22.359629,11.090103,117.589066,0.0,0.0,0.0,0.0,3.0,21.282833
2022-09-10 04:00:00+00:00,25.324501,16.574501,20.973372,13.70839,142.23021,0.0,1.0,0.1,0.1,51.0,20.470333
2022-09-11 04:00:00+00:00,25.824501,18.3745,23.01208,15.192682,169.62767,0.0,22.0,7.299999,7.299999,61.0,21.189081
2022-09-12 04:00:00+00:00,25.824501,17.2245,22.877367,16.946787,232.89764,0.0,8.0,2.1,2.1,55.0,21.18075
2022-09-13 04:00:00+00:00,20.9745,13.0245,15.780993,21.194187,237.19724,0.0,1.0,0.1,0.1,51.0,16.845333
2022-09-14 04:00:00+00:00,25.2245,12.7745,18.454348,12.229406,282.01144,0.0,0.0,0.0,0.0,3.0,18.48075
2022-09-15 04:00:00+00:00,24.7245,16.1745,20.406332,10.805998,331.37494,0.0,0.0,0.0,0.0,3.0,19.447418
2022-09-16 04:00:00+00:00,26.674501,14.4745,21.485199,8.373386,156.15317,0.0,0.0,0.0,0.0,3.0,19.907833
2022-09-17 04:00:00+00:00,28.8745,14.7245,22.585869,11.91812,185.28683,0.0,0.0,0.0,0.0,3.0,21.132835
2022-09-18 04:00:00+00:00,27.674501,17.1245,22.466105,17.418196,225.12321,0.0,0.0,0.0,0.0,3.0,21.99325
2022-09-19 04:00:00+00:00,24.2245,17.8745,21.464302,18.59845,228.73772,0.0,11.0,5.8999996,5.8999996,61.0,20.455748
2022-09-20 04:00:00+00:00,26.2745,15.5745,21.671524,12.768586,307.20575,0.0,1.0,0.3,0.3,51.0,20.655752
2022-09-21 04:00:00+00:00,29.674501,15.5745,23.462732,16.363178,203.16295,0.0,0.0,0.0,0.0,3.0,22.289083
2022-09-22 04:00:00+00:00,23.0245,11.6744995,15.62986,26.220753,308.22656,0.0,8.0,6.3999996,6.3999996,63.0,17.205751
2022-09-23 04:00:00+00:00,16.6245,8.4745,9.5257,15.463246,331.5349,0.0,0.0,0.0,0.0,3.0,12.295333
2022-09-24 04:00:00+00:00,21.074501,9.7245,13.352715,9.693296,173.37744,0.0,1.0,0.1,0.1,51.0,14.516167
2022-09-25 04:00:00+00:00,21.8745,14.124499,15.292838,26.089443,232.78471,0.0,12.0,4.8999996,4.8999996,61.0,16.739084
2022-09-26 04:00:00+00:00,18.9745,12.5245,12.530323,24.798225,252.16608,0.0,7.0,1.4000001,1.4000001,53.0,15.184917
2022-09-27 04:00:00+00:00,16.8745,9.2245,8.97914,19.914217,254.4071,0.0,5.0,4.0,4.0,61.0,11.605748
2022-09-28 04:00:00+00:00,16.3745,7.1245003,9.494987,14.84318,291.48267,0.0,5.0,0.8,0.8,51.0,11.420334
2022-09-29 04:00:00+00:00,17.4745,7.5245004,10.143735,15.141414,20.58842,0.0,0.0,0.0,0.0,3.0,12.107834
2022-09-30 04:00:00+00:00,16.924501,6.5745,9.092637,13.783817,46.70466,0.0,0.0,0.0,0.0,3.0,11.553666
2022-10-01 04:00:00+00:00,14.0745,10.4244995,9.761511,18.837322,37.8082,0.0,20.0,22.4,22.4,63.0,12.1744995
2022-10-02 04:00:00+00:00,17.8745,11.6744995,11.462128,19.171478,27.47642,0.0,6.0,1.8000001,1.8000001,51.0,13.701584
2022-10-03 04:00:00+00:00,17.574501,5.6745,8.884503,13.479583,30.37645,0.0,0.0,0.0,0.0,3.0,11.312001
2022-10-04 04:00:00+00:00,16.324501,7.2745004,9.316701,12.324414,5.066502,0.0,1.0,0.1,0.1,51.0,11.547417
2022-10-05 04:00:00+00:00,21.7245,7.0745,12.127701,8.825508,327.34216,0.0,0.0,0.0,0.0,3.0,13.564083
2022-10-06 04:00:00+00:00,21.1245,8.624499,12.863075,11.298495,206.45142,0.0,0.0,0.0,0.0,3.0,14.220333
2022-10-07 04:00:00+00:00,14.7745,8.624499,10.417472,14.799459,302.5857,0.0,5.0,0.70000005,0.70000005,51.0,12.630752
2022-10-08 04:00:00+00:00,13.1744995,5.0745,5.4872756,14.345898,285.68417,0.0,2.0,0.3,0.3,51.0,8.532834
2022-10-09 04:00:00+00:00,15.4244995,4.0745,5.8770256,17.782688,240.10425,0.0,0.0,0.0,0.0,3.0,9.3932495
2022-10-10 04:00:00+00:00,19.424501,5.9245,9.369738,15.484185,226.33212,0.0,0.0,0.0,0.0,3.0,11.989082
2022-10-11 04:00:00+00:00,21.074501,7.4745,11.740588,10.440001,183.35367,0.0,0.0,0.0,0.0,2.0,13.612
2022-10-12 04:00:00+00:00,22.1245,9.8245,13.461193,21.349546,175.04933,0.0,5.0,2.2999997,2.2999997,61.0,15.343247
2022-10-13 04:00:00+00:00,16.824501,8.5245,12.050872,24.087738,222.27362,0.0,12.0,30.2,30.2,65.0,14.3245
2022-10-14 04:00:00+00:00,16.574501,4.6245003,7.181028,21.892027,207.67578,0.0,0.0,0.0,0.0,3.0,10.337
2022-10-15 04:00:00+00:00,17.674501,7.8745003,8.699095,24.569836,218.32556,0.0,1.0,0.3,0.3,51.0,12.672416
2022-10-16 04:00:00+00:00,18.824501,5.3745003,8.555449,16.055355,212.85405,0.0,0.0,0.0,0.0,3.0,11.478667
2022-10-17 04:00:00+00:00,11.4244995,5.0245004,4.696448,27.103,242.39099,0.0,0.0,0.0,0.0,3.0,9.195333
2022-10-18 04:00:00+00:00,7.6245003,3.1745,0.21120417,23.233253,249.30443,0.0,5.0,0.8000001,0.8000001,51.0,5.1703334
2022-10-19 04:00:00+00:00,6.3745003,2.5245,-0.15221626,21.94524,240.2207,0.0,17.0,4.8000007,4.8000007,53.0,4.301583
2022-10-20 04:00:00+00:00,10.874499,1.6245,1.5485315,21.096123,228.41219,0.0,0.0,0.0,0.0,3.0,6.08075
2022-10-21 04:00:00+00:00,16.9745,2.7245,5.435971,15.978486,185.85994,0.0,0.0,0.0,0.0,3.0,9.145333
2022-10-22 04:00:00+00:00,20.7245,6.4245,9.783729,11.183201,169.07417,0.0,0.0,0.0,0.0,0.0,12.480752
2022-10-23 04:00:00+00:00,21.5245,5.3745003,10.78353,11.885453,110.63596,0.0,0.0,0.0,0.0,2.0,12.922417
2022-10-24 04:00:00+00:00,21.6245,6.4745,12.0904665,8.4042845,109.77247,0.0,0.0,0.0,0.0,3.0,13.328668
2022-10-25 04:00:00+00:00,23.2245,8.2245,13.760442,15.315873,144.3802,0.0,0.0,0.0,0.0,3.0,15.359918
2022-10-26 04:00:00+00:00,15.8245,10.2245,11.683717,19.694992,217.18208,0.0,11.0,7.4999995,7.4999995,63.0,13.718247
2022-10-27 04:00:00+00:00,13.2745,6.9745,6.3621726,15.696165,350.82266,0.0,0.0,0.0,0.0,3.0,9.589084
2022-10-28 04:00:00+00:00,14.9745,3.5744998,5.1645994,12.768586,76.603424,0.0,0.0,0.0,0.0,3.0,8.480751
2022-10-29 04:00:00+00:00,17.674501,4.1745,7.604405,11.212135,92.7039,0.0,0.0,0.0,0.0,0.0,9.9995
2022-10-30 04:00:00+00:00,18.674501,4.5245004,8.570464,9.931042,120.54173,0.0,0.0,0.0,0.0,3.0,10.787
2022-10-31 04:00:00+00:00,19.7245,9.3245,13.104306,16.904673,176.0684,0.0,7.0,2.3,2.3,55.0,14.005749
2022-11-01 04:00:00+00:00,18.7245,13.0745,14.727932,15.725037,262.28442,0.0,8.0,1.0000001,1.0000001,51.0,15.409916
2022-11-02 04:00:00+00:00,18.324501,9.0745,12.325212,7.9932966,9.162252,0.0,0.0,0.0,0.0,3.0,12.870334
2022-11-03 04:00:00+00:00,20.2245,6.6745,11.618005,11.165805,145.91583,0.0,0.0,0.0,0.0,3.0,12.878667
2022-11-04 04:00:00+00:00,21.8745,9.7745,13.460587,15.683776,176.99516,0.0,0.0,0.0,0.0,3.0,15.359918
2022-11-05 04:00:00+00:00,25.4745,13.874499,17.641405,29.09103,177.46854,0.0,4.0,0.6,0.6,51.0,19.247417
2022-11-06 04:00:00+00:00,23.0245,17.4745,19.587454,21.175835,208.27867,0.0,9.0,2.3,2.3,53.0,19.559916
2022-11-07 04:00:00+00:00,18.324501,8.5745,11.595715,14.494192,301.6214,0.0,0.0,0.0,0.0,3.0,13.930751
2022-11-08 04:00:00+00:00,12.8245,4.4245,4.775459,12.24,31.80045,0.0,0.0,0.0,0.0,3.0,8.099499
2022-11-09 04:00:00+00:00,18.0245,4.3245,6.092115,13.004922,110.06168,0.0,0.0,0.0,0.0,3.0,9.870334
2022-11-10 04:00:00+00:00,20.174501,5.8245,9.690623,14.84318,158.82332,0.0,0.0,0.0,0.0,3.0,12.2245
2022-11-11 04:00:00+00:00,18.074501,11.7745,14.83047,18.289274,112.7554,0.0,17.0,49.0,49.0,65.0,15.020332
2022-11-12 04:00:00+00:00,15.2245,2.6745,5.733956,21.30093,288.26352,0.0,8.0,6.7,6.7,61.0,8.714082
2022-11-13 04:00:00+00:00,4.6245003,2.2245,-1.6377391,21.188072,279.21506,0.0,1.0,0.1,0.1,51.0,3.3661668
2022-11-14 04:00:00+00:00,5.0745,-0.57549995,-0.938891,12.864649,312.19354,0.0,0.0,0.0,0.0,3.0,2.4578335
2022-11-15 04:00:00+00:00,4.6245003,-0.9255,-2.1897585,13.276144,98.49543,2.66,9.0,6.2,2.3999999,75.0,1.6161666
2022-11-16 04:00:00+00:00,4.6745,0.5745,-1.035611,21.24305,256.10876,0.0,6.0,1.2,1.2,51.0,3.2974167
2022-11-17 04:00:00+00:00,3.1245,-1.6755002,-4.928529,24.881702,254.19907,0.14,1.0,0.2,0.0,71.0,0.61408323
2022-11-18 04:00:00+00:00,2.4245,-3.0755,-6.552452,29.414444,242.67892,0.21000001,3.0,0.4,0.1,71.0,-0.77758336
2022-11-19 04:00:00+00:00,1.5244999,-5.0255,-7.8073545,23.838959,231.43858,0.0,0.0,0.0,0.0,3.0,-2.1254997
2022-11-20 04:00:00+00:00,-1.0255,-6.2755,-9.863138,24.546085,259.89737,0.0,0.0,0.0,0.0,3.0,-3.785917
2022-11-21 04:00:00+00:00,6.7245,-5.0755,-5.429545,20.592503,211.3743,0.0,0.0,0.0,0.0,3.0,0.07866698
2022-11-22 04:00:00+00:00,9.7745,-2.7255,-1.5383617,15.530151,216.69394,0.0,0.0,0.0,0.0,1.0,2.9140835
2022-11-23 04:00:00+00:00,12.124499,-0.72550005,1.2000761,11.983188,228.52151,0.0,0.0,0.0,0.0,0.0,4.7536664
2022-11-24 04:00:00+00:00,13.5245,-1.6255,1.439519,10.8955765,165.74437,0.0,0.0,0.0,0.0,3.0,4.64325
2022-11-25 04:00:00+00:00,10.5245,2.6745,4.268438,20.291357,271.09186,0.0,8.0,6.2999997,6.2999997,61.0,7.8224177
2022-11-26 04:00:00+00:00,11.374499,0.4245,1.3976303,13.584932,230.88066,0.0,0.0,0.0,0.0,3.0,4.8828335
2022-11-27 04:00:00+00:00,17.5245,4.9245,6.650479,27.345785,213.78214,0.0,13.0,10.199999,10.199999,61.0,9.559917
2022-11-28 04:00:00+00:00,10.2745,5.0745,3.3587558,20.767975,281.45572,0.0,5.0,0.8000001,0.8000001,51.0,6.7536664
2022-11-29 04:00:00+00:00,12.374499,4.8245,4.996475,16.485485,155.08331,0.0,0.0,0.0,0.0,3.0,7.916166
2022-11-30 04:00:00+00:00,12.374499,0.3245,2.1256363,32.169178,226.85036,0.0,9.0,12.4,12.4,61.0,6.7869983
2022-12-01 04:00:00+00:00,1.8745,-4.3255,-6.609709,28.082308,263.15982,0.0,0.0,0.0,0.0,3.0,-1.3692499
2022-12-02 04:00:00+00:00,10.374499,-3.5755002,-1.5323943,16.299694,159.5206,0.0,0.0,0.0,0.0,3.0,2.6911666
2022-12-03 04:00:00+00:00,12.624499,2.0745,4.212356,31.012281,239.4761,0.0,12.0,10.200002,10.200002,63.0,8.722415
2022-12-04 04:00:00+00:00,4.0245,-3.9255002,-4.7641892,12.496719,247.68436,0.0,0.0,0.0,0.0,0.0,-0.50675005
2022-12-05 04:00:00+00:00,9.4745,-3.5255,-2.6951382,11.966954,167.03549,0.0,0.0,0.0,0.0,3.0,1.6140834
2022-12-06 04:00:00+00:00,10.6744995,4.0745,4.8603206,10.495713,130.56273,0.0,19.0,8.400001,8.400001,61.0,7.0953336
2022-12-07 04:00:00+00:00,15.4244995,9.9244995,11.8114395,17.884428,256.17136,0.0,11.0,3.8999996,3.8999996,61.0,12.597415
2022-12-08 04:00:00+00:00,9.7745,3.7745,5.423537,10.829958,353.48434,0.0,0.0,0.0,0.0,3.0,7.668249
2022-12-09 04:00:00+00:00,7.8245,0.5745,-0.5621064,14.587776,64.79081,0.0,0.0,0.0,0.0,2.0,3.3932502
2022-12-10 04:00:00+00:00,6.7245,1.8745,0.75069207,13.849476,98.73263,0.0,8.0,2.2999997,2.2999997,53.0,4.1703334
2022-12-11 04:00:00+00:00,7.9245,1.0245,1.9922053,15.1884165,290.40594,0.0,6.0,0.8000001,0.8000001,51.0,5.0328326
2022-12-12 04:00:00+00:00,4.2245,0.5745,-0.8721536,13.849476,342.9404,0.0,2.0,0.2,0.2,51.0,2.6432502
2022-12-13 04:00:00+00:00,4.2745,-3.7755,-4.368502,10.587918,54.307316,0.0,0.0,0.0,0.0,3.0,-0.45883334
2022-12-14 04:00:00+00:00,6.1745,-3.0755,-4.042291,16.62249,68.184044,0.0,0.0,0.0,0.0,3.0,0.64533335
2022-12-15 04:00:00+00:00,3.9745,1.4745,-1.6812272,21.30093,119.97798,0.0,20.0,13.6,13.6,61.0,2.7849169
2022-12-16 04:00:00+00:00,5.8745003,1.0745001,0.5637798,15.137133,248.98465,0.0,5.0,0.5,0.5,51.0,3.8869998
2022-12-17 04:00:00+00:00,1.8245001,-2.5255,-4.8859353,20.945072,246.33467,0.0,0.0,0.0,0.0,3.0,-0.2609167
2022-12-18 04:00:00+00:00,-1.1255,-3.3255,-7.405401,20.898611,257.47723,0.35,5.0,0.5,0.0,71.0,-2.11925
2022-12-19 04:00:00+00:00,-0.42549998,-4.6254997,-7.7467365,14.512064,271.58228,0.0,0.0,0.0,0.0,3.0,-2.977583
2022-12-20 04:00:00+00:00,2.2745,-5.0255,-5.675692,6.989936,348.48624,0.0,0.0,0.0,0.0,3.0,-2.1942499
2022-12-21 04:00:00+00:00,6.1245003,-4.4754996,-4.2179856,10.787993,79.8995,0.0,0.0,0.0,0.0,3.0,-0.5234166
2022-12-22 04:00:00+00:00,4.0245,0.3745,-1.3651305,16.563911,122.86094,0.0,11.0,4.2999997,4.2999997,55.0,2.5661666
2022-12-23 04:00:00+00:00,5.1245003,-19.175499,-16.950972,36.8486,244.58069,1.4000002,12.0,5.6,3.6000001,73.0,-9.779667
2022-12-24 04:00:00+00:00,-11.4255,-18.8755,-23.000223,35.64182,238.84521,0.21000001,3.0,0.3,0.0,71.0,-15.131748
2022-12-25 04:00:00+00:00,-6.2755,-11.3255005,-16.160984,27.558228,243.43504,0.07,1.0,0.1,0.0,71.0,-9.417167
2022-12-26 04:00:00+00:00,-4.1254997,-11.125501,-12.984656,15.978484,224.22284,0.35,5.0,0.5,0.0,71.0,-7.7567506
2022-12-27 04:00:00+00:00,1.4245,-5.7755,-6.973137,14.904173,225.37856,0.07,1.0,0.1,0.0,71.0,-2.4484165
2022-12-28 04:00:00+00:00,8.1245,-3.2255,-3.3021631,16.485485,192.88101,0.0,0.0,0.0,0.0,3.0,1.2494999
2022-12-29 04:00:00+00:00,12.9244995,0.4245,2.5813234,15.2947035,194.31181,0.0,0.0,0.0,0.0,3.0,6.3161664
2022-12-30 04:00:00+00:00,15.9745,7.4245,8.330468,12.57426,183.33127,0.0,1.0,0.1,0.1,51.0,10.8619995
2022-12-31 04:00:00+00:00,12.5745,7.9745,7.880816,14.417988,209.07967,0.0,13.0,8.200001,8.200001,61.0,9.953668
2023-01-01 04:00:00+00:00,11.0745,4.8745003,5.3587017,16.135872,250.041,0.0,1.0,0.1,0.1,51.0,7.7015834
2023-01-02 04:00:00+00:00,11.3245,8.0745,8.610919,9.255571,184.96965,0.0,12.0,2.6999998,2.6999998,53.0,9.54325
2023-01-03 04:00:00+00:00,15.7245,9.7245,12.314584,24.33664,200.17322,0.0,20.0,30.200005,30.200005,63.0,13.526582
2023-01-04 04:00:00+00:00,16.3745,10.7745,12.732586,18.35647,203.12498,0.0,15.0,7.0,7.0,61.0,13.807834
2023-01-05 04:00:00+00:00,9.7745,4.1745,3.585727,14.021525,242.1352,0.0,0.0,0.0,0.0,3.0,6.622416
2023-01-06 04:00:00+00:00,4.6245003,1.4245,-1.2081426,20.674158,264.45984,0.0,3.0,0.3,0.3,51.0,3.0369997
2023-01-07 04:00:00+00:00,3.2745,-0.57549995,-2.0671124,12.7279215,276.93427,0.14,3.0,0.3,0.1,71.0,1.7744999
2023-01-08 04:00:00+00:00,5.5245004,-2.9255002,-2.4393508,9.360001,39.18574,0.28,2.0,0.4,0.0,73.0,0.99950004
2023-01-09 04:00:00+00:00,4.2245,-3.0255,-4.135038,15.124284,262.5793,0.56,2.0,0.8,0.0,73.0,0.122416675
2023-01-10 04:00:00+00:00,5.4245,-3.2255,-2.9931595,10.195057,176.70187,0.0,0.0,0.0,0.0,3.0,0.30575004
2023-01-11 04:00:00+00:00,9.4244995,-3.1755002,-0.66422194,15.277749,126.704636,0.0,0.0,0.0,0.0,3.0,2.7536666
2023-01-12 04:00:00+00:00,12.9745,5.5245004,6.7829857,18.775301,167.81635,0.0,15.0,17.5,17.5,63.0,9.24325
2023-01-13 04:00:00+00:00,6.2745004,-1.4254999,-3.4215515,22.725668,312.8131,0.21000001,13.0,1.7000002,1.4000001,71.0,1.4953333
2023-01-14 04:00:00+00:00,-0.5255,-5.8754997,-8.05524,19.61587,324.6108,0.0,0.0,0.0,0.0,3.0,-2.6213331
2023-01-15 04:00:00+00:00,3.1245,-6.1755,-6.5661483,9.449572,295.7099,0.0,0.0,0.0,0.0,3.0,-2.6129997
2023-01-16 04:00:00+00:00,9.124499,-4.9255,-3.0179937,8.350138,127.61101,0.0,0.0,0.0,0.0,3.0,0.6432498
2023-01-17 04:00:00+00:00,11.1744995,2.6745,3.8357906,22.104116,211.51224,0.0,15.0,7.5999994,7.5999994,61.0,6.9599156
2023-01-18 04:00:00+00:00,7.9245,2.1745,1.2222999,18.72,269.37042,0.0,0.0,0.0,0.0,3.0,4.8494997
2023-01-19 04:00:00+00:00,14.2745,2.3745,4.7197447,25.40743,163.52843,0.0,16.0,15.9,15.9,61.0,7.7745004
2023-01-20 04:00:00+00:00,6.4745,1.3745,-2.3176787,25.6233,259.15167,0.14,2.0,0.2,0.0,71.0,3.0328329
2023-01-21 04:00:00+00:00,4.0245,-1.1255,-2.5206437,14.408997,265.18063,0.14,2.0,0.2,0.0,71.0,1.3786668
2023-01-22 04:00:00+00:00,5.6245003,-3.0755,-3.0461943,12.904882,94.65326,1.4,8.0,5.4,3.4,73.0,0.32241663
2023-01-23 04:00:00+00:00,2.3745,-0.3255,-3.4480495,22.218153,291.1391,0.77,7.0,1.2,0.1,73.0,1.0453333
2023-01-24 04:00:00+00:00,3.1745,-2.6755002,-4.3648868,23.664352,247.15918,0.0,0.0,0.0,0.0,3.0,0.26408327
2023-01-25 04:00:00+00:00,7.4245,-0.9255,-1.0395769,24.482647,124.94577,4.2,15.0,10.999999,5.0,75.0,3.147417
2023-01-26 04:00:00+00:00,3.9245,-0.2755,-3.518509,24.881702,258.53903,1.6800001,13.0,2.7999995,0.49999988,75.0,1.7974166
2023-01-27 04:00:00+00:00,2.1745,-2.4255002,-5.920147,22.932877,230.64572,0.56,2.0,0.8,0.0,73.0,-0.33383337
2023-01-28 04:00:00+00:00,9.4244995,2.8745,1.0213412,22.406927,226.79129,0.0,0.0,0.0,0.0,3.0,5.462
2023-01-29 04:00:00+00:00,7.2245,3.1745,2.1931508,18.875126,211.13634,0.0,8.0,4.5,4.5,61.0,5.7224174
2023-01-30 04:00:00+00:00,8.5745,0.5745,0.52328295,15.111424,311.92456,0.63,11.0,2.5000002,1.6000001,73.0,3.5369997
2023-01-31 04:00:00+00:00,0.3745,-4.4754996,-6.420138,13.53236,330.7689,2.1,8.0,2.9999998,0.0,73.0,-2.1025832
2023-02-01 04:00:00+00:00,-0.22549999,-8.4255,-9.224185,11.720751,285.65585,0.0,0.0,0.0,0.0,3.0,-4.538
2023-02-02 04:00:00+00:00,4.5745,-5.6755,-6.760261,19.191748,231.54292,0.0,0.0,0.0,0.0,3.0,-1.5338331
2023-02-03 04:00:00+00:00,-0.57549995,-11.125501,-13.9335785,25.683926,305.78268,0.14,1.0,0.2,0.0,71.0,-7.183834
2023-02-04 04:00:00+00:00,2.6745,-11.1755,-10.732128,15.111424,199.63521,0.0,0.0,0.0,0.0,3.0,-5.3630013
2023-02-05 04:00:00+00:00,10.2245,2.9245,1.210149,24.485292,220.22722,0.0,1.0,1.0,1.0,55.0,6.205749
2023-02-06 04:00:00+00:00,5.9245,-0.17549998,-0.5600747,18.892282,311.3321,0.0,0.0,0.0,0.0,3.0,3.2161667
2023-02-07 04:00:00+00:00,12.0245,-2.4255002,0.8026088,23.424908,200.73195,0.0,7.0,5.3999996,5.3999996,63.0,4.8099165
2023-02-08 04:00:00+00:00,9.0245,0.82449996,2.3134038,12.661564,306.38437,0.0,0.0,0.0,0.0,3.0,5.157834
2023-02-09 04:00:00+00:00,20.074501,4.7245,9.680049,27.497026,185.0964,0.0,5.0,3.0999997,3.0999997,55.0,13.103667
2023-02-10 04:00:00+00:00,10.124499,2.2745,1.0096667,24.975283,257.94626,0.0,0.0,0.0,0.0,3.0,5.9536667
2023-02-11 04:00:00+00:00,6.3245,-3.3255,-2.2588356,15.546833,275.19434,0.0,0.0,0.0,0.0,3.0,1.4745002
2023-02-12 04:00:00+00:00,10.624499,-2.2255,-0.25369686,10.685391,47.290634,0.0,0.0,0.0,0.0,3.0,3.1995
2023-02-13 04:00:00+00:00,12.1744995,-1.6755002,-0.08393719,23.936617,257.84735,0.0,0.0,0.0,0.0,3.0,4.4432497
2023-02-14 04:00:00+00:00,12.5245,-1.8755,1.7285972,12.496718,178.18892,0.0,0.0,0.0,0.0,3.0,5.3182497
2023-02-15 04:00:00+00:00,20.174501,9.6744995,9.913102,37.221283,211.85707,0.0,1.0,0.1,0.1,51.0,14.336999
2023-02-16 04:00:00+00:00,15.0245,5.0245004,8.986882,21.41319,183.31088,0.0,8.0,6.3,6.3,61.0,10.751582
2023-02-17 04:00:00+00:00,14.4244995,-4.2254996,-0.39553687,30.05515,284.53992,0.0,7.0,6.5,6.5,63.0,4.566167
2023-02-18 04:00:00+00:00,5.8745003,-5.2254996,-5.6990814,20.140705,237.08856,0.0,0.0,0.0,0.0,3.0,-0.42758334
2023-02-19 04:00:00+00:00,13.374499,-0.0255,1.3978696,23.419376,199.52116,0.0,0.0,0.0,0.0,3.0,5.8932495
2023-02-20 04:00:00+00:00,11.6744995,5.5745,4.688151,17.193533,238.09909,0.0,4.0,3.7,3.7,61.0,8.257833
2023-02-21 04:00:00+00:00,11.124499,2.0245,2.2208755,36.145508,256.38766,0.0,5.0,2.3,2.3,61.0,6.589084
2023-02-22 04:00:00+00:00,12.2745,-1.0255,1.4454556,17.727943,96.12748,0.0,11.0,15.4,15.4,63.0,4.587
2023-02-23 04:00:00+00:00,21.2745,12.9244995,14.47094,24.535526,243.11005,0.0,6.0,1.4000001,1.4000001,53.0,16.874498
2023-02-24 04:00:00+00:00,13.3245,-3.6755002,-2.7918737,23.990698,309.9391,0.0,0.0,0.0,0.0,3.0,2.4765825
2023-02-25 04:00:00+00:00,9.2245,-5.0255,-3.3718882,11.542478,54.557983,0.0,0.0,0.0,0.0,3.0,0.72033334
2023-02-26 04:00:00+00:00,10.7245,-0.17549998,0.21386303,22.55106,248.31303,0.0,0.0,0.0,0.0,2.0,4.4099164
2023-02-27 04:00:00+00:00,11.0745,-1.5255,1.4430537,25.20257,133.38974,0.0,11.0,15.200002,15.200002,63.0,5.04325
2023-02-28 04:00:00+00:00,10.874499,2.3745,4.279827,23.084955,271.44556,0.0,5.0,0.9000001,0.9000001,51.0,7.8849163
2023-03-01 04:00:00+00:00,21.0245,-0.17549998,6.709739,24.627789,175.52065,0.0,0.0,0.0,0.0,3.0,9.901583
2023-03-02 04:00:00+00:00,13.874499,3.7245,7.0473895,16.071491,295.9901,0.0,2.0,0.3,0.3,51.0,10.243249
2023-03-03 04:00:00+00:00,7.8245,0.9245,0.09653515,31.973186,103.935326,0.0,8.0,12.5,12.5,63.0,4.3911667
2023-03-04 04:00:00+00:00,10.3245,2.9745,1.4600426,33.2781,273.96146,0.0,5.0,4.2,4.2,61.0,6.3120003
2023-03-05 04:00:00+00:00,11.2245,2.4245,2.787223,18.504139,292.6057,0.0,0.0,0.0,0.0,3.0,6.5432496
2023-03-06 04:00:00+00:00,16.2245,-1.0255,2.792637,20.774214,63.790047,0.0,1.0,2.9,2.9,63.0,6.2411666
2023-03-07 04:00:00+00:00,7.0245004,-1.2255001,-1.6017653,24.387178,336.3483,0.0,4.0,1.9999999,1.9999999,53.0,3.2640839
2023-03-08 04:00:00+00:00,8.1744995,-2.7255,-3.1279783,16.575644,330.6213,0.0,0.0,0.0,0.0,3.0,1.55575
2023-03-09 04:00:00+00:00,9.9745,-3.7254999,-1.0112458,9.47012,353.90967,0.0,0.0,0.0,0.0,3.0,2.38075
2023-03-10 04:00:00+00:00,6.7745004,0.5745,-0.37925825,25.744402,238.40755,0.07,17.0,4.5,4.4,71.0,3.9745004
2023-03-11 04:00:00+00:00,3.5245,-0.5255,-3.6856863,19.083395,320.6243,0.21000001,3.0,0.3,0.0,71.0,1.0182499
2023-03-12 04:00:00+00:00,4.0745,-2.2255,-2.9375355,12.181624,79.321785,0.56,7.0,1.0,0.20000002,71.0,0.8411667
2023-03-13 04:00:00+00:00,5.0745,-1.4254999,-2.0408337,18.391735,270.528,1.26,16.0,2.4000003,0.6,73.0,1.8203335
2023-03-14 04:00:00+00:00,-0.6755,-3.6755002,-8.299994,26.564486,297.14215,0.63,5.0,0.9000001,0.0,73.0,-2.1213334
2023-03-15 04:00:00+00:00,7.5745,-4.6755,-4.318663,18.532135,298.9589,0.0,0.0,0.0,0.0,3.0,0.5640834
2023-03-16 04:00:00+00:00,13.874499,-1.5255,1.9932137,14.264361,208.7223,0.0,0.0,0.0,0.0,3.0,6.089083
2023-03-17 04:00:00+00:00,11.7745,2.7245,4.5479407,22.805367,224.42668,0.0,15.0,8.200001,8.200001,61.0,8.33075
2023-03-18 04:00:00+00:00,3.7245,-4.9255,-5.3656764,28.460497,259.3128,0.0,0.0,0.0,0.0,3.0,0.7911668
2023-03-19 04:00:00+00:00,2.6745,-7.2254996,-9.166423,23.411074,264.55017,0.0,0.0,0.0,0.0,3.0,-3.1588333
2023-03-20 04:00:00+00:00,8.8245,-4.5255,-3.2046604,16.039202,220.38771,0.0,0.0,0.0,0.0,3.0,1.5078335
2023-03-21 04:00:00+00:00,13.6744995,-2.5755,1.7677737,12.313894,195.72173,0.0,0.0,0.0,0.0,3.0,5.6682496
2023-03-22 04:00:00+00:00,11.7745,4.3745003,5.1036954,18.971008,190.73434,0.0,6.0,4.9,4.9,63.0,8.395333
2023-03-23 04:00:00+00:00,20.1245,8.624499,10.382296,30.21642,237.13776,0.0,20.0,30.300001,30.300001,63.0,12.743249
2023-03-24 04:00:00+00:00,10.0745,3.6745,3.7323408,10.966713,30.625479,0.0,10.0,9.800001,9.800001,61.0,6.812
2023-03-25 04:00:00+00:00,21.174501,7.1245003,7.4569383,40.654503,203.02863,0.0,14.0,13.6,13.6,63.0,11.934915
2023-03-26 04:00:00+00:00,14.7245,1.4245,4.1761837,20.188908,258.70663,0.0,0.0,0.0,0.0,2.0,7.855749
2023-03-27 04:00:00+00:00,13.0745,4.6245003,5.608195,15.617529,4.484543,0.0,1.0,0.1,0.1,51.0,8.65575
2023-03-28 04:00:00+00:00,10.3245,3.2745,2.8081017,14.20062,330.78625,0.0,0.0,0.0,0.0,3.0,6.3745
2023-03-29 04:00:00+00:00,11.0745,-1.2755,0.44229627,27.193705,269.51447,0.07,5.0,0.90000004,0.8000001,71.0,4.789083
2023-03-30 04:00:00+00:00,9.874499,-4.2254996,-0.18054885,9.83268,322.6333,0.0,0.0,0.0,0.0,3.0,2.96825
2023-03-31 04:00:00+00:00,12.4745,2.4245,4.451149,20.929594,184.5789,0.0,9.0,8.1,8.1,63.0,7.8619995
2023-04-01 04:00:00+00:00,19.0245,4.7745004,8.51572,36.43655,240.75874,0.0,12.0,19.800001,19.800001,63.0,12.5995
2023-04-02 04:00:00+00:00,9.8245,-0.5255,0.76294404,21.67786,303.03677,0.0,0.0,0.0,0.0,3.0,4.645334
2023-04-03 04:00:00+00:00,19.924501,1.7245,7.951439,19.228851,192.82243,0.0,1.0,4.0,4.0,63.0,10.8932495
2023-04-04 04:00:00+00:00,22.1245,8.0245,13.689026,15.021105,201.08151,0.0,0.0,0.0,0.0,3.0,15.266166
2023-04-05 04:00:00+00:00,28.1245,13.3245,19.273245,24.696104,201.45497,0.0,2.0,0.5,0.5,51.0,20.266167
2023-04-06 04:00:00+00:00,17.174501,7.2745004,10.651152,17.414474,269.79315,0.0,8.0,1.8000002,1.8000002,53.0,12.872417
2023-04-07 04:00:00+00:00,11.7745,2.6745,3.217189,15.042659,334.6669,0.0,0.0,0.0,0.0,3.0,7.0724163
2023-04-08 04:00:00+00:00,12.5245,-1.3255,2.0884573,10.1376915,33.973938,0.0,0.0,0.0,0.0,3.0,5.401583
2023-04-09 04:00:00+00:00,14.3245,0.5745,4.3423758,11.885453,33.630627,0.0,0.0,0.0,0.0,0.0,7.50575
2023-04-10 04:00:00+00:00,18.574501,0.87450004,7.891777,8.891343,62.328003,0.0,0.0,0.0,0.0,3.0,10.074499
2023-04-11 04:00:00+00:00,21.6245,2.8745,10.55551,17.373497,253.88206,0.0,0.0,0.0,0.0,3.0,13.368249
2023-04-12 04:00:00+00:00,25.2245,10.7745,15.294711,19.493261,258.32483,0.0,0.0,0.0,0.0,3.0,17.955748
2023-04-13 04:00:00+00:00,27.2245,11.1744995,17.949965,13.441071,245.88966,0.0,0.0,0.0,0.0,1.0,19.4245
2023-04-14 04:00:00+00:00,27.7745,9.874499,18.038994,9.290511,164.6907,0.0,0.0,0.0,0.0,3.0,19.084917
2023-04-15 04:00:00+00:00,24.0245,13.8245,18.150175,14.917212,218.60342,0.0,5.0,1.0,1.0,51.0,18.345335
2023-04-16 04:00:00+00:00,25.924501,11.9244995,17.14134,27.834309,206.52496,0.0,5.0,10.5,10.5,63.0,17.943249
2023-04-17 04:00:00+00:00,10.374499,5.1245003,3.1882076,27.534704,238.1779,0.0,8.0,1.6000001,1.6000001,51.0,7.795332
2023-04-18 04:00:00+00:00,11.7245,2.2745,0.8586319,28.174456,266.00256,0.0,1.0,0.1,0.1,51.0,5.95575
2023-04-19 04:00:00+00:00,18.7245,2.1245,7.7841477,9.1641035,264.61853,0.0,0.0,0.0,0.0,3.0,9.9974165
2023-04-20 04:00:00+00:00,27.6245,7.8245,16.382202,14.658676,215.23102,0.0,0.0,0.0,0.0,3.0,17.991167
2023-04-21 04:00:00+00:00,26.7245,13.2745,17.509953,23.363974,215.35608,0.0,0.0,0.0,0.0,3.0,19.764084
2023-04-22 04:00:00+00:00,14.9745,7.4745,10.003333,19.191748,255.36525,0.0,10.0,5.7999997,5.7999997,61.0,12.045334
2023-04-23 04:00:00+00:00,8.2245,4.2745,3.007928,18.532133,271.21725,0.0,1.0,0.1,0.1,51.0,6.8307495
2023-04-24 04:00:00+00:00,9.9745,1.7744999,2.2995758,19.602652,274.092,0.0,8.0,1.3000001,1.3000001,51.0,5.772417
2023-04-25 04:00:00+00:00,13.0745,1.0745001,4.5394855,10.041354,257.82083,0.0,0.0,0.0,0.0,3.0,7.397417
2023-04-26 04:00:00+00:00,14.124499,2.6745,5.8459115,13.202726,314.71774,0.0,7.0,1.8000001,1.8000001,53.0,8.651583
2023-04-27 04:00:00+00:00,18.7745,1.7245,7.9462886,13.979871,54.869984,0.0,0.0,0.0,0.0,3.0,10.4245
2023-04-28 04:00:00+00:00,13.9244995,10.7245,10.010707,23.469128,106.36658,0.0,16.0,14.1,14.1,61.0,12.589082
2023-04-29 04:00:00+00:00,16.9745,10.0745,10.714832,20.188908,189.88344,0.0,11.0,2.0000002,2.0000002,51.0,12.845333
2023-04-30 04:00:00+00:00,16.3745,7.4745,10.270416,16.808569,229.66418,0.0,5.0,1.0,1.0,51.0,11.989082
2023-05-01 04:00:00+00:00,8.7745,4.1245003,1.2326838,28.512817,239.5121,0.0,18.0,6.1,6.1,53.0,5.9995003
2023-05-02 04:00:00+00:00,6.5745,2.4745,-0.07320744,22.734219,252.50464,0.14,23.0,11.200001,11.0,71.0,4.3453336
2023-05-03 04:00:00+00:00,8.7245,2.6745,1.3679622,18.899143,286.5966,0.0,20.0,7.3,7.3,55.0,5.25575
2023-05-04 04:00:00+00:00,14.8245,6.9745,7.2556243,16.981165,305.91895,0.0,7.0,1.3000001,1.3000001,51.0,9.970333
2023-05-05 04:00:00+00:00,18.174501,3.5245,9.919694,9.339208,28.731125,0.0,0.0,0.0,0.0,3.0,11.453666
2023-05-06 04:00:00+00:00,21.7245,5.5245004,13.284612,10.009036,70.47687,0.0,0.0,0.0,0.0,3.0,14.441166
2023-05-07 04:00:00+00:00,20.1245,11.5245,15.300556,15.281989,196.98709,0.0,10.0,8.1,8.1,63.0,15.757834
2023-05-08 04:00:00+00:00,22.2245,13.5745,17.25743,11.440979,310.40158,0.0,8.0,4.9999995,4.9999995,63.0,17.441166
2023-05-09 04:00:00+00:00,23.2245,11.4244995,14.4468355,16.965895,359.52487,0.0,5.0,1.4000001,1.4000001,53.0,16.141169
2023-05-10 04:00:00+00:00,21.074501,7.3245,12.752434,9.904906,51.132248,0.0,0.0,0.0,0.0,2.0,14.2995
2023-05-11 04:00:00+00:00,24.7745,9.2245,17.301155,6.3690495,97.352234,0.0,0.0,0.0,0.0,3.0,17.601583
2023-05-12 04:00:00+00:00,26.924501,10.6744995,19.576956,8.891343,199.39787,0.0,0.0,0.0,0.0,3.0,19.582832
2023-05-13 04:00:00+00:00,19.2245,14.7745,18.681648,8.311245,20.433006,0.0,13.0,11.500001,11.500001,61.0,17.689081
2023-05-14 04:00:00+00:00,24.9745,13.124499,17.518106,12.605142,21.98921,0.0,0.0,0.0,0.0,3.0,18.52033
2023-05-15 04:00:00+00:00,24.6245,10.5745,15.385437,12.031756,37.541386,0.0,0.0,0.0,0.0,3.0,17.201586
2023-05-16 04:00:00+00:00,22.9745,9.8245,15.074136,17.771753,259.31512,0.0,0.0,0.0,0.0,3.0,16.5745
2023-05-17 04:00:00+00:00,19.324501,9.2745,11.598831,14.917212,336.36124,0.0,0.0,0.0,0.0,3.0,14.191166
2023-05-18 04:00:00+00:00,24.824501,5.6745,12.84431,14.84318,108.31641,0.0,0.0,0.0,0.0,3.0,14.914083
2023-05-19 04:00:00+00:00,24.6245,11.8245,16.664717,15.517629,163.66519,0.0,7.0,14.2,14.2,63.0,17.664083
2023-05-20 04:00:00+00:00,19.7745,11.9745,15.7337265,16.071491,247.21034,0.0,7.0,15.5,15.5,65.0,16.884916
2023-05-21 04:00:00+00:00,24.0245,9.0245,14.942697,12.88981,291.65604,0.0,0.0,0.0,0.0,1.0,16.30575
2023-05-22 04:00:00+00:00,25.2745,9.7245,17.494833,8.350138,78.45335,0.0,0.0,0.0,0.0,1.0,17.914083
2023-05-23 04:00:00+00:00,25.2745,12.7245,18.351011,12.475961,148.98409,0.0,0.0,0.0,0.0,3.0,19.434917
2023-05-24 04:00:00+00:00,26.674501,12.5245,18.122679,20.265795,315.70032,0.0,0.0,0.0,0.0,3.0,19.34325
2023-05-25 04:00:00+00:00,20.2745,7.6745,10.932216,15.815435,41.118862,0.0,0.0,0.0,0.0,3.0,13.943252
2023-05-26 04:00:00+00:00,23.2745,8.4244995,13.433372,14.529915,52.340412,0.0,0.0,0.0,0.0,3.0,16.007833
2023-05-27 04:00:00+00:00,26.174501,8.6744995,16.163969,12.768586,86.29787,0.0,0.0,0.0,0.0,3.0,18.016165
2023-05-28 04:00:00+00:00,26.924501,10.8245,18.027794,13.722565,87.595055,0.0,0.0,0.0,0.0,3.0,19.509916
2023-05-29 04:00:00+00:00,31.0245,14.4745,21.317,18.35647,90.93915,0.0,2.0,0.2,0.2,51.0,22.395334
2023-05-30 04:00:00+00:00,30.2745,16.0245,22.205116,14.081477,117.03521,0.0,0.0,0.0,0.0,1.0,23.064085
2023-05-31 04:00:00+00:00,30.674501,14.2245,20.726362,12.849528,111.96353,0.0,0.0,0.0,0.0,0.0,22.522417
2023-06-01 04:00:00+00:00,32.024498,13.4244995,22.093805,9.3876505,81.796196,0.0,0.0,0.0,0.0,0.0,23.159918
2023-06-02 04:00:00+00:00,33.574497,16.4245,24.730003,14.917212,34.887352,0.0,0.0,0.0,0.0,3.0,24.98075
2023-06-03 04:00:00+00:00,32.3745,19.324501,25.298882,16.831684,33.568375,0.0,2.0,0.3,0.3,51.0,25.428665
2023-06-04 04:00:00+00:00,28.574501,17.5245,20.824926,18.089775,57.879066,0.0,0.0,0.0,0.0,3.0,22.487005
2023-06-05 04:00:00+00:00,27.324501,12.4244995,16.81436,14.587776,23.294569,0.0,0.0,0.0,0.0,3.0,19.326584
2023-06-06 04:00:00+00:00,27.7245,14.4745,18.020796,22.932877,309.67844,0.0,0.0,0.0,0.0,3.0,20.374498
2023-06-07 04:00:00+00:00,24.324501,11.374499,15.901307,15.315873,327.8953,0.0,0.0,0.0,0.0,2.0,17.984915
2023-06-08 04:00:00+00:00,20.424501,10.1744995,13.6116,17.072504,330.04776,0.0,1.0,0.1,0.1,51.0,15.989082
2023-06-09 04:00:00+00:00,23.574501,11.5245,15.866753,18.39878,308.73254,0.0,2.0,0.2,0.2,51.0,17.393248
2023-06-10 04:00:00+00:00,28.574501,13.124499,18.889662,18.0036,260.49103,0.0,0.0,0.0,0.0,3.0,20.547415
2023-06-11 04:00:00+00:00,29.6245,14.2745,20.201082,21.767351,179.65065,0.0,4.0,3.8,3.8,61.0,20.5995
2023-06-12 04:00:00+00:00,19.2745,14.6744995,17.219355,21.900904,261.88968,0.0,9.0,8.5,8.5,63.0,17.716167
2023-06-13 04:00:00+00:00,21.6245,11.3245,14.059079,25.212852,233.99916,0.0,8.0,12.200001,12.200001,63.0,15.7995
2023-06-14 04:00:00+00:00,20.824501,13.8245,14.537299,28.460497,263.8981,0.0,14.0,21.1,21.1,63.0,16.666168
2023-06-15 04:00:00+00:00,23.6245,11.374499,17.455112,9.511088,242.91649,0.0,0.0,0.0,0.0,3.0,17.7245
2023-06-16 04:00:00+00:00,22.924501,15.2245,17.984653,19.734436,325.67386,0.0,12.0,14.600001,14.600001,63.0,17.864082
2023-06-17 04:00:00+00:00,24.2245,12.2245,17.161554,17.713316,312.56802,0.0,0.0,0.0,0.0,3.0,18.009918
2023-06-18 04:00:00+00:00,25.824501,11.6744995,19.819088,8.647496,160.23274,0.0,0.0,0.0,0.0,3.0,19.24325
2023-06-19 04:00:00+00:00,30.2745,14.1744995,22.929346,17.283749,104.591995,0.0,0.0,0.0,0.0,3.0,22.307833
2023-06-20 04:00:00+00:00,26.3745,18.674501,23.136362,17.015474,91.098656,0.0,7.0,2.9999998,2.9999998,55.0,22.043253
2023-06-21 04:00:00+00:00,26.4745,17.424501,21.276865,21.2522,94.44506,0.0,3.0,0.4,0.4,51.0,21.534918
2023-06-22 04:00:00+00:00,23.074501,14.6744995,17.70613,17.698677,92.30552,0.0,15.0,8.400001,8.400001,61.0,18.13075
2023-06-23 04:00:00+00:00,24.574501,16.1245,21.652052,11.212135,122.08879,0.0,16.0,8.1,8.1,61.0,20.001583
2023-06-24 04:00:00+00:00,25.4745,17.5245,22.620222,13.783817,272.66,0.0,10.0,2.8,2.8,53.0,20.697418
2023-06-25 04:00:00+00:00,29.7245,16.3745,25.199629,13.608762,216.04697,0.0,7.0,1.6000001,1.6000001,51.0,22.797417
2023-06-26 04:00:00+00:00,25.2245,18.7745,22.948242,17.709658,201.15489,0.0,14.0,24.1,24.1,65.0,21.4745
2023-06-27 04:00:00+00:00,22.5245,17.424501,20.352375,18.448023,261.0525,0.0,15.0,19.3,19.3,65.0,19.372416
2023-06-28 04:00:00+00:00,25.674501,15.5245,20.029133,17.429354,310.88696,0.0,6.0,0.6,0.6,51.0,19.887003
2023-06-29 04:00:00+00:00,28.074501,14.2245,23.022524,10.24578,122.887375,0.0,0.0,0.0,0.0,3.0,21.016165
2023-06-30 04:00:00+00:00,27.8745,18.174501,24.62494,12.413477,193.97469,0.0,4.0,0.6,0.6,51.0,22.730751
2023-07-01 04:00:00+00:00,28.2745,19.5245,26.411171,13.324863,211.8075,0.0,16.0,11.700001,11.700001,63.0,23.13075
2023-07-02 04:00:00+00:00,28.424501,20.0245,25.244843,21.407139,215.33868,0.0,11.0,8.599999,8.599999,61.0,22.68075
2023-07-03 04:00:00+00:00,25.574501,20.0245,24.884277,12.245294,214.42761,0.0,15.0,16.700003,16.700003,65.0,22.084917
2023-07-04 04:00:00+00:00,28.6245,19.0245,26.565155,8.78872,294.58154,0.0,6.0,0.90000004,0.90000004,51.0,23.37242
2023-07-05 04:00:00+00:00,30.4745,20.2245,29.167328,7.754637,129.80553,0.0,0.0,0.0,0.0,3.0,25.1995
2023-07-06 04:00:00+00:00,30.924501,20.324501,28.718767,16.039202,197.97984,0.0,2.0,0.3,0.3,51.0,25.122416
2023-07-07 04:00:00+00:00,27.3745,20.074501,26.470383,10.966713,325.95398,0.0,7.0,2.0,2.0,53.0,23.5245
2023-07-08 04:00:00+00:00,29.674501,16.3745,24.905447,9.028754,91.487854,0.0,0.0,0.0,0.0,3.0,23.164085
2023-07-09 04:00:00+00:00,26.424501,19.674501,24.827202,10.041354,271.69888,0.0,15.0,7.1,7.1,61.0,21.934921
2023-07-10 04:00:00+00:00,27.924501,16.574501,23.473396,11.019764,307.20392,0.0,4.0,0.6,0.6,51.0,21.853668
2023-07-11 04:00:00+00:00,30.324501,16.5245,24.39357,14.512064,226.89334,0.0,0.0,0.0,0.0,3.0,23.234919
2023-07-12 04:00:00+00:00,30.3745,18.574501,25.818705,11.720751,219.44144,0.0,5.0,0.5,0.5,51.0,24.218252
2023-07-13 04:00:00+00:00,32.524498,20.424501,26.479065,21.794127,230.95612,0.0,2.0,1.1,1.1,55.0,25.422417
2023-07-14 04:00:00+00:00,28.574501,20.3745,26.907927,10.390226,232.7745,0.0,6.0,1.5000001,1.5000001,53.0,23.780752
2023-07-15 04:00:00+00:00,30.7245,19.7245,27.161692,11.620809,169.63084,0.0,7.0,3.9,3.9,61.0,24.093252
2023-07-16 04:00:00+00:00,28.2745,19.9745,26.348959,11.901798,267.87433,0.0,3.0,0.70000005,0.70000005,51.0,23.501585
2023-07-17 04:00:00+00:00,29.2245,19.424501,24.652723,16.575644,216.81673,0.0,5.0,12.7,12.7,63.0,22.576584
2023-07-18 04:00:00+00:00,26.8745,19.324501,24.34141,12.88981,228.7799,0.0,8.0,2.8000002,2.8000002,55.0,22.191168
2023-07-19 04:00:00+00:00,26.9745,18.574501,25.617186,7.7879906,245.0261,0.0,7.0,1.6,1.6,53.0,22.601585
2023-07-20 04:00:00+00:00,28.9745,18.5245,25.434023,12.768586,201.65045,0.0,6.0,12.5,12.5,63.0,23.266165
2023-07-21 04:00:00+00:00,27.174501,18.5245,22.708704,19.878391,295.7422,0.0,7.0,1.7,1.7,53.0,21.655752
2023-07-22 04:00:00+00:00,26.2745,15.0745,22.647766,8.287822,314.20798,0.0,2.0,0.2,0.2,51.0,21.045334
2023-07-23 04:00:00+00:00,28.7245,17.7245,24.724463,7.24486,220.8623,0.0,0.0,0.0,0.0,1.0,22.874502
2023-07-24 04:00:00+00:00,30.074501,17.924501,25.502083,11.966953,228.56816,0.0,1.0,0.1,0.1,51.0,23.737
2023-07-25 04:00:00+00:00,27.2245,18.324501,25.171295,9.83268,196.4825,0.0,9.0,4.7,4.7,63.0,22.655754
2023-07-26 04:00:00+00:00,32.1245,18.6245,27.515654,16.071491,187.706,0.0,1.0,5.3,5.3,63.0,25.089087
2023-07-27 04:00:00+00:00,30.574501,22.5245,29.401468,24.162947,227.4478,0.0,6.0,2.7,2.7,55.0,26.480751
2023-07-28 04:00:00+00:00,32.3245,21.7245,29.458748,19.346441,218.1221,0.0,12.0,8.500001,8.500001,63.0,25.541166
2023-07-29 04:00:00+00:00,28.1245,20.3745,25.68656,25.721743,265.07452,0.0,10.0,11.600001,11.600001,65.0,23.574503
2023-07-30 04:00:00+00:00,26.174501,16.674501,23.444967,7.968939,317.84665,0.0,3.0,0.70000005,0.70000005,53.0,21.272417
2023-07-31 04:00:00+00:00,25.324501,15.5745,20.940538,13.905509,335.97974,0.0,0.0,0.0,0.0,3.0,20.530748
2023-08-01 04:00:00+00:00,26.5245,15.2245,20.865181,11.753876,325.5787,0.0,2.0,0.2,0.2,51.0,20.36825
2023-08-02 04:00:00+00:00,26.9745,15.374499,22.50866,8.287822,123.02388,0.0,2.0,0.2,0.2,51.0,21.130747
2023-08-03 04:00:00+00:00,28.6245,17.424501,25.21295,8.311245,155.73616,0.0,4.0,0.5,0.5,51.0,22.91617
2023-08-04 04:00:00+00:00,30.174501,17.674501,25.951117,14.255272,286.0977,0.0,3.0,2.5,2.5,61.0,23.697416
2023-08-05 04:00:00+00:00,28.074501,16.2745,24.160645,9.793058,3.402682,0.0,0.0,0.0,0.0,3.0,22.214083
2023-08-06 04:00:00+00:00,29.674501,18.7245,25.288307,20.608229,149.37912,0.0,7.0,10.599999,10.599999,63.0,22.832834
2023-08-07 04:00:00+00:00,26.7245,19.7745,24.03859,22.42427,219.48253,0.0,18.0,20.199999,20.199999,63.0,21.9495
2023-08-08 04:00:00+00:00,27.2245,16.2745,21.295103,24.033876,281.93997,0.0,2.0,0.2,0.2,51.0,21.457832
2023-08-09 04:00:00+00:00,27.424501,17.2745,23.360878,13.556282,250.91351,0.0,2.0,0.2,0.2,51.0,22.134916
2023-08-10 04:00:00+00:00,26.5245,19.2245,23.885725,17.068707,264.1362,0.0,16.0,11.600002,11.600002,63.0,22.220335
2023-08-11 04:00:00+00:00,27.1245,17.3745,23.466484,13.627795,259.05215,0.0,3.0,0.8,0.8,53.0,22.487001
2023-08-12 04:00:00+00:00,30.824501,19.2245,25.855066,17.673029,215.1264,0.0,9.0,8.7,8.7,63.0,23.622416
2023-08-13 04:00:00+00:00,28.424501,19.1245,25.177855,13.708391,266.87436,0.0,2.0,0.3,0.3,51.0,23.374502
2023-08-14 04:00:00+00:00,26.174501,19.5245,25.295855,9.178235,131.33574,0.0,11.0,14.5,14.5,63.0,22.262
2023-08-15 04:00:00+00:00,25.9745,19.324501,24.240396,16.645864,243.90288,0.0,14.0,3.2999997,3.2999997,53.0,22.372421
2023-08-16 04:00:00+00:00,25.174501,17.2245,22.341578,10.823973,274.44727,0.0,4.0,0.70000005,0.70000005,51.0,20.747417
2023-08-17 04:00:00+00:00,27.1245,16.7245,22.610918,20.969807,210.12016,0.0,4.0,5.5,5.5,63.0,21.79325
2023-08-18 04:00:00+00:00,23.324501,15.874499,18.37026,22.26477,290.73035,0.0,6.0,2.7999995,2.7999995,61.0,19.189085
2023-08-19 04:00:00+00:00,25.2745,12.6744995,19.19854,8.557102,272.2369,0.0,0.0,0.0,0.0,3.0,18.889082
2023-08-20 04:00:00+00:00,29.9745,15.0245,23.499771,9.114471,202.19774,0.0,0.0,0.0,0.0,2.0,22.009918
2023-08-21 04:00:00+00:00,32.024498,18.3745,27.44992,12.324414,313.31537,0.0,0.0,0.0,0.0,3.0,24.509918
2023-08-22 04:00:00+00:00,26.324501,17.2245,22.708956,10.239453,14.760493,0.0,0.0,0.0,0.0,3.0,21.622416
2023-08-23 04:00:00+00:00,28.924501,15.874499,22.352934,13.698934,162.48764,0.0,0.0,0.0,0.0,3.0,21.391167
2023-08-24 04:00:00+00:00,29.9745,19.4745,26.067802,14.20062,199.16724,0.0,4.0,1.6,1.6,53.0,23.7995
2023-08-25 04:00:00+00:00,29.5245,20.7245,26.989595,18.193361,254.46957,0.0,10.0,6.3000007,6.3000007,63.0,24.107832
2023-08-26 04:00:00+00:00,27.5245,18.1245,25.156097,12.605142,348.9063,0.0,3.0,0.3,0.3,51.0,22.947416
2023-08-27 04:00:00+00:00,27.1245,16.074501,22.254663,11.183201,8.145742,0.0,1.0,0.1,0.1,51.0,21.103666
2023-08-28 04:00:00+00:00,28.174501,17.174501,24.359335,9.83268,8.695409,0.0,1.0,0.1,0.1,51.0,22.21617
2023-08-29 04:00:00+00:00,27.324501,18.174501,24.675379,12.144331,225.50253,0.0,7.0,1.5000001,1.5000001,51.0,22.072418
2023-08-30 04:00:00+00:00,23.324501,16.4245,19.006617,17.49615,321.259,0.0,0.0,0.0,0.0,3.0,19.53075
2023-08-31 04:00:00+00:00,24.9745,14.2745,18.216198,13.896187,15.898103,0.0,0.0,0.0,0.0,3.0,18.889084
2023-09-01 04:00:00+00:00,26.074501,12.3245,18.90653,11.525623,76.2269,0.0,0.0,0.0,0.0,0.0,19.101583
2023-09-02 04:00:00+00:00,30.3745,15.124499,23.489412,11.183201,227.02419,0.0,0.0,0.0,0.0,3.0,22.30783
2023-09-03 04:00:00+00:00,32.2245,19.2245,27.503769,15.517629,253.07602,0.0,0.0,0.0,0.0,3.0,25.503664
2023-09-04 04:00:00+00:00,32.9245,20.8745,29.086052,11.901798,265.19492,0.0,0.0,0.0,0.0,3.0,26.345331
2023-09-05 04:00:00+00:00,32.9745,19.2245,29.162931,8.39657,290.11264,0.0,0.0,0.0,0.0,1.0,26.062002
2023-09-06 04:00:00+00:00,34.074497,20.7245,28.97178,16.78156,203.09976,0.0,1.0,0.1,0.1,51.0,26.69325
2023-09-07 04:00:00+00:00,28.7245,20.7745,26.122215,16.766108,223.66782,0.0,12.0,2.7,2.7,53.0,23.520332
2023-09-08 04:00:00+00:00,25.324501,17.924501,23.817087,9.585739,282.29135,0.0,10.0,2.1999998,2.1999998,53.0,21.126585
2023-09-09 04:00:00+00:00,24.3745,16.074501,21.724268,11.367109,357.0327,0.0,6.0,7.7999997,7.7999997,63.0,20.10575
2023-09-10 04:00:00+00:00,24.6245,17.574501,22.696333,11.966953,341.23315,0.0,14.0,15.000001,15.000001,63.0,20.720333
2023-09-11 04:00:00+00:00,26.2745,16.6245,22.170507,8.699793,326.25574,0.0,2.0,0.2,0.2,51.0,20.728666
2023-09-12 04:00:00+00:00,25.4745,16.4745,21.691225,8.891344,215.08733,0.0,7.0,3.4,3.4,55.0,20.103666
2023-09-13 04:00:00+00:00,21.8745,14.9244995,18.526396,12.313893,311.61356,0.0,6.0,0.70000005,0.70000005,51.0,18.059916
2023-09-14 04:00:00+00:00,21.7245,10.2245,15.021221,11.792404,359.30835,0.0,0.0,0.0,0.0,3.0,15.864082
2023-09-15 04:00:00+00:00,21.9745,9.4244995,14.220777,9.686609,38.280643,0.0,0.0,0.0,0.0,0.0,15.295333
2023-09-16 04:00:00+00:00,23.2745,10.4244995,16.223255,7.5685663,357.64087,0.0,0.0,0.0,0.0,3.0,16.314085
2023-09-17 04:00:00+00:00,21.424501,12.0245,16.387333,8.473393,74.31403,0.0,8.0,2.4,2.4,53.0,16.29117
2023-09-18 04:00:00+00:00,21.8745,12.9244995,16.107248,15.856354,310.52902,0.0,0.0,0.0,0.0,3.0,16.768251
2023-09-19 04:00:00+00:00,20.574501,10.6744995,15.052761,10.464797,287.52563,0.0,0.0,0.0,0.0,3.0,15.639083
2023-09-20 04:00:00+00:00,23.074501,11.374499,17.030573,8.350138,157.38008,0.0,0.0,0.0,0.0,3.0,17.155748
2023-09-21 04:00:00+00:00,25.3745,12.3245,18.392078,9.387651,53.265465,0.0,0.0,0.0,0.0,3.0,18.434917
2023-09-22 04:00:00+00:00,23.074501,12.374499,16.380846,14.044615,77.18806,0.0,0.0,0.0,0.0,3.0,17.528666
2023-09-23 04:00:00+00:00,18.0245,12.5745,12.383492,17.782688,46.407845,0.0,10.0,2.1,2.1,51.0,14.48075
2023-09-24 04:00:00+00:00,18.174501,13.2245,15.061198,16.548256,31.62509,0.0,16.0,5.8999996,5.8999996,61.0,15.3724165
2023-09-25 04:00:00+00:00,21.1245,15.0745,18.513498,11.252519,44.508274,0.0,7.0,0.8000001,0.8000001,51.0,17.697414
2023-09-26 04:00:00+00:00,18.574501,14.624499,15.032178,16.981165,91.83532,0.0,1.0,0.1,0.1,51.0,16.212
2023-09-27 04:00:00+00:00,22.4745,13.8245,16.14489,15.256526,105.84817,0.0,5.0,3.1,3.1,55.0,17.35575
2023-09-28 04:00:00+00:00,23.324501,12.7745,15.738853,15.124284,114.62677,0.0,2.0,3.2,3.2,63.0,16.639082
2023-09-29 04:00:00+00:00,23.2245,12.0745,17.940847,10.661107,71.37834,0.0,3.0,1.2,1.2,55.0,17.297415
2023-09-30 04:00:00+00:00,23.2245,13.124499,18.38286,7.628263,40.09436,0.0,0.0,0.0,0.0,3.0,17.709917
2023-10-01 04:00:00+00:00,25.9745,13.3245,19.706215,8.699793,26.297884,0.0,0.0,0.0,0.0,0.0,18.976582
2023-10-02 04:00:00+00:00,27.2745,14.374499,21.359018,8.049845,41.01559,0.0,0.0,0.0,0.0,2.0,20.155748
2023-10-03 04:00:00+00:00,27.9745,14.7245,22.447977,7.5170207,73.0724,0.0,0.0,0.0,0.0,1.0,21.041166
2023-10-04 04:00:00+00:00,27.674501,14.9244995,21.30982,12.43434,147.64543,0.0,0.0,0.0,0.0,3.0,20.791166
2023-10-05 04:00:00+00:00,27.324501,15.4244995,20.542809,16.800856,170.61856,0.0,1.0,0.1,0.1,51.0,20.874502
2023-10-06 04:00:00+00:00,21.324501,16.2245,18.553938,15.580141,200.90707,0.0,17.0,10.5,10.5,61.0,18.105751
2023-10-07 04:00:00+00:00,15.8245,9.2245,8.831172,20.898611,278.71085,0.0,2.0,0.2,0.2,51.0,12.032829
2023-10-08 04:00:00+00:00,13.5245,7.3245,5.528607,26.302181,270.9057,0.0,0.0,0.0,0.0,3.0,10.047417
2023-10-09 04:00:00+00:00,13.874499,6.7245,6.6611896,16.645864,247.09154,0.0,0.0,0.0,0.0,3.0,10.066167
2023-10-10 04:00:00+00:00,16.7745,6.6245003,8.551882,21.659916,239.58897,0.0,0.0,0.0,0.0,3.0,11.930751
2023-10-11 04:00:00+00:00,18.424501,7.0245004,9.300906,16.1198,230.69197,0.0,0.0,0.0,0.0,3.0,12.301582
2023-10-12 04:00:00+00:00,20.8745,8.5245,12.414811,13.1041975,83.019066,0.0,0.0,0.0,0.0,3.0,14.037002
2023-10-13 04:00:00+00:00,18.9745,7.8745003,10.356815,13.044722,49.768818,0.0,0.0,0.0,0.0,3.0,12.8745
2023-10-14 04:00:00+00:00,17.2745,8.4745,11.902276,19.416653,48.49903,0.0,20.0,21.6,21.6,63.0,13.186999
2023-10-15 04:00:00+00:00,13.0745,7.6745,6.363581,19.05281,327.27524,0.0,3.0,0.4,0.4,51.0,9.639083
2023-10-16 04:00:00+00:00,12.5745,6.4745,7.269142,14.904173,317.00766,0.0,5.0,0.5,0.5,51.0,9.728666
2023-10-17 04:00:00+00:00,12.624499,8.624499,8.6636095,11.792404,302.13498,0.0,3.0,0.3,0.3,51.0,10.776584
2023-10-18 04:00:00+00:00,14.6744995,5.5745,8.58629,10.703569,181.4896,0.0,2.0,0.2,0.2,51.0,10.55575
2023-10-19 04:00:00+00:00,18.9745,6.9745,10.414737,21.518847,172.71202,0.0,0.0,0.0,0.0,3.0,12.764083
2023-10-20 04:00:00+00:00,15.7745,10.374499,11.112979,20.240198,208.14151,0.0,18.0,16.699999,16.699999,63.0,12.907834
2023-10-21 04:00:00+00:00,14.4244995,9.8245,8.061141,22.963936,277.34348,0.0,13.0,2.8999999,2.8999999,55.0,11.03075
2023-10-22 04:00:00+00:00,12.7745,5.8745003,5.707016,22.415602,310.80487,0.0,2.0,0.2,0.2,51.0,9.2682495
2023-10-23 04:00:00+00:00,14.4244995,1.1745,5.4426646,9.028754,229.65031,0.0,0.0,0.0,0.0,1.0,7.6890817
2023-10-24 04:00:00+00:00,22.2245,5.5745,10.6888685,12.074766,182.46275,0.0,0.0,0.0,0.0,1.0,12.859917
2023-10-25 04:00:00+00:00,21.9745,12.5745,14.274285,13.830749,196.13734,0.0,0.0,0.0,0.0,3.0,16.320333
2023-10-26 04:00:00+00:00,22.174501,10.1744995,15.133774,13.53236,198.463,0.0,0.0,0.0,0.0,3.0,16.674501
2023-10-27 04:00:00+00:00,24.674501,15.6744995,18.861326,19.376562,217.35909,0.0,7.0,1.6,1.6,51.0,19.328669
2023-10-28 04:00:00+00:00,21.174501,14.8245,17.746328,17.114204,274.06073,0.0,4.0,0.8,0.8,53.0,17.620337
2023-10-29 04:00:00+00:00,14.624499,11.7745,12.784911,10.009036,3.3066633,0.0,19.0,24.100002,24.100002,63.0,13.10575
2023-10-30 04:00:00+00:00,13.124499,4.9745,8.029464,16.1198,303.1084,0.0,21.0,16.6,16.6,63.0,10.009916
2023-10-31 04:00:00+00:00,7.7245,3.0245,2.1448941,14.417988,243.435,0.42000002,2.0,0.70000005,0.1,73.0,5.4120007
2023-11-01 04:00:00+00:00,5.7745004,-1.0755,-2.378705,22.59699,287.60736,0.07,1.0,0.1,0.0,71.0,2.5557501
2023-11-02 04:00:00+00:00,8.7245,-1.6255,-0.9181559,13.217443,204.91441,0.0,0.0,0.0,0.0,3.0,3.0828333
2023-11-03 04:00:00+00:00,14.2245,1.3245001,2.8803213,16.394829,192.62354,0.0,0.0,0.0,0.0,3.0,7.08075
2023-11-04 04:00:00+00:00,15.624499,6.3245,7.0583625,9.686609,198.00716,0.0,1.0,0.1,0.1,51.0,10.070333
2023-11-05 04:00:00+00:00,14.9745,5.1245003,7.1078095,11.183201,303.3147,0.0,0.0,0.0,0.0,3.0,9.609916
2023-11-06 04:00:00+00:00,17.3745,3.6745,7.598873,21.99538,184.38402,0.0,0.0,0.0,0.0,3.0,10.822417
2023-11-07 04:00:00+00:00,18.674501,8.0245,12.31919,22.065973,270.6796,0.0,1.0,0.1,0.1,51.0,15.139083
2023-11-08 04:00:00+00:00,14.8245,3.7245,6.3540344,12.55879,89.69925,0.0,0.0,0.0,0.0,3.0,9.0599165
2023-11-09 04:00:00+00:00,17.5245,6.9745,10.713947,20.898613,261.0834,0.0,4.0,2.4,2.4,55.0,13.034916
2023-11-10 04:00:00+00:00,12.3245,7.0745,5.4222927,17.873556,234.63995,0.0,0.0,0.0,0.0,3.0,8.874501
2023-11-11 04:00:00+00:00,10.4745,3.2245,4.096137,10.1887,310.387,0.0,1.0,0.1,0.1,51.0,6.830751
2023-11-12 04:00:00+00:00,10.7745,0.87450004,2.1139286,9.726664,41.402218,0.0,0.0,0.0,0.0,3.0,5.2745
2023-11-13 04:00:00+00:00,14.2245,0.82449996,3.1496794,20.06334,238.84566,0.0,0.0,0.0,0.0,0.0,6.6349163
2023-11-14 04:00:00+00:00,12.0745,2.7745,4.099352,16.039202,298.14667,0.0,0.0,0.0,0.0,0.0,7.1307487
2023-11-15 04:00:00+00:00,17.2245,0.9245,4.8232408,15.546833,196.90846,0.0,0.0,0.0,0.0,3.0,8.203668
2023-11-16 04:00:00+00:00,18.0245,3.2745,6.900167,11.609651,185.92674,0.0,0.0,0.0,0.0,3.0,9.747417
2023-11-17 04:00:00+00:00,18.0245,9.5745,10.020322,18.331741,207.74512,0.0,9.0,12.6,12.6,63.0,12.6536665
2023-11-18 04:00:00+00:00,9.0245,1.1745,1.9531168,17.906157,315.2363,0.0,1.0,0.2,0.2,51.0,5.6099167
2023-11-19 04:00:00+00:00,12.1744995,0.82449996,1.7609869,14.113653,271.1751,0.0,0.0,0.0,0.0,0.0,5.505749
2023-11-20 04:00:00+00:00,9.0245,0.2245,0.27203968,14.799459,63.615166,0.0,0.0,0.0,0.0,3.0,4.187
2023-11-21 04:00:00+00:00,8.7745,3.8244998,2.3023992,20.620804,127.00263,0.0,17.0,21.099998,21.099998,63.0,6.0411663
2023-11-22 04:00:00+00:00,9.7745,4.6245003,4.2388444,16.179985,276.20624,0.0,5.0,0.5,0.5,51.0,7.347416
2023-11-23 04:00:00+00:00,9.8245,2.5245,1.5413109,19.694992,247.98143,0.0,0.0,0.0,0.0,3.0,5.328666
2023-11-24 04:00:00+00:00,5.6745,-0.22549999,-0.56751925,14.618837,324.76382,0.0,0.0,0.0,0.0,3.0,3.1786668
2023-11-25 04:00:00+00:00,6.1245003,-3.5255,-3.288614,10.483357,75.22367,0.0,0.0,0.0,0.0,3.0,0.65575
2023-11-26 04:00:00+00:00,10.7245,0.5245,2.0083408,16.704155,171.94012,0.0,5.0,3.3999999,3.3999999,55.0,5.3557506
2023-11-27 04:00:00+00:00,7.4245,-0.37550002,-3.3944247,24.627787,259.26407,0.70000005,6.0,2.0,1.0,73.0,1.9411668
2023-11-28 04:00:00+00:00,-0.5255,-4.8754997,-9.173844,26.654589,270.91806,0.28,3.0,0.4,0.0,71.0,-3.088
2023-11-29 04:00:00+00:00,2.5245,-6.3754997,-7.916886,17.373497,218.65979,0.0,0.0,0.0,0.0,3.0,-2.5879998
2023-11-30 04:00:00+00:00,10.624499,-1.9255002,-0.46210456,16.267857,208.0841,0.0,0.0,0.0,0.0,3.0,3.8640833
2023-12-01 04:00:00+00:00,8.7745,5.7245,3.9188564,13.527572,185.28114,0.0,8.0,4.3,4.3,61.0,6.8995004
2023-12-02 04:00:00+00:00,15.4244995,9.1744995,9.629386,17.673029,232.85976,0.0,2.0,0.8,0.8,53.0,11.5995
2023-12-03 04:00:00+00:00,15.624499,7.4745,7.8922105,22.148045,249.64157,0.0,14.0,23.000002,23.000002,63.0,10.109916
2023-12-04 04:00:00+00:00,7.4245,4.2245,1.6453716,17.31746,263.78308,0.0,0.0,0.0,0.0,3.0,5.6390834
2023-12-05 04:00:00+00:00,4.4245,0.4245,-0.71176773,11.525623,259.24072,0.14,8.0,1.3000001,1.1,71.0,2.5849164
2023-12-06 04:00:00+00:00,4.0245,-1.5255,-2.4889102,18.218275,304.90115,0.21000001,4.0,0.5,0.2,71.0,1.6953335
2023-12-07 04:00:00+00:00,7.6745,-1.7255001,-1.012951,18.391737,227.98714,0.0,0.0,0.0,0.0,3.0,3.1495
2023-12-08 04:00:00+00:00,13.7245,1.7245,2.9951031,14.689589,184.26543,0.0,0.0,0.0,0.0,3.0,6.7994995
2023-12-09 04:00:00+00:00,16.2745,6.7745004,8.008952,18.72,177.61992,0.0,0.0,0.0,0.0,3.0,11.264084
2023-12-10 04:00:00+00:00,14.124499,2.2245,5.2757406,16.981165,271.3418,0.0,17.0,7.6999993,7.6999993,61.0,8.012
2023-12-11 04:00:00+00:00,2.9745,-0.42549998,-2.8232355,20.808498,287.08066,0.0,1.0,0.1,0.1,51.0,1.889083
2023-12-12 04:00:00+00:00,7.7245,-2.9255002,-2.5694501,20.390114,221.4824,0.0,0.0,0.0,0.0,2.0,2.1828334
2023-12-13 04:00:00+00:00,4.8245,-2.8755,-3.4464862,13.202726,276.44284,0.0,0.0,0.0,0.0,1.0,0.80991673
2023-12-14 04:00:00+00:00,6.6245003,-3.4255002,-3.7767878,12.55879,241.62923,0.0,0.0,0.0,0.0,0.0,0.46408322
2023-12-15 04:00:00+00:00,10.7245,-1.8255,-0.61240363,10.296251,225.98763,0.0,0.0,0.0,0.0,3.0,3.009917
2023-12-16 04:00:00+00:00,13.0745,-0.9255,1.6529508,14.003028,115.87826,0.0,0.0,0.0,0.0,3.0,5.241167
2023-12-17 04:00:00+00:00,11.0745,6.5245004,4.993005,15.277749,134.03181,0.0,13.0,5.9,5.9,61.0,7.94325
2023-12-18 04:00:00+00:00,7.5745,0.5745,-0.46895823,27.908709,278.68103,0.63,12.0,2.3,1.4000001,73.0,4.224499
2023-12-19 04:00:00+00:00,0.3245,-3.5755002,-6.458206,27.362366,280.4859,0.07,1.0,0.1,0.0,71.0,-0.9942501
2023-12-20 04:00:00+00:00,5.7745004,-4.3754997,-5.051176,9.449572,207.17506,0.0,0.0,0.0,0.0,2.0,-1.0296667
2023-12-21 04:00:00+00:00,5.4245,-3.2755,-2.6340473,6.297428,91.743225,0.0,0.0,0.0,0.0,3.0,0.78283334
2023-12-22 04:00:00+00:00,8.3245,0.3245,0.6057966,6.6185193,139.66692,0.0,0.0,0.0,0.0,3.0,3.6286666
2023-12-23 04:00:00+00:00,8.4244995,1.8745,2.032079,11.367109,166.86594,0.0,5.0,2.4,2.4,55.0,5.295334
2023-12-24 04:00:00+00:00,11.874499,5.8745003,6.3292127,9.449572,156.28264,0.0,5.0,1.8000001,1.8000001,53.0,8.0745
2023-12-25 04:00:00+00:00,14.4745,4.3745003,7.065416,14.84318,114.08745,0.0,3.0,0.8000001,0.8000001,53.0,9.155749
2023-12-26 04:00:00+00:00,13.374499,8.5245,8.196939,14.336861,122.97416,0.0,15.0,5.2000003,5.2000003,53.0,10.453666
2023-12-27 04:00:00+00:00,12.0745,7.1745,9.246955,14.168641,119.313484,0.0,11.0,15.500001,15.500001,63.0,10.534917
2023-12-28 04:00:00+00:00,10.624499,4.1745,5.5024076,15.7908325,244.44426,0.0,4.0,1.9,1.9,53.0,8.066167
2023-12-29 04:00:00+00:00,5.3745003,-0.07550001,-0.5506357,15.990646,247.75418,0.07,2.0,0.3,0.2,71.0,3.3390837
2023-12-30 04:00:00+00:00,3.7245,1.5745001,-1.4842333,17.654688,252.14857,0.07,13.0,1.4000002,1.3000002,71.0,2.5890834
2023-12-31 04:00:00+00:00,4.8745003,-0.8755,-1.2150196,16.299694,209.56941,0.0,8.0,1.1,1.1,51.0,2.5245001
2024-01-01 04:00:00+00:00,4.1745,0.12450001,-2.1172686,15.072783,276.05936,1.05,11.0,2.3,0.8,73.0,1.7974168
2024-01-02 04:00:00+00:00,4.0745,-1.6255,-3.7788785,16.45007,253.13466,0.07,1.0,0.1,0.0,71.0,0.6099167
2024-01-03 04:00:00+00:00,5.2245,-2.9755,-3.682766,15.042659,233.27579,0.0,0.0,0.0,0.0,3.0,0.46616665
2024-01-04 04:00:00+00:00,1.2745,-3.5255,-4.803039,20.240198,310.9215,0.63,6.0,0.90000004,0.0,73.0,-0.2484167
2024-01-05 04:00:00+00:00,2.3245,-4.6254997,-5.3268213,8.707237,274.30435,0.0,0.0,0.0,0.0,3.0,-1.5775833
2024-01-06 04:00:00+00:00,1.4245,-2.5255,-4.018603,18.218275,87.029274,5.11,8.0,7.6,0.29999998,75.0,-0.16508338
2024-01-07 04:00:00+00:00,3.0744998,0.5745,-2.6806333,18.36353,262.63754,0.90999997,16.0,2.1000001,0.8,71.0,1.4036666
2024-01-08 04:00:00+00:00,4.7245,-0.6755,-2.313646,16.65754,234.02313,0.0,0.0,0.0,0.0,3.0,1.4932504
2024-01-09 04:00:00+00:00,8.624499,0.4245,-0.43803552,28.394392,130.83655,4.27,17.0,43.6,37.5,75.0,4.341166
2024-01-10 04:00:00+00:00,6.2245,1.5244999,-2.2947385,32.789658,240.94547,0.28,6.0,1.1000001,0.70000005,71.0,3.137
2024-01-11 04:00:00+00:00,7.5745,-1.3755,-1.5506741,28.61264,238.01613,0.0,0.0,0.0,0.0,3.0,2.995333
2024-01-12 04:00:00+00:00,6.7245,-2.4755,-2.057449,30.190672,122.925644,0.35,6.0,4.7999997,4.2999997,73.0,2.41825
2024-01-13 04:00:00+00:00,6.3745003,-3.3755,-5.6211567,33.75948,237.234,0.0,3.0,0.6,0.6,51.0,0.6411666
2024-01-14 04:00:00+00:00,-2.6755002,-9.9255,-12.04275,29.644857,251.40999,0.70000005,6.0,0.90000004,0.0,73.0,-5.585917
2024-01-15 04:00:00+00:00,-3.8755,-10.375501,-12.21558,10.805999,252.72618,0.28,4.0,0.4,0.0,71.0,-7.452584
2024-01-16 04:00:00+00:00,-6.0255,-11.8255005,-13.050004,19.201874,281.81534,2.38,13.0,3.4,0.0,73.0,-8.008834
2024-01-17 04:00:00+00:00,-5.4754996,-13.1755,-16.157644,22.782625,234.57542,0.0,0.0,0.0,0.0,3.0,-9.942168
2024-01-18 04:00:00+00:00,-0.7755,-7.5255,-9.1583,17.429354,221.94202,0.42,5.0,0.6,0.0,71.0,-3.9692504
2024-01-19 04:00:00+00:00,-2.1255,-7.3255,-8.518544,19.296135,328.94156,3.57,18.0,5.1999993,0.099999994,73.0,-4.042166
2024-01-20 04:00:00+00:00,-7.8255,-10.4755,-14.79274,22.545315,285.94547,0.21000001,3.0,0.3,0.0,71.0,-8.860918
2024-01-21 04:00:00+00:00,-4.0255,-8.9255,-11.759305,14.869351,272.6498,0.0,0.0,0.0,0.0,3.0,-6.8505
2024-01-22 04:00:00+00:00,2.3245,-11.0255,-8.679234,13.783817,201.13173,0.0,0.0,0.0,0.0,3.0,-4.1546664
2024-01-23 04:00:00+00:00,6.9245,-0.42549998,-0.6030752,9.449572,170.47783,0.0,2.0,0.3,0.3,51.0,2.8161666
2024-01-24 04:00:00+00:00,10.7245,3.4245,3.7863567,13.708391,171.76718,0.0,16.0,14.599999,14.599999,63.0,6.132833
2024-01-25 04:00:00+00:00,10.7745,7.8745003,8.060395,12.313893,187.6789,0.0,21.0,13.0,13.0,63.0,9.272416
2024-01-26 04:00:00+00:00,14.5245,6.5245004,9.630241,22.61419,243.10483,0.0,11.0,8.500001,8.500001,63.0,11.751583
2024-01-27 04:00:00+00:00,8.7745,3.8244998,4.0347495,14.689589,42.463192,0.0,4.0,3.6999998,3.6999998,61.0,6.1245
2024-01-28 04:00:00+00:00,7.4745,2.7245,2.5639458,17.76081,58.205166,0.0,24.0,18.000002,18.000002,63.0,5.839083
2024-01-29 04:00:00+00:00,4.9245,0.9245,-2.053512,17.414474,311.83044,0.0,1.0,0.1,0.1,51.0,2.2349164
2024-01-30 04:00:00+00:00,6.2245,-0.22549999,-1.2532102,15.39184,176.19324,0.0,0.0,0.0,0.0,3.0,2.4515834
2024-01-31 04:00:00+00:00,8.0245,0.3245,0.8586367,13.854155,239.4055,0.0,0.0,0.0,0.0,3.0,3.9807498
2024-02-01 04:00:00+00:00,9.9745,2.4245,1.2226292,23.469128,230.58505,0.0,1.0,0.3,0.3,51.0,5.457834
2024-02-02 04:00:00+00:00,6.7245,0.074499995,0.5531172,16.563911,335.52536,0.0,4.0,4.3999996,4.3999996,63.0,4.370333
2024-02-03 04:00:00+00:00,7.2245,-2.9755,-2.1106007,9.885262,6.5438724,0.0,0.0,0.0,0.0,3.0,1.2828332
2024-02-04 04:00:00+00:00,10.874499,-3.3755,-1.0554255,13.363711,19.09806,0.0,0.0,0.0,0.0,0.0,2.6182501
2024-02-05 04:00:00+00:00,7.5245004,-2.5255,-2.357262,12.768586,22.904715,0.0,0.0,0.0,0.0,0.0,1.7453332
2024-02-06 04:00:00+00:00,6.5745,-4.1254997,-3.8877764,12.031756,38.616306,0.0,0.0,0.0,0.0,0.0,0.3807502
2024-02-07 04:00:00+00:00,10.374499,-3.0755,-0.68626595,7.754637,73.83544,0.0,0.0,0.0,0.0,3.0,2.7224166
2024-02-08 04:00:00+00:00,14.5245,-1.5755,2.1314132,12.57426,154.17223,0.0,0.0,0.0,0.0,3.0,5.5119996
2024-02-09 04:00:00+00:00,16.9745,5.8245,7.2758775,23.419376,212.20683,0.0,1.0,1.1,1.1,55.0,10.930751
2024-02-10 04:00:00+00:00,15.9244995,7.7245,9.624368,17.811815,235.50797,0.0,4.0,0.5,0.5,51.0,11.770331
2024-02-11 04:00:00+00:00,9.3245,1.7744999,2.0574477,12.313894,339.20917,0.0,0.0,0.0,0.0,3.0,5.0245
2024-02-12 04:00:00+00:00,9.4244995,-1.9755001,-0.50056446,11.090103,13.169347,0.0,0.0,0.0,0.0,3.0,2.8203335
2024-02-13 04:00:00+00:00,6.0245004,-0.9255,-2.1664417,24.57511,322.25458,0.48999998,6.0,3.1,2.4,73.0,2.7807496
2024-02-14 04:00:00+00:00,4.0745,-3.3755,-4.5221715,15.1884165,312.94232,0.0,0.0,0.0,0.0,3.0,0.007833411
2024-02-15 04:00:00+00:00,12.7745,-4.7755,-2.1782715,27.567635,238.5206,0.0,5.0,2.8999996,2.8999996,63.0,2.409917
2024-02-16 04:00:00+00:00,3.8244998,-1.9255002,-4.052436,19.296133,291.50146,3.29,6.0,4.7000003,0.0,75.0,0.5119999
2024-02-17 04:00:00+00:00,-1.1255,-6.9754996,-8.587383,25.212852,287.31537,1.9600002,9.0,2.8,0.0,75.0,-3.1671667
2024-02-18 04:00:00+00:00,1.7744999,-8.4255,-9.800796,22.59699,240.06856,0.0,0.0,0.0,0.0,0.0,-3.8921669
2024-02-19 04:00:00+00:00,4.8745003,-8.6755,-5.7327456,11.720751,287.30057,0.0,0.0,0.0,0.0,2.0,-1.9629997
2024-02-20 04:00:00+00:00,10.7745,-4.9255,-2.602066,12.979984,83.796646,0.0,0.0,0.0,0.0,2.0,1.4265832
2024-02-21 04:00:00+00:00,13.6744995,-2.5255,0.4967207,13.53236,169.30023,0.0,0.0,0.0,0.0,3.0,4.3599167
2024-02-22 04:00:00+00:00,9.1744995,2.9245,3.2244148,14.830076,175.26266,0.0,15.0,14.299998,14.299998,61.0,6.145334
2024-02-23 04:00:00+00:00,13.0245,3.2245,4.388538,19.66536,309.8055,0.0,11.0,4.6,4.6,61.0,6.9307494
2024-02-24 04:00:00+00:00,2.7745,-5.0755,-5.178867,15.379206,336.06625,0.56,4.0,0.8,0.0,73.0,-0.43591666
2024-02-25 04:00:00+00:00,8.2245,-6.0755,-4.572373,14.84318,199.3724,0.0,0.0,0.0,0.0,3.0,0.030750224
2024-02-26 04:00:00+00:00,16.074501,-0.72550005,4.30828,11.542478,172.75468,0.0,4.0,1.3,1.3,53.0,7.364084
2024-02-27 04:00:00+00:00,18.7745,6.7745004,9.025914,25.537172,177.54431,0.0,5.0,4.2,4.2,63.0,11.797418
2024-02-28 04:00:00+00:00,17.674501,-2.1755002,7.270451,31.910301,243.31258,0.0,16.0,25.1,25.1,65.0,11.009914
2024-02-29 04:00:00+00:00,3.6245,-5.0755,-6.5664077,23.83896,276.26266,0.0,0.0,0.0,0.0,3.0,-1.1984168
2024-03-01 04:00:00+00:00,12.1744995,-3.3755,-0.75643873,17.429354,136.43047,0.0,2.0,0.5,0.5,51.0,3.7411664
2024-03-02 04:00:00+00:00,12.124499,5.1745,5.97658,15.629971,157.14514,0.0,14.0,7.2,7.2,61.0,7.9953327
2024-03-03 04:00:00+00:00,17.424501,5.4245,9.091954,10.703569,149.9015,0.0,0.0,0.0,0.0,3.0,10.599501
2024-03-04 04:00:00+00:00,21.7245,5.8245,11.6097975,15.546833,155.50356,0.0,0.0,0.0,0.0,3.0,13.359917
2024-03-05 04:00:00+00:00,21.424501,7.5745,12.952466,15.256526,155.67444,0.0,2.0,3.6999998,3.6999998,61.0,14.311999
2024-03-06 04:00:00+00:00,14.8245,11.0745,12.790486,13.039754,323.47116,0.0,21.0,16.3,16.3,61.0,13.084915
2024-03-07 04:00:00+00:00,15.2245,5.8745003,7.6177864,15.137133,12.528811,0.0,3.0,1.9000001,1.9000001,53.0,9.772416
2024-03-08 04:00:00+00:00,18.824501,4.1745,8.567063,19.008545,129.79417,0.0,3.0,1.0,1.0,53.0,11.04325
2024-03-09 04:00:00+00:00,12.5245,5.4745,6.8888135,19.694992,160.44574,0.0,22.0,18.900002,18.900002,61.0,9.736999
2024-03-10 04:00:00+00:00,5.3245,-0.6755,-4.106568,35.364388,282.73782,2.4500003,17.0,4.2999997,0.8000001,73.0,2.00575
2024-03-11 04:00:00+00:00,10.124499,-1.7255001,-1.5301925,22.461807,278.56906,0.0,0.0,0.0,0.0,2.0,3.8724167
2024-03-12 04:00:00+00:00,18.574501,3.4745,6.357549,17.25373,238.75551,0.0,0.0,0.0,0.0,3.0,10.282834
2024-03-13 04:00:00+00:00,19.8745,5.0745,9.297474,15.646544,229.2623,0.0,0.0,0.0,0.0,3.0,12.147418
2024-03-14 04:00:00+00:00,22.924501,5.5745,11.913849,17.114204,195.06854,0.0,2.0,2.7,2.7,61.0,13.839084
2024-03-15 04:00:00+00:00,14.9745,7.6745,10.296189,19.513195,295.26782,0.0,10.0,13.300001,13.300001,63.0,12.589082
2024-03-16 04:00:00+00:00,15.4244995,1.8745,5.3031864,22.218153,239.47351,0.0,0.0,0.0,0.0,3.0,9.00575
2024-03-17 04:00:00+00:00,11.8245,1.9245,2.9364102,26.932714,272.8294,0.0,5.0,1.7,1.7,53.0,7.916167
2024-03-18 04:00:00+00:00,1.8245001,-2.0255,-4.923223,19.64558,284.33722,0.48999998,4.0,0.70000005,0.0,73.0,0.312
2024-03-19 04:00:00+00:00,6.7745004,-2.8255,-3.4102943,27.698954,246.30975,0.48999998,5.0,0.6,0.0,71.0,2.2245002
2024-03-20 04:00:00+00:00,8.1744995,-1.8755,-1.1620549,29.949316,279.8955,0.56,9.0,1.6000001,0.8,73.0,4.3724165
2024-03-21 04:00:00+00:00,4.1245003,-5.1254997,-5.62685,14.773164,310.91876,0.0,0.0,0.0,0.0,3.0,-1.0817503
2024-03-22 04:00:00+00:00,12.2245,-4.2254996,-0.11666993,12.979984,64.72231,0.0,8.0,7.6000004,7.6000004,61.0,3.5036666
2024-03-23 04:00:00+00:00,7.5745,-0.2755,-0.7393307,23.664352,336.13214,0.0,10.0,4.9,4.9,61.0,3.7057502
2024-03-24 04:00:00+00:00,8.6744995,-4.7254996,-2.6172621,15.034041,37.370358,0.0,0.0,0.0,0.0,1.0,1.5995001
2024-03-25 04:00:00+00:00,17.324501,0.7745,4.087348,18.971008,117.75556,0.0,0.0,0.0,0.0,3.0,8.345334
2024-03-26 04:00:00+00:00,11.624499,5.8745003,5.27539,19.09358,134.34796,0.0,12.0,10.9,10.9,61.0,8.703667
2024-03-27 04:00:00+00:00,16.3745,5.8245,8.763534,18.678415,228.74307,0.0,4.0,0.4,0.4,51.0,11.5807495
2024-03-28 04:00:00+00:00,10.7245,-0.12550002,1.6900278,19.191748,303.8401,0.0,0.0,0.0,0.0,3.0,5.3349166
2024-03-29 04:00:00+00:00,10.6744995,1.1245,1.6335492,18.0,297.0924,0.0,0.0,0.0,0.0,3.0,5.622417
2024-03-30 04:00:00+00:00,13.1744995,0.2745,4.0904355,20.774214,188.9726,0.0,11.0,16.1,16.1,63.0,6.551584
2024-03-31 04:00:00+00:00,16.1245,5.4745,7.9955387,8.759178,314.43832,0.0,0.0,0.0,0.0,3.0,9.899499
2024-04-01 04:00:00+00:00,18.7245,7.5245004,10.76991,13.513193,39.647514,0.0,10.0,15.0,15.0,63.0,12.19325
2024-04-02 04:00:00+00:00,23.3745,11.2745,14.608102,22.314194,161.13214,0.0,20.0,39.100002,39.100002,63.0,15.295331
2024-04-03 04:00:00+00:00,14.4745,2.7245,6.770945,28.312117,159.90466,0.28,15.0,44.499996,44.1,73.0,9.539083
2024-04-04 04:00:00+00:00,7.7745004,1.8245001,0.77998525,14.693999,251.8206,1.96,14.0,6.1,3.3000002,73.0,4.266166
2024-04-05 04:00:00+00:00,7.0745,2.5744998,-0.6943814,27.103003,301.82004,0.0,5.0,1.0,1.0,53.0,4.19325
2024-04-06 04:00:00+00:00,11.3245,1.4745,1.7847186,19.813087,317.30377,0.0,1.0,0.1,0.1,51.0,6.1515827
2024-04-07 04:00:00+00:00,15.0245,-0.7755,5.3563275,9.885262,322.2241,0.0,0.0,0.0,0.0,3.0,7.599499
2024-04-08 04:00:00+00:00,22.424501,6.6745,11.680733,20.188908,172.17102,0.0,2.0,0.5,0.5,51.0,13.8619995
2024-04-09 04:00:00+00:00,23.5245,9.4244995,14.769017,16.199999,194.2829,0.0,3.0,1.4000001,1.4000001,53.0,15.6432495
2024-04-10 04:00:00+00:00,19.574501,13.2745,15.2848425,12.88981,209.5473,0.0,16.0,3.6999993,3.6999993,53.0,15.766167
2024-04-11 04:00:00+00:00,22.324501,14.2245,16.559332,21.178896,146.86841,0.0,17.0,62.1,62.1,65.0,16.959917
2024-04-12 04:00:00+00:00,15.8245,7.6745,6.7534413,36.324337,258.1132,0.0,24.0,27.0,27.0,63.0,10.65575
2024-04-13 04:00:00+00:00,14.874499,6.6745,5.28384,32.379993,285.91904,0.0,2.0,1.0,1.0,53.0,10.324499
2024-04-14 04:00:00+00:00,24.824501,5.8745003,12.524578,28.97944,228.29922,0.0,3.0,17.4,17.4,65.0,15.197417
2024-04-15 04:00:00+00:00,22.7245,11.124499,15.516561,14.386494,321.11548,0.0,3.0,2.8,2.8,61.0,16.641167
2024-04-16 04:00:00+00:00,23.8745,6.3745003,13.924454,10.24578,86.73444,0.0,0.0,0.0,0.0,3.0,15.4244995
2024-04-17 04:00:00+00:00,25.4745,13.5745,17.20225,24.315327,190.889,0.0,6.0,6.3999996,6.3999996,61.0,17.882832
2024-04-18 04:00:00+00:00,21.3745,13.0245,15.52675,17.873556,281.2872,0.0,1.0,0.1,0.1,51.0,16.489084
2024-04-19 04:00:00+00:00,20.7745,11.374499,13.895732,22.476227,244.58923,0.0,6.0,4.5,4.5,61.0,15.541168
2024-04-20 04:00:00+00:00,13.874499,4.8245,5.9953957,28.521906,292.78882,0.0,1.0,0.1,0.1,51.0,10.241166
2024-04-21 04:00:00+00:00,9.8245,3.2245,2.262441,17.429354,294.48486,0.0,0.0,0.0,0.0,3.0,6.116167
2024-04-22 04:00:00+00:00,14.9745,1.7744999,5.5546336,11.440979,271.0253,0.0,0.0,0.0,0.0,3.0,8.472417
2024-04-23 04:00:00+00:00,19.174501,4.7245,8.538915,22.545315,211.40842,0.0,2.0,0.5,0.5,51.0,11.805751
2024-04-24 04:00:00+00:00,16.1745,5.6745,8.39364,21.028437,294.91522,0.0,8.0,1.2,1.2,51.0,11.332833
2024-04-25 04:00:00+00:00,11.8245,2.3745,4.8759027,11.631956,359.00943,0.0,2.0,0.2,0.2,51.0,7.601583
2024-04-26 04:00:00+00:00,20.4745,3.9745,9.34501,21.533897,110.34591,0.0,0.0,0.0,0.0,3.0,12.16825
2024-04-27 04:00:00+00:00,25.424501,10.2745,15.392293,20.111729,170.34709,0.0,6.0,11.8,11.8,63.0,16.720333
2024-04-28 04:00:00+00:00,26.5245,14.4244995,20.18979,19.33639,225.3662,0.0,3.0,0.3,0.3,51.0,20.278666
2024-04-29 04:00:00+00:00,27.174501,15.7245,21.652597,18.0,230.86516,0.0,0.0,0.0,0.0,3.0,21.612001
2024-04-30 04:00:00+00:00,20.424501,13.9745,17.956213,14.618837,250.82089,0.0,9.0,2.4999998,2.4999998,53.0,17.55575
2024-05-01 04:00:00+00:00,25.824501,8.7245,17.100647,14.003029,235.87248,0.0,0.0,0.0,0.0,3.0,17.587
2024-05-02 04:00:00+00:00,27.424501,13.6744995,20.263,12.904882,302.53503,0.0,0.0,0.0,0.0,3.0,20.35575
2024-05-03 04:00:00+00:00,29.074501,13.2745,19.985468,17.057314,93.90559,0.0,7.0,9.0,9.0,63.0,19.664083
2024-05-04 04:00:00+00:00,21.8745,13.8245,17.750202,19.453327,122.6656,0.0,18.0,8.599999,8.599999,61.0,17.809917
2024-05-05 04:00:00+00:00,24.0245,13.374499,18.29389,15.4800005,175.91449,0.0,20.0,24.500002,24.500002,65.0,17.916166
2024-05-06 04:00:00+00:00,23.7245,15.124499,20.069576,7.6367526,3.2285805,0.0,8.0,1.0,1.0,51.0,18.56825
2024-05-07 04:00:00+00:00,25.7745,12.5245,20.401922,11.5199995,199.59232,0.0,5.0,10.099999,10.099999,63.0,19.047417
2024-05-08 04:00:00+00:00,26.424501,16.824501,21.061121,22.805367,263.65298,0.0,4.0,3.0999997,3.0999997,63.0,21.507833
2024-05-09 04:00:00+00:00,18.824501,11.624499,14.086425,20.808498,46.69914,0.0,11.0,18.7,18.7,63.0,15.259918
2024-05-10 04:00:00+00:00,16.6245,9.0745,10.565693,18.775303,359.63678,0.0,8.0,3.4,3.4,61.0,12.503666
2024-05-11 04:00:00+00:00,16.574501,7.3745003,9.225876,19.228851,219.33466,0.0,9.0,7.3999996,7.3999996,61.0,11.178666
2024-05-12 04:00:00+00:00,17.924501,7.8745003,9.923716,20.972897,290.04926,0.0,5.0,0.70000005,0.70000005,51.0,12.614082
2024-05-13 04:00:00+00:00,24.674501,8.7745,15.644795,14.372974,191.70853,0.0,0.0,0.0,0.0,3.0,16.799498
2024-05-14 04:00:00+00:00,21.4745,13.4244995,17.291462,13.797913,171.74469,0.0,7.0,1.9000001,1.9000001,53.0,17.64325
2024-05-15 04:00:00+00:00,24.1245,14.624499,19.463928,12.538134,71.33107,0.0,11.0,7.2999997,7.2999997,63.0,18.601583
2024-05-16 04:00:00+00:00,24.2245,13.1744995,20.094519,8.427383,7.709239,0.0,5.0,0.70000005,0.70000005,51.0,18.826584
2024-05-17 04:00:00+00:00,20.8745,14.6744995,18.095446,14.494192,173.00237,0.0,15.0,15.200001,15.200001,63.0,17.276583
2024-05-18 04:00:00+00:00,24.574501,14.8245,21.536108,8.905908,169.19188,0.0,8.0,2.1,2.1,53.0,19.591166
2024-05-19 04:00:00+00:00,27.674501,13.0245,22.354017,9.449572,101.469505,0.0,0.0,0.0,0.0,1.0,20.766167
2024-05-20 04:00:00+00:00,28.7245,13.9745,23.167173,8.854829,157.29565,0.0,0.0,0.0,0.0,3.0,21.703669
2024-05-21 04:00:00+00:00,29.574501,16.2745,24.068865,10.041354,191.16205,0.0,0.0,0.0,0.0,3.0,22.951582
2024-05-22 04:00:00+00:00,28.174501,17.2745,23.168701,22.828087,203.04259,0.0,5.0,9.1,9.1,63.0,22.203667
2024-05-23 04:00:00+00:00,25.9745,18.0245,22.754164,16.323528,239.79166,0.0,4.0,1.7,1.7,61.0,21.657835
2024-05-24 04:00:00+00:00,26.9745,15.5245,22.905207,10.390226,204.68327,0.0,4.0,0.4,0.4,51.0,21.155748
2024-05-25 04:00:00+00:00,27.074501,16.8745,22.859312,19.33639,196.09087,0.0,5.0,3.0,3.0,61.0,20.889082
2024-05-26 04:00:00+00:00,27.574501,15.9244995,23.169199,18.59845,157.08232,0.0,8.0,3.5000002,3.5000002,61.0,21.476585
2024-05-27 04:00:00+00:00,25.824501,17.7245,20.785294,26.596178,217.93144,0.0,11.0,11.100002,11.100002,63.0,20.86825
2024-05-28 04:00:00+00:00,22.2745,14.5745,16.984812,21.9718,277.0522,0.0,5.0,2.6999998,2.6999998,61.0,18.028666
2024-05-29 04:00:00+00:00,19.2745,11.5745,14.789914,13.217443,287.00592,0.0,12.0,14.000001,14.000001,63.0,14.847416
2024-05-30 04:00:00+00:00,19.574501,10.0745,12.913581,17.148247,323.5825,0.0,0.0,0.0,0.0,1.0,14.670333
2024-05-31 04:00:00+00:00,22.0245,8.2245,15.3745575,7.729527,287.73267,0.0,0.0,0.0,0.0,0.0,15.682834
2024-06-01 04:00:00+00:00,25.924501,10.624499,18.356821,9.693296,151.32233,0.0,0.0,0.0,0.0,3.0,18.497417
2024-06-02 04:00:00+00:00,21.8745,15.9745,18.80601,15.7908325,193.81978,0.0,6.0,1.6000001,1.6000001,53.0,18.549501
2024-06-03 04:00:00+00:00,26.6245,15.4745,23.218386,7.7043357,188.55174,0.0,6.0,1.2,1.2,51.0,21.103666
2024-06-04 04:00:00+00:00,29.6245,16.2245,25.27851,11.113451,137.88734,0.0,0.0,0.0,0.0,3.0,23.191164
2024-06-05 04:00:00+00:00,25.2745,19.424501,24.08716,13.1041975,169.33168,0.0,12.0,15.300001,15.300001,63.0,21.782831
2024-06-06 04:00:00+00:00,27.074501,18.7745,23.169569,19.8,245.86154,0.0,10.0,8.8,8.8,63.0,22.007833
2024-06-07 04:00:00+00:00,22.424501,14.6744995,17.407185,25.045238,273.15915,0.0,1.0,0.1,0.1,51.0,18.972416
2024-06-08 04:00:00+00:00,25.7245,12.5745,18.646406,16.595179,259.6952,0.0,0.0,0.0,0.0,3.0,19.457836
2024-06-09 04:00:00+00:00,23.074501,15.624499,17.953787,20.808498,283.7685,0.0,4.0,2.6,2.6,55.0,19.601582
2024-06-10 04:00:00+00:00,18.824501,11.7745,14.503891,16.485485,320.98297,0.0,0.0,0.0,0.0,3.0,15.803668
2024-06-11 04:00:00+00:00,21.2245,10.0245,14.993943,9.387651,309.3917,0.0,0.0,0.0,0.0,3.0,15.980748
2024-06-12 04:00:00+00:00,27.074501,12.1744995,19.865385,11.013882,215.74808,0.0,0.0,0.0,0.0,3.0,19.822416
2024-06-13 04:00:00+00:00,30.574501,14.3245,23.18041,11.298495,210.59251,0.0,0.0,0.0,0.0,2.0,22.649498
2024-06-14 04:00:00+00:00,26.9745,18.3745,23.482878,16.327497,264.7294,0.0,4.0,10.4,10.4,63.0,22.103668
2024-06-15 04:00:00+00:00,26.3745,12.374499,19.662758,10.30883,352.3682,0.0,0.0,0.0,0.0,3.0,19.632835
2024-06-16 04:00:00+00:00,31.7745,13.6744995,23.56125,14.618837,139.9503,0.0,0.0,0.0,0.0,3.0,22.893251
2024-06-17 04:00:00+00:00,34.774498,18.9745,28.816574,12.324414,192.11151,0.0,2.0,0.5,0.5,51.0,26.334917
2024-06-18 04:00:00+00:00,30.7245,21.174501,30.087868,9.47012,130.02368,0.0,2.0,3.1000001,3.1000001,63.0,25.826584
2024-06-19 04:00:00+00:00,32.274498,22.4745,30.87619,10.365251,167.82085,0.0,2.0,0.2,0.2,51.0,27.412
2024-06-20 04:00:00+00:00,32.524498,21.574501,31.025473,6.9247384,155.94264,0.0,0.0,0.0,0.0,3.0,27.103666
2024-06-21 04:00:00+00:00,34.8745,20.824501,31.192785,12.88981,280.04654,0.0,1.0,0.1,0.1,51.0,27.730753
2024-06-22 04:00:00+00:00,35.324497,22.3745,31.671263,13.70839,221.68604,0.0,1.0,0.1,0.1,51.0,28.659918
2024-06-23 04:00:00+00:00,30.574501,22.3745,27.584032,27.943514,234.09644,0.0,9.0,3.8999999,3.8999999,61.0,26.124502
2024-06-24 04:00:00+00:00,27.5245,18.7245,22.750252,16.327497,330.65485,0.0,0.0,0.0,0.0,3.0,22.49742
2024-06-25 04:00:00+00:00,30.424501,16.1245,24.091715,18.35647,212.91017,0.0,0.0,0.0,0.0,3.0,23.584917
2024-06-26 04:00:00+00:00,30.7745,20.7745,25.973703,20.497883,239.61362,0.0,10.0,11.2,11.2,63.0,24.012001
2024-06-27 04:00:00+00:00,26.574501,18.3745,23.433268,13.004922,320.74673,0.0,5.0,1.5999999,1.5999999,53.0,22.137001
2024-06-28 04:00:00+00:00,31.7745,14.8245,23.441778,20.188908,134.73836,0.0,0.0,0.0,0.0,3.0,22.862
2024-06-29 04:00:00+00:00,32.0745,23.324501,27.88709,23.688984,197.29688,0.0,6.0,6.0,6.0,63.0,25.81825
2024-06-30 04:00:00+00:00,28.9745,16.324501,25.062891,24.798225,291.72598,0.0,8.0,9.700002,9.700002,63.0,23.5995
2024-07-01 04:00:00+00:00,23.9745,12.624499,17.467985,16.87398,14.9071245,0.0,0.0,0.0,0.0,1.0,18.372416
2024-07-02 04:00:00+00:00,28.7745,13.9745,21.252415,13.513193,115.0565,0.0,0.0,0.0,0.0,3.0,21.609917
2024-07-03 04:00:00+00:00,33.3745,19.074501,26.876135,20.696087,199.41301,0.0,3.0,0.5,0.5,51.0,25.995337
2024-07-04 04:00:00+00:00,30.7745,22.1245,29.338852,12.522619,234.26591,0.0,15.0,10.9,10.9,63.0,25.222418
2024-07-05 04:00:00+00:00,31.924501,21.7245,29.62361,16.343367,245.22487,0.0,13.0,8.199999,8.199999,63.0,25.947416
2024-07-06 04:00:00+00:00,30.1245,21.3745,27.454504,16.766108,251.21306,0.0,9.0,12.500002,12.500002,65.0,25.08492
2024-07-07 04:00:00+00:00,30.574501,18.3745,27.063812,9.449572,354.45483,0.0,0.0,0.0,0.0,3.0,24.55992
2024-07-08 04:00:00+00:00,32.1245,19.7245,28.761843,12.261158,24.102238,0.0,0.0,0.0,0.0,3.0,25.880753
2024-07-09 04:00:00+00:00,32.6745,20.8745,30.372375,11.592895,69.30455,0.0,0.0,0.0,0.0,3.0,26.8495
2024-07-10 04:00:00+00:00,32.3245,20.4745,27.509054,31.581665,212.88164,0.0,2.0,0.4,0.4,51.0,26.972414
2024-07-11 04:00:00+00:00,27.2245,20.074501,23.208818,21.734581,280.2915,0.0,2.0,0.2,0.2,51.0,22.972418
2024-07-12 04:00:00+00:00,30.8745,17.9745,26.657614,8.287822,73.34377,0.0,0.0,0.0,0.0,2.0,24.491167
2024-07-13 04:00:00+00:00,33.324497,19.824501,29.746271,7.5942073,57.608658,0.0,3.0,0.3,0.3,51.0,26.855751
2024-07-14 04:00:00+00:00,34.6745,21.3745,30.053717,16.62249,275.89447,0.0,0.0,0.0,0.0,3.0,27.841166
2024-07-15 04:00:00+00:00,33.4745,20.6245,27.911333,26.89419,230.63461,0.0,8.0,6.5,6.5,61.0,25.468252
2024-07-16 04:00:00+00:00,33.7245,22.2245,29.19518,25.43802,238.88023,0.0,1.0,0.1,0.1,51.0,27.15992
2024-07-17 04:00:00+00:00,27.324501,20.8745,26.393415,13.905509,238.34113,0.0,13.0,20.5,20.5,63.0,23.457834
2024-07-18 04:00:00+00:00,27.2245,18.8745,23.646029,15.978486,340.92197,0.0,0.0,0.0,0.0,3.0,22.389084
2024-07-19 04:00:00+00:00,27.4745,14.8245,22.00888,9.422101,31.851675,0.0,0.0,0.0,0.0,3.0,21.332834
2024-07-20 04:00:00+00:00,30.824501,17.324501,24.509623,10.691453,4.1746845,0.0,0.0,0.0,0.0,3.0,23.555748
2024-07-21 04:00:00+00:00,29.2245,16.7245,24.308165,8.473393,14.835025,0.0,0.0,0.0,0.0,3.0,23.10158
2024-07-22 04:00:00+00:00,27.824501,19.2245,24.25975,13.202726,24.087471,0.0,1.0,0.5,0.5,53.0,22.626585
2024-07-23 04:00:00+00:00,28.924501,18.074501,25.698214,9.83268,213.04477,0.0,2.0,3.9,3.9,63.0,23.214083
2024-07-24 04:00:00+00:00,29.1245,19.424501,25.85541,19.681828,223.9489,0.0,6.0,2.1,2.1,53.0,23.755753
2024-07-25 04:00:00+00:00,27.5245,18.4745,24.655512,11.542478,309.9497,0.0,6.0,1.4000001,1.4000001,53.0,22.720331
2024-07-26 04:00:00+00:00,27.3745,15.4244995,21.848417,10.483357,33.7283,0.0,0.0,0.0,0.0,3.0,21.637001
2024-07-27 04:00:00+00:00,29.7745,16.1745,23.758451,10.009036,78.94658,0.0,0.0,0.0,0.0,2.0,23.307833
2024-07-28 04:00:00+00:00,32.574497,17.4745,26.354477,10.182337,133.78117,0.0,0.0,0.0,0.0,0.0,24.955751
2024-07-29 04:00:00+00:00,31.1245,18.7745,26.328703,20.633371,204.28578,0.0,5.0,21.3,21.3,65.0,23.824503
2024-07-30 04:00:00+00:00,27.2245,20.424501,25.808573,15.459054,196.92365,0.0,19.0,35.0,35.0,65.0,22.84533
2024-07-31 04:00:00+00:00,33.1245,20.2745,28.871264,13.722565,258.2924,0.0,7.0,1.2000002,1.2000002,51.0,25.947418
2024-08-01 04:00:00+00:00,32.0745,21.424501,30.333555,12.229406,213.28372,0.0,2.0,0.2,0.2,51.0,26.582834
2024-08-02 04:00:00+00:00,29.3745,21.824501,28.353495,16.62249,244.81258,0.0,14.0,12.4,12.4,63.0,25.095335
2024-08-03 04:00:00+00:00,27.2245,20.924501,26.686686,11.200571,218.69003,0.0,15.0,11.500001,11.500001,63.0,22.936996
2024-08-04 04:00:00+00:00,30.424501,19.924501,27.735128,9.511088,303.30228,0.0,1.0,0.1,0.1,51.0,24.576584
2024-08-05 04:00:00+00:00,32.4245,19.7245,28.589735,12.72283,220.55775,0.0,0.0,0.0,0.0,3.0,25.966171
2024-08-06 04:00:00+00:00,31.9745,20.674501,28.549301,9.504272,229.42967,0.0,8.0,16.9,16.9,65.0,24.541166
2024-08-07 04:00:00+00:00,28.174501,20.2245,26.263908,15.315873,56.335144,0.0,15.0,13.100002,13.100002,63.0,23.2745
2024-08-08 04:00:00+00:00,28.574501,20.7745,26.994074,17.477621,102.094734,0.0,4.0,5.2,5.2,63.0,24.182833
2024-08-09 04:00:00+00:00,29.0245,21.674501,26.496317,22.039528,331.17224,0.0,12.0,3.6,3.6,53.0,24.520332
2024-08-10 04:00:00+00:00,25.6245,16.9745,21.273512,16.09969,286.3804,0.0,0.0,0.0,0.0,3.0,21.153667
2024-08-11 04:00:00+00:00,24.7245,14.874499,19.124805,18.057508,264.03006,0.0,0.0,0.0,0.0,3.0,19.757833
2024-08-12 04:00:00+00:00,24.7745,14.9745,19.739965,17.373497,292.13272,0.0,1.0,0.1,0.1,51.0,19.989082
2024-08-13 04:00:00+00:00,26.2245,13.9244995,20.835642,10.30883,341.67883,0.0,0.0,0.0,0.0,3.0,19.966166
2024-08-14 04:00:00+00:00,27.3745,15.1744995,22.21125,9.19939,43.133427,0.0,0.0,0.0,0.0,0.0,21.170334
2024-08-15 04:00:00+00:00,28.924501,15.5245,23.512589,8.825508,78.37662,0.0,0.0,0.0,0.0,3.0,22.303665
2024-08-16 04:00:00+00:00,28.3745,20.5245,24.86123,17.227419,160.04199,0.0,3.0,1.0,1.0,53.0,23.20575
2024-08-17 04:00:00+00:00,27.8745,20.074501,26.00422,20.00512,195.85199,0.0,9.0,11.0,11.0,65.0,23.36617
2024-08-18 04:00:00+00:00,26.324501,19.0245,23.957222,15.815435,251.92862,0.0,6.0,1.5,1.5,53.0,22.18492
2024-08-19 04:00:00+00:00,23.074501,17.174501,20.265272,22.7057,318.854,0.0,8.0,1.2,1.2,51.0,20.128666
2024-08-20 04:00:00+00:00,20.924501,14.1744995,15.546317,19.386591,343.27267,0.0,2.0,0.2,0.2,51.0,17.049501
2024-08-21 04:00:00+00:00,21.2245,11.124499,14.652012,15.496736,319.0154,0.0,0.0,0.0,0.0,3.0,16.047419
2024-08-22 04:00:00+00:00,24.3745,11.5745,17.642538,6.830519,298.3549,0.0,0.0,0.0,0.0,3.0,17.578669
2024-08-23 04:00:00+00:00,25.924501,12.874499,20.097708,8.714677,92.430855,0.0,0.0,0.0,0.0,3.0,19.557833
2024-08-24 04:00:00+00:00,29.424501,14.7245,22.808447,7.2805495,96.74906,0.0,0.0,0.0,0.0,3.0,21.69533
2024-08-25 04:00:00+00:00,30.2745,15.7245,25.273245,9.220499,283.0456,0.0,5.0,1.9000001,1.9000001,55.0,23.070333
2024-08-26 04:00:00+00:00,29.8745,18.174501,27.317797,9.19939,240.52415,0.0,5.0,1.5000001,1.5000001,53.0,23.784918
2024-08-27 04:00:00+00:00,34.274498,20.174501,29.57744,15.315873,210.28023,0.0,5.0,0.90000004,0.90000004,51.0,25.891167
2024-08-28 04:00:00+00:00,33.1745,21.174501,29.924974,14.118243,239.16884,0.0,1.0,0.6,0.6,53.0,26.137
2024-08-29 04:00:00+00:00,31.9745,20.8745,29.000837,7.342588,70.630104,0.0,5.0,20.8,20.8,65.0,24.97242
2024-08-30 04:00:00+00:00,31.924501,20.6245,28.820463,19.513195,157.54842,0.0,3.0,5.6,5.6,63.0,25.249498
2024-08-31 04:00:00+00:00,30.074501,21.2245,27.025864,14.773164,204.06439,0.0,9.0,17.6,17.6,65.0,24.139084
2024-09-01 04:00:00+00:00,29.674501,19.324501,25.503914,18.998314,292.97275,0.0,1.0,0.1,0.1,51.0,23.745337
2024-09-02 04:00:00+00:00,22.9745,13.5745,16.705502,15.379206,350.58478,0.0,1.0,0.2,0.2,51.0,18.262
2024-09-03 04:00:00+00:00,22.824501,10.4244995,15.368741,11.792404,68.42862,0.0,0.0,0.0,0.0,0.0,16.624498
2024-09-04 04:00:00+00:00,25.7245,12.4244995,17.446983,11.440978,105.849655,0.0,0.0,0.0,0.0,0.0,18.630749
2024-09-05 04:00:00+00:00,26.824501,13.5245,19.137533,12.496718,127.1043,0.0,0.0,0.0,0.0,0.0,19.609915
2024-09-06 04:00:00+00:00,30.0245,13.9244995,21.11233,14.277983,196.84064,0.0,6.0,10.099999,10.099999,63.0,20.87242
2024-09-07 04:00:00+00:00,19.5245,12.6744995,14.699798,21.638964,307.61942,0.0,11.0,11.9000025,11.9000025,63.0,16.303667
2024-09-08 04:00:00+00:00,20.2745,8.7245,12.238547,15.596767,281.32623,0.0,0.0,0.0,0.0,1.0,14.4036665
2024-09-09 04:00:00+00:00,23.9745,10.374499,15.076055,15.484185,241.50221,0.0,0.0,0.0,0.0,3.0,16.968248
2024-09-10 04:00:00+00:00,27.3745,14.7745,20.249258,11.298495,260.58588,0.0,0.0,0.0,0.0,3.0,20.3995
2024-09-11 04:00:00+00:00,28.3745,13.624499,21.938272,9.605998,103.27428,0.0,0.0,0.0,0.0,3.0,21.084919
2024-09-12 04:00:00+00:00,28.574501,15.6744995,21.831825,14.512064,124.282906,0.0,0.0,0.0,0.0,3.0,21.728668
2024-09-13 04:00:00+00:00,28.0245,14.874499,20.965322,13.1041975,104.48479,0.0,0.0,0.0,0.0,3.0,21.141167
2024-09-14 04:00:00+00:00,28.8745,15.9244995,22.136147,13.397612,95.00053,0.0,0.0,0.0,0.0,0.0,21.897417
2024-09-15 04:00:00+00:00,28.574501,16.1245,21.121328,15.315873,104.995125,0.0,0.0,0.0,0.0,0.0,21.839083
2024-09-16 04:00:00+00:00,25.7745,15.6744995,18.931808,14.561099,97.46148,0.0,0.0,0.0,0.0,3.0,20.291166
2024-09-17 04:00:00+00:00,27.074501,15.6744995,20.566004,15.844089,95.285324,0.0,0.0,0.0,0.0,3.0,20.659918
2024-09-18 04:00:00+00:00,26.0245,17.7745,21.81987,13.684735,94.647026,0.0,9.0,2.8,2.8,53.0,20.514086
2024-09-19 04:00:00+00:00,27.574501,17.174501,23.39219,11.304229,61.66097,0.0,1.0,0.1,0.1,51.0,21.947416
2024-09-20 04:00:00+00:00,28.824501,15.374499,23.305046,8.4963045,65.942635,0.0,0.0,0.0,0.0,3.0,21.99325
2024-09-21 04:00:00+00:00,27.7245,18.4745,23.975988,15.596767,199.2977,0.0,6.0,5.7000003,5.7000003,63.0,22.364082
2024-09-22 04:00:00+00:00,27.674501,15.9745,23.03373,13.246826,89.71915,0.0,0.0,0.0,0.0,3.0,21.632833
2024-09-23 04:00:00+00:00,26.7745,18.824501,23.194519,16.09969,236.26414,0.0,12.0,6.7,6.7,61.0,21.791166
2024-09-24 04:00:00+00:00,23.574501,18.2245,21.741339,19.576189,145.55904,0.0,16.0,23.399998,23.399998,63.0,20.059916
2024-09-25 04:00:00+00:00,25.3745,17.924501,21.846397,17.771753,153.81506,0.0,15.0,26.6,26.6,63.0,20.093248
2024-09-26 04:00:00+00:00,23.924501,18.4745,23.474047,8.217153,90.113,0.0,11.0,5.2,5.2,61.0,20.799501
2024-09-27 04:00:00+00:00,23.674501,19.4745,22.439972,23.942705,80.27712,0.0,13.0,8.7,8.7,63.0,21.161999
2024-09-28 04:00:00+00:00,23.324501,20.0245,23.501516,17.49337,95.34049,0.0,15.0,9.8,9.8,61.0,21.626581
2024-09-29 04:00:00+00:00,21.0245,18.424501,21.650942,12.870944,70.889145,0.0,18.0,6.0,6.0,55.0,19.755749
2024-09-30 04:00:00+00:00,19.7745,17.2245,19.319885,13.797912,74.300865,0.0,24.0,10.1,10.1,61.0,18.239084
2024-10-01 04:00:00+00:00,20.8745,16.8745,19.58419,10.185519,78.75036,0.0,16.0,5.0,5.0,53.0,18.268251
2024-10-02 04:00:00+00:00,20.5245,13.124499,16.257559,16.423458,321.11255,0.0,2.0,0.3,0.3,51.0,16.670332
2024-10-03 04:00:00+00:00,22.8745,10.2245,16.178904,8.461914,111.801476,0.0,0.0,0.0,0.0,3.0,16.114082
2024-10-04 04:00:00+00:00,24.674501,12.2245,18.586248,14.068817,18.103886,0.0,0.0,0.0,0.0,3.0,18.147417
2024-10-05 04:00:00+00:00,21.6245,12.0745,16.020647,8.6867485,17.89622,0.0,0.0,0.0,0.0,0.0,16.282835
2024-10-06 04:00:00+00:00,26.8745,10.8245,17.556185,19.486609,199.82468,0.0,4.0,22.5,22.5,65.0,18.164083
2024-10-07 04:00:00+00:00,17.9745,10.2745,12.51431,15.408671,309.3493,0.0,0.0,0.0,0.0,3.0,14.286998
2024-10-08 04:00:00+00:00,19.174501,7.9245,10.538446,18.123774,274.2984,0.0,0.0,0.0,0.0,3.0,12.734916
2024-10-09 04:00:00+00:00,17.4745,8.8245,9.645474,17.726116,286.54034,0.0,0.0,0.0,0.0,3.0,12.6245
2024-10-10 04:00:00+00:00,15.6744995,6.0245004,8.085813,11.592895,346.70712,0.0,0.0,0.0,0.0,1.0,10.424499
2024-10-11 04:00:00+00:00,19.6245,5.2245,9.860753,12.081473,233.02884,0.0,0.0,0.0,0.0,0.0,11.907833
2024-10-12 04:00:00+00:00,21.7245,10.4745,13.998363,11.481968,213.83221,0.0,2.0,0.8,0.8,53.0,15.332833
2024-10-13 04:00:00+00:00,24.4745,14.374499,16.39332,26.810333,234.41798,0.0,1.0,0.2,0.2,51.0,18.397417
2024-10-14 04:00:00+00:00,13.5245,6.7745004,6.7093263,31.84576,283.6925,0.0,3.0,0.7,0.7,51.0,10.482833
2024-10-15 04:00:00+00:00,11.9745,5.3245,4.6853657,18.445389,288.00424,0.0,6.0,1.2,1.2,53.0,7.4411683
2024-10-16 04:00:00+00:00,11.9745,4.3245,4.1313863,18.359999,309.14465,0.0,4.0,0.5,0.5,51.0,7.568249
2024-10-17 04:00:00+00:00,15.0745,4.8745003,6.901566,11.753877,318.4987,0.0,0.0,0.0,0.0,3.0,9.3203335
2024-10-18 04:00:00+00:00,18.074501,3.9745,8.008336,9.485504,46.179184,0.0,0.0,0.0,0.0,0.0,10.022416
2024-10-19 04:00:00+00:00,20.2745,2.8745,9.302505,8.528657,60.117935,0.0,0.0,0.0,0.0,0.0,11.16825
2024-10-20 04:00:00+00:00,21.8745,4.8245,10.708003,9.266067,223.15698,0.0,0.0,0.0,0.0,0.0,12.526582
2024-10-21 04:00:00+00:00,23.8745,7.6745,12.979244,9.636307,218.72044,0.0,0.0,0.0,0.0,0.0,14.722416
2024-10-22 04:00:00+00:00,25.8745,8.4244995,14.971001,10.261578,170.67645,0.0,0.0,0.0,0.0,3.0,16.101583
2024-10-23 04:00:00+00:00,23.574501,11.9745,14.561875,17.823637,226.27013,0.0,1.0,2.1,2.1,61.0,16.770334
2024-10-24 04:00:00+00:00,14.7245,6.6245003,8.591378,14.369594,332.7005,0.0,0.0,0.0,0.0,3.0,10.909917
2024-10-25 04:00:00+00:00,20.074501,4.0245,9.252994,14.369594,192.80424,0.0,0.0,0.0,0.0,3.0,11.539083
2024-10-26 04:00:00+00:00,15.5245,7.3745003,9.21461,17.23964,323.25018,0.0,0.0,0.0,0.0,3.0,12.2245
2024-10-27 04:00:00+00:00,12.7245,3.0245,4.2293324,10.6261,47.560356,0.0,0.0,0.0,0.0,3.0,7.257835
2024-10-28 04:00:00+00:00,17.7745,2.6745,6.6247954,9.499157,121.56515,0.0,0.0,0.0,0.0,3.0,9.245333
2024-10-29 04:00:00+00:00,23.7745,8.7745,14.009488,17.31746,180.36917,0.0,2.0,1.1,1.1,55.0,15.559918
2024-10-30 04:00:00+00:00,23.924501,13.0745,16.610062,17.035456,206.42326,0.0,0.0,0.0,0.0,3.0,18.0995
2024-10-31 04:00:00+00:00,26.424501,15.124499,19.110893,26.478971,212.75563,0.0,1.0,0.1,0.1,51.0,20.35575
2024-11-01 04:00:00+00:00,19.7745,7.9245,11.379997,22.16998,270.18658,0.0,0.0,0.0,0.0,3.0,14.04325
2024-11-02 04:00:00+00:00,14.124499,5.3245,6.7097306,10.185519,332.09796,0.0,0.0,0.0,0.0,2.0,9.116166
2024-11-03 04:00:00+00:00,17.424501,3.2745,6.2026925,14.796175,84.02574,0.0,0.0,0.0,0.0,3.0,9.620335
2024-11-04 04:00:00+00:00,21.674501,8.624499,11.240433,15.367616,150.93156,0.0,0.0,0.0,0.0,3.0,14.211998
2024-11-05 04:00:00+00:00,26.4745,13.6744995,17.471144,24.991493,191.0942,0.0,1.0,0.1,0.1,51.0,19.234915
2024-11-06 04:00:00+00:00,21.6245,17.824501,19.168959,20.969807,220.30296,0.0,4.0,0.70000005,0.70000005,51.0,19.495333
2024-11-07 04:00:00+00:00,17.424501,9.4745,14.070381,11.988594,320.29297,0.0,0.0,0.0,0.0,3.0,14.755749
2024-11-08 04:00:00+00:00,17.674501,5.6745,7.770371,21.075378,286.3257,0.0,0.0,0.0,0.0,1.0,10.793248
2024-11-09 04:00:00+00:00,13.7745,3.8745,4.933045,12.42,59.53454,0.0,0.0,0.0,0.0,3.0,8.589084
2024-11-10 04:00:00+00:00,15.2245,8.5745,9.067929,21.026125,176.92935,0.0,14.0,23.9,23.9,63.0,11.568249
2024-11-11 04:00:00+00:00,17.074501,8.7745,10.758466,23.936617,256.4973,0.0,5.0,3.1999998,3.1999998,55.0,13.555751
2024-11-12 04:00:00+00:00,11.374499,3.9745,4.285357,17.352036,347.80484,0.0,1.0,0.1,0.1,51.0,7.884917
2024-11-13 04:00:00+00:00,12.2745,0.3745,1.5232115,14.458382,89.88126,0.0,0.0,0.0,0.0,3.0,5.6245003
2024-11-14 04:00:00+00:00,6.9745,4.9245,2.529463,16.16897,127.31976,0.0,13.0,11.399999,11.399999,61.0,6.1640835
2024-11-15 04:00:00+00:00,11.8245,7.0745,7.4624496,13.619471,276.40652,0.0,3.0,0.3,0.3,51.0,9.249498
2024-11-16 04:00:00+00:00,11.6744995,7.1245003,6.4597535,14.84318,324.4675,0.0,0.0,0.0,0.0,3.0,9.062
2024-11-17 04:00:00+00:00,12.374499,3.1745,5.314035,9.195868,183.59116,0.0,0.0,0.0,0.0,3.0,7.418249
2024-11-18 04:00:00+00:00,17.1245,8.3245,11.210796,10.658068,267.81207,0.0,0.0,0.0,0.0,3.0,12.364083
2024-11-19 04:00:00+00:00,18.3745,9.5745,12.818051,10.4166975,135.0663,0.0,2.0,0.4,0.4,51.0,13.809917
2024-11-20 04:00:00+00:00,18.424501,5.2245,12.01167,26.241135,234.89096,0.0,11.0,16.099998,16.099998,65.0,12.984916
2024-11-21 04:00:00+00:00,5.0245004,0.2245,-0.36020064,15.329618,255.04712,0.49,14.0,2.8,2.1000001,73.0,3.3328333
2024-11-22 04:00:00+00:00,5.6745,0.4245,-2.0745795,28.054604,278.67905,1.6800002,17.0,11.900001,9.5,73.0,2.5995
2024-11-23 04:00:00+00:00,8.0245,5.1745,3.0916023,20.355923,291.86978,0.0,14.0,5.9,5.9,53.0,6.487
2024-11-24 04:00:00+00:00,8.1744995,2.8745,2.352907,15.702356,253.81465,0.0,0.0,0.0,0.0,3.0,5.6682496
2024-11-25 04:00:00+00:00,11.374499,1.9745,3.7905648,9.965239,156.61806,0.0,5.0,2.0,2.0,53.0,6.234917
2024-11-26 04:00:00+00:00,12.2745,3.4745,4.473411,20.38773,267.05707,0.0,10.0,9.0,9.0,63.0,7.8786674
2024-11-27 04:00:00+00:00,7.6245003,1.1745,1.2894214,10.390226,205.91757,0.0,2.0,0.6,0.6,53.0,4.3203335
2024-11-28 04:00:00+00:00,5.4245,2.0245,0.817516,19.523983,315.7847,0.0,20.0,10.000002,10.000002,61.0,4.2953334
2024-11-29 04:00:00+00:00,1.8245001,-2.9255002,-5.2114797,20.712517,263.80917,0.42000002,3.0,0.6,0.0,73.0,-0.14008325
2024-11-30 04:00:00+00:00,-2.7755,-5.3255,-9.349467,19.726225,253.0446,0.0,0.0,0.0,0.0,3.0,-3.7505
2024-12-01 04:00:00+00:00,0.17449999,-4.9754996,-7.646135,16.836496,264.24792,0.0,0.0,0.0,0.0,3.0,-2.4463334
2024-12-02 04:00:00+00:00,0.7245,-4.2254996,-6.8829255,13.709573,263.0806,0.14,1.0,0.2,0.0,71.0,-2.1921666
2024-12-03 04:00:00+00:00,0.62450004,-4.7254996,-6.8300138,15.506141,257.67648,0.0,0.0,0.0,0.0,3.0,-2.0734165
2024-12-04 04:00:00+00:00,4.6745,-4.7254996,-6.0648904,23.116512,206.7792,0.0,4.0,0.6,0.6,51.0,-0.6400831
2024-12-05 04:00:00+00:00,5.0245004,-4.9754996,-8.522437,32.043034,266.78412,0.97999996,9.0,2.8999999,1.5000001,73.0,-2.1525834
2024-12-06 04:00:00+00:00,-0.72550005,-5.3255,-8.04715,18.533009,266.93738,0.07,1.0,0.1,0.0,71.0,-2.7921665
2024-12-07 04:00:00+00:00,2.6745,-3.3755,-5.930521,20.018072,230.3311,0.0,0.0,0.0,0.0,3.0,-0.49008322
2024-12-08 04:00:00+00:00,10.374499,3.2745,1.4910086,23.215115,235.89275,0.0,0.0,0.0,0.0,3.0,6.1432495
2024-12-09 04:00:00+00:00,12.2245,4.5745,6.539599,21.047688,214.51408,0.0,12.0,11.900002,11.900002,63.0,9.076583
2024-12-10 04:00:00+00:00,14.2245,6.8745003,9.135028,15.518672,186.5365,0.0,9.0,6.0,6.0,61.0,10.44325
2024-12-11 04:00:00+00:00,10.9244995,-1.2755,0.5147188,22.68,285.6306,1.33,12.0,5.2000003,3.3000002,73.0,4.14325
2024-12-12 04:00:00+00:00,-1.4755001,-6.2755,-10.663989,25.966208,260.01328,0.07,1.0,0.1,0.0,71.0,-4.6525826
2024-12-13 04:00:00+00:00,-2.0755,-6.1254997,-8.779626,9.734987,333.80988,0.84,9.0,1.1,0.0,71.0,-4.860917
2024-12-14 04:00:00+00:00,3.6745,-6.6755,-6.889149,12.093534,75.32597,0.0,0.0,0.0,0.0,3.0,-2.5171664
2024-12-15 04:00:00+00:00,3.7745,-1.0755,-2.5856657,15.233148,131.25314,0.0,13.0,7.7999997,7.7999997,61.0,1.5328335
2024-12-16 04:00:00+00:00,12.9244995,1.7245,4.2275243,22.493519,173.2696,0.0,10.0,8.8,8.8,61.0,6.8995004
2024-12-17 04:00:00+00:00,13.124499,4.6745,5.09317,25.787786,252.92574,0.0,3.0,1.0,1.0,53.0,8.2745
2024-12-18 04:00:00+00:00,4.0245,0.5245,-0.96370506,12.979984,322.4313,0.28,8.0,7.1,6.7000003,71.0,2.0765831
2024-12-19 04:00:00+00:00,2.6245,-0.37550002,-1.9568896,13.433838,304.495,0.0,1.0,0.1,0.1,51.0,1.3807501
2024-12-20 04:00:00+00:00,2.5744998,-0.07550001,-2.050299,13.130133,334.8812,1.3299999,7.0,1.9,0.0,73.0,1.06825
2024-12-21 04:00:00+00:00,-0.22549999,-4.3754997,-8.054513,17.95765,319.20367,0.63,8.0,0.9000001,0.0,71.0,-2.8005
2024-12-22 04:00:00+00:00,-3.4255002,-6.4255,-9.55119,12.606426,332.79,0.07,1.0,0.1,0.0,71.0,-5.03175
2024-12-23 04:00:00+00:00,5.3245,-7.0255,-6.0398974,16.248924,164.0475,0.0,0.0,0.0,0.0,3.0,-1.2192498
2024-12-24 04:00:00+00:00,4.2745,1.2745,-0.9229846,12.768586,249.22192,1.2600001,7.0,2.3999999,0.6,73.0,2.4953332
2024-12-25 04:00:00+00:00,3.6745,0.17449999,-0.98039436,6.7469993,79.745346,0.0,0.0,0.0,0.0,3.0,1.8411666
2024-12-26 04:00:00+00:00,8.4745,1.2745,0.6343256,10.474082,71.25525,0.0,0.0,0.0,0.0,3.0,3.7245
2024-12-27 04:00:00+00:00,10.9244995,0.12450001,1.8736706,15.342294,112.97324,0.0,2.0,0.5,0.5,51.0,4.997417
2024-12-28 04:00:00+00:00,16.1245,8.9745,9.878905,16.928614,192.52878,0.0,7.0,1.2,1.2,53.0,11.716167
2024-12-29 04:00:00+00:00,18.5245,8.5245,11.010678,31.575506,162.62279,0.0,6.0,2.5,2.5,61.0,13.516167
2024-12-30 04:00:00+00:00,10.0745,4.6245003,2.6120367,25.842384,245.28328,0.0,6.0,1.9000002,1.9000002,53.0,6.987
2024-12-31 04:00:00+00:00,10.5745,1.4745,2.7842724,15.676542,150.51772,0.42000002,11.0,6.5000005,5.9000006,73.0,5.895334
